Source,Location ID,City,State,Country,Latitude,Longitude,Time Zone,Elevation,Local Time Zone,Clearsky DHI Units,Clearsky DNI Units,Clearsky GHI Units,Dew Point Units,DHI Units,DNI Units,GHI Units,Solar Zenith Angle Units,Temperature Units,Pressure Units,Relative Humidity Units,Precipitable Water Units,Wind Direction Units,Wind Speed Units,Cloud Type -15,Cloud Type 0,Cloud Type 1,Cloud Type 2,Cloud Type 3,Cloud Type 4,Cloud Type 5,Cloud Type 6,Cloud Type 7,Cloud Type 8,Cloud Type 9,Cloud Type 10,Cloud Type 11,Cloud Type 12,Fill Flag 0,Fill Flag 1,Fill Flag 2,Fill Flag 3,Fill Flag 4,Fill Flag 5,Surface Albedo Units,Version
NSRDB,361569,-,-,-,36.06,-114.93,0,628,-8,w/m2,w/m2,w/m2,c,w/m2,w/m2,w/m2,Degree,c,mbar,%,cm,Degrees,m/s,N/A,Clear,Probably Clear,Fog,Water,Super-Cooled Water,Mixed,Opaque Ice,Cirrus,Overlapping,Overshooting,Unknown,Dust,Smoke,N/A,Missing Image,Low Irradiance,Exceeds Clearsky,Missing CLoud Properties,Rayleigh Violation,N/A,4.0.1
Year,Month,Day,Hour,Minute,GHI
2023,1,1,0,0,18
2023,1,1,0,15,6
2023,1,1,0,30,0
2023,1,1,0,45,0
2023,1,1,1,0,0
2023,1,1,1,15,0
2023,1,1,1,30,0
2023,1,1,1,45,0
2023,1,1,2,0,0
2023,1,1,2,15,0
2023,1,1,2,30,0
2023,1,1,2,45,0
2023,1,1,3,0,0
2023,1,1,3,15,0
2023,1,1,3,30,0
2023,1,1,3,45,0
2023,1,1,4,0,0
2023,1,1,4,15,0
2023,1,1,4,30,0
2023,1,1,4,45,0
2023,1,1,5,0,0
2023,1,1,5,15,0
2023,1,1,5,30,0
2023,1,1,5,45,0
2023,1,1,6,0,0
2023,1,1,6,15,0
2023,1,1,6,30,0
2023,1,1,6,45,0
2023,1,1,7,0,0
2023,1,1,7,15,0
2023,1,1,7,30,0
2023,1,1,7,45,0
2023,1,1,8,0,0
2023,1,1,8,15,0
2023,1,1,8,30,0
2023,1,1,8,45,0
2023,1,1,9,0,0
2023,1,1,9,15,0
2023,1,1,9,30,0
2023,1,1,9,45,0
2023,1,1,10,0,0
2023,1,1,10,15,0
2023,1,1,10,30,0
2023,1,1,10,45,0
2023,1,1,11,0,0
2023,1,1,11,15,0
2023,1,1,11,30,0
2023,1,1,11,45,0
2023,1,1,12,0,0
2023,1,1,12,15,0
2023,1,1,12,30,0
2023,1,1,12,45,0
2023,1,1,13,0,0
2023,1,1,13,15,0
2023,1,1,13,30,0
2023,1,1,13,45,0
2023,1,1,14,0,0
2023,1,1,14,15,0
2023,1,1,14,30,0
2023,1,1,14,45,0
2023,1,1,15,0,4
2023,1,1,15,15,16
2023,1,1,15,30,14
2023,1,1,15,45,104
2023,1,1,16,0,84
2023,1,1,16,15,78
2023,1,1,16,30,124
2023,1,1,16,45,238
2023,1,1,17,0,321
2023,1,1,17,15,305
2023,1,1,17,30,397
2023,1,1,17,45,431
2023,1,1,18,0,458
2023,1,1,18,15,116
2023,1,1,18,30,279
2023,1,1,18,45,522
2023,1,1,19,0,535
2023,1,1,19,15,545
2023,1,1,19,30,550
2023,1,1,19,45,552
2023,1,1,20,0,427
2023,1,1,20,15,401
2023,1,1,20,30,445
2023,1,1,20,45,425
2023,1,1,21,0,426
2023,1,1,21,15,304
2023,1,1,21,30,287
2023,1,1,21,45,238
2023,1,1,22,0,213
2023,1,1,22,15,235
2023,1,1,22,30,238
2023,1,1,22,45,81
2023,1,1,23,0,9
2023,1,1,23,15,7
2023,1,1,23,30,3
2023,1,1,23,45,41
2023,1,2,0,0,25
2023,1,2,0,15,18
2023,1,2,0,30,0
2023,1,2,0,45,0
2023,1,2,1,0,0
2023,1,2,1,15,0
2023,1,2,1,30,0
2023,1,2,1,45,0
2023,1,2,2,0,0
2023,1,2,2,15,0
2023,1,2,2,30,0
2023,1,2,2,45,0
2023,1,2,3,0,0
2023,1,2,3,15,0
2023,1,2,3,30,0
2023,1,2,3,45,0
2023,1,2,4,0,0
2023,1,2,4,15,0
2023,1,2,4,30,0
2023,1,2,4,45,0
2023,1,2,5,0,0
2023,1,2,5,15,0
2023,1,2,5,30,0
2023,1,2,5,45,0
2023,1,2,6,0,0
2023,1,2,6,15,0
2023,1,2,6,30,0
2023,1,2,6,45,0
2023,1,2,7,0,0
2023,1,2,7,15,0
2023,1,2,7,30,0
2023,1,2,7,45,0
2023,1,2,8,0,0
2023,1,2,8,15,0
2023,1,2,8,30,0
2023,1,2,8,45,0
2023,1,2,9,0,0
2023,1,2,9,15,0
2023,1,2,9,30,0
2023,1,2,9,45,0
2023,1,2,10,0,0
2023,1,2,10,15,0
2023,1,2,10,30,0
2023,1,2,10,45,0
2023,1,2,11,0,0
2023,1,2,11,15,0
2023,1,2,11,30,0
2023,1,2,11,45,0
2023,1,2,12,0,0
2023,1,2,12,15,0
2023,1,2,12,30,0
2023,1,2,12,45,0
2023,1,2,13,0,0
2023,1,2,13,15,0
2023,1,2,13,30,0
2023,1,2,13,45,0
2023,1,2,14,0,0
2023,1,2,14,15,0
2023,1,2,14,30,0
2023,1,2,14,45,0
2023,1,2,15,0,6
2023,1,2,15,15,25
2023,1,2,15,30,49
2023,1,2,15,45,72
2023,1,2,16,0,101
2023,1,2,16,15,143
2023,1,2,16,30,255
2023,1,2,16,45,296
2023,1,2,17,0,335
2023,1,2,17,15,371
2023,1,2,17,30,405
2023,1,2,17,45,438
2023,1,2,18,0,466
2023,1,2,18,15,491
2023,1,2,18,30,512
2023,1,2,18,45,529
2023,1,2,19,0,543
2023,1,2,19,15,552
2023,1,2,19,30,561
2023,1,2,19,45,563
2023,1,2,20,0,561
2023,1,2,20,15,554
2023,1,2,20,30,544
2023,1,2,20,45,529
2023,1,2,21,0,512
2023,1,2,21,15,490
2023,1,2,21,30,465
2023,1,2,21,45,436
2023,1,2,22,0,404
2023,1,2,22,15,370
2023,1,2,22,30,287
2023,1,2,22,45,242
2023,1,2,23,0,35
2023,1,2,23,15,160
2023,1,2,23,30,135
2023,1,2,23,45,59
2023,1,3,0,0,39
2023,1,3,0,15,21
2023,1,3,0,30,0
2023,1,3,0,45,0
2023,1,3,1,0,0
2023,1,3,1,15,0
2023,1,3,1,30,0
2023,1,3,1,45,0
2023,1,3,2,0,0
2023,1,3,2,15,0
2023,1,3,2,30,0
2023,1,3,2,45,0
2023,1,3,3,0,0
2023,1,3,3,15,0
2023,1,3,3,30,0
2023,1,3,3,45,0
2023,1,3,4,0,0
2023,1,3,4,15,0
2023,1,3,4,30,0
2023,1,3,4,45,0
2023,1,3,5,0,0
2023,1,3,5,15,0
2023,1,3,5,30,0
2023,1,3,5,45,0
2023,1,3,6,0,0
2023,1,3,6,15,0
2023,1,3,6,30,0
2023,1,3,6,45,0
2023,1,3,7,0,0
2023,1,3,7,15,0
2023,1,3,7,30,0
2023,1,3,7,45,0
2023,1,3,8,0,0
2023,1,3,8,15,0
2023,1,3,8,30,0
2023,1,3,8,45,0
2023,1,3,9,0,0
2023,1,3,9,15,0
2023,1,3,9,30,0
2023,1,3,9,45,0
2023,1,3,10,0,0
2023,1,3,10,15,0
2023,1,3,10,30,0
2023,1,3,10,45,0
2023,1,3,11,0,0
2023,1,3,11,15,0
2023,1,3,11,30,0
2023,1,3,11,45,0
2023,1,3,12,0,0
2023,1,3,12,15,0
2023,1,3,12,30,0
2023,1,3,12,45,0
2023,1,3,13,0,0
2023,1,3,13,15,0
2023,1,3,13,30,0
2023,1,3,13,45,0
2023,1,3,14,0,0
2023,1,3,14,15,0
2023,1,3,14,30,0
2023,1,3,14,45,0
2023,1,3,15,0,4
2023,1,3,15,15,11
2023,1,3,15,30,24
2023,1,3,15,45,61
2023,1,3,16,0,83
2023,1,3,16,15,158
2023,1,3,16,30,173
2023,1,3,16,45,197
2023,1,3,17,0,80
2023,1,3,17,15,70
2023,1,3,17,30,100
2023,1,3,17,45,111
2023,1,3,18,0,344
2023,1,3,18,15,184
2023,1,3,18,30,367
2023,1,3,18,45,446
2023,1,3,19,0,343
2023,1,3,19,15,378
2023,1,3,19,30,307
2023,1,3,19,45,393
2023,1,3,20,0,394
2023,1,3,20,15,546
2023,1,3,20,30,535
2023,1,3,20,45,522
2023,1,3,21,0,504
2023,1,3,21,15,458
2023,1,3,21,30,338
2023,1,3,21,45,325
2023,1,3,22,0,308
2023,1,3,22,15,266
2023,1,3,22,30,208
2023,1,3,22,45,171
2023,1,3,23,0,79
2023,1,3,23,15,80
2023,1,3,23,30,146
2023,1,3,23,45,92
2023,1,4,0,0,45
2023,1,4,0,15,26
2023,1,4,0,30,0
2023,1,4,0,45,0
2023,1,4,1,0,0
2023,1,4,1,15,0
2023,1,4,1,30,0
2023,1,4,1,45,0
2023,1,4,2,0,0
2023,1,4,2,15,0
2023,1,4,2,30,0
2023,1,4,2,45,0
2023,1,4,3,0,0
2023,1,4,3,15,0
2023,1,4,3,30,0
2023,1,4,3,45,0
2023,1,4,4,0,0
2023,1,4,4,15,0
2023,1,4,4,30,0
2023,1,4,4,45,0
2023,1,4,5,0,0
2023,1,4,5,15,0
2023,1,4,5,30,0
2023,1,4,5,45,0
2023,1,4,6,0,0
2023,1,4,6,15,0
2023,1,4,6,30,0
2023,1,4,6,45,0
2023,1,4,7,0,0
2023,1,4,7,15,0
2023,1,4,7,30,0
2023,1,4,7,45,0
2023,1,4,8,0,0
2023,1,4,8,15,0
2023,1,4,8,30,0
2023,1,4,8,45,0
2023,1,4,9,0,0
2023,1,4,9,15,0
2023,1,4,9,30,0
2023,1,4,9,45,0
2023,1,4,10,0,0
2023,1,4,10,15,0
2023,1,4,10,30,0
2023,1,4,10,45,0
2023,1,4,11,0,0
2023,1,4,11,15,0
2023,1,4,11,30,0
2023,1,4,11,45,0
2023,1,4,12,0,0
2023,1,4,12,15,0
2023,1,4,12,30,0
2023,1,4,12,45,0
2023,1,4,13,0,0
2023,1,4,13,15,0
2023,1,4,13,30,0
2023,1,4,13,45,0
2023,1,4,14,0,0
2023,1,4,14,15,0
2023,1,4,14,30,0
2023,1,4,14,45,0
2023,1,4,15,0,5
2023,1,4,15,15,15
2023,1,4,15,30,8
2023,1,4,15,45,53
2023,1,4,16,0,118
2023,1,4,16,15,76
2023,1,4,16,30,71
2023,1,4,16,45,164
2023,1,4,17,0,123
2023,1,4,17,15,93
2023,1,4,17,30,145
2023,1,4,17,45,70
2023,1,4,18,0,69
2023,1,4,18,15,108
2023,1,4,18,30,64
2023,1,4,18,45,71
2023,1,4,19,0,123
2023,1,4,19,15,130
2023,1,4,19,30,168
2023,1,4,19,45,330
2023,1,4,20,0,226
2023,1,4,20,15,123
2023,1,4,20,30,165
2023,1,4,20,45,28
2023,1,4,21,0,237
2023,1,4,21,15,62
2023,1,4,21,30,34
2023,1,4,21,45,83
2023,1,4,22,0,76
2023,1,4,22,15,46
2023,1,4,22,30,22
2023,1,4,22,45,5
2023,1,4,23,0,98
2023,1,4,23,15,98
2023,1,4,23,30,3
2023,1,4,23,45,73
2023,1,5,0,0,76
2023,1,5,0,15,15
2023,1,5,0,30,5
2023,1,5,0,45,0
2023,1,5,1,0,0
2023,1,5,1,15,0
2023,1,5,1,30,0
2023,1,5,1,45,0
2023,1,5,2,0,0
2023,1,5,2,15,0
2023,1,5,2,30,0
2023,1,5,2,45,0
2023,1,5,3,0,0
2023,1,5,3,15,0
2023,1,5,3,30,0
2023,1,5,3,45,0
2023,1,5,4,0,0
2023,1,5,4,15,0
2023,1,5,4,30,0
2023,1,5,4,45,0
2023,1,5,5,0,0
2023,1,5,5,15,0
2023,1,5,5,30,0
2023,1,5,5,45,0
2023,1,5,6,0,0
2023,1,5,6,15,0
2023,1,5,6,30,0
2023,1,5,6,45,0
2023,1,5,7,0,0
2023,1,5,7,15,0
2023,1,5,7,30,0
2023,1,5,7,45,0
2023,1,5,8,0,0
2023,1,5,8,15,0
2023,1,5,8,30,0
2023,1,5,8,45,0
2023,1,5,9,0,0
2023,1,5,9,15,0
2023,1,5,9,30,0
2023,1,5,9,45,0
2023,1,5,10,0,0
2023,1,5,10,15,0
2023,1,5,10,30,0
2023,1,5,10,45,0
2023,1,5,11,0,0
2023,1,5,11,15,0
2023,1,5,11,30,0
2023,1,5,11,45,0
2023,1,5,12,0,0
2023,1,5,12,15,0
2023,1,5,12,30,0
2023,1,5,12,45,0
2023,1,5,13,0,0
2023,1,5,13,15,0
2023,1,5,13,30,0
2023,1,5,13,45,0
2023,1,5,14,0,0
2023,1,5,14,15,0
2023,1,5,14,30,0
2023,1,5,14,45,0
2023,1,5,15,0,4
2023,1,5,15,15,16
2023,1,5,15,30,28
2023,1,5,15,45,70
2023,1,5,16,0,128
2023,1,5,16,15,163
2023,1,5,16,30,208
2023,1,5,16,45,180
2023,1,5,17,0,212
2023,1,5,17,15,134
2023,1,5,17,30,21
2023,1,5,17,45,8
2023,1,5,18,0,102
2023,1,5,18,15,301
2023,1,5,18,30,322
2023,1,5,18,45,36
2023,1,5,19,0,260
2023,1,5,19,15,12
2023,1,5,19,30,398
2023,1,5,19,45,61
2023,1,5,20,0,307
2023,1,5,20,15,43
2023,1,5,20,30,9
2023,1,5,20,45,153
2023,1,5,21,0,9
2023,1,5,21,15,399
2023,1,5,21,30,274
2023,1,5,21,45,203
2023,1,5,22,0,44
2023,1,5,22,15,70
2023,1,5,22,30,283
2023,1,5,22,45,156
2023,1,5,23,0,74
2023,1,5,23,15,6
2023,1,5,23,30,4
2023,1,5,23,45,105
2023,1,6,0,0,19
2023,1,6,0,15,16
2023,1,6,0,30,5
2023,1,6,0,45,0
2023,1,6,1,0,0
2023,1,6,1,15,0
2023,1,6,1,30,0
2023,1,6,1,45,0
2023,1,6,2,0,0
2023,1,6,2,15,0
2023,1,6,2,30,0
2023,1,6,2,45,0
2023,1,6,3,0,0
2023,1,6,3,15,0
2023,1,6,3,30,0
2023,1,6,3,45,0
2023,1,6,4,0,0
2023,1,6,4,15,0
2023,1,6,4,30,0
2023,1,6,4,45,0
2023,1,6,5,0,0
2023,1,6,5,15,0
2023,1,6,5,30,0
2023,1,6,5,45,0
2023,1,6,6,0,0
2023,1,6,6,15,0
2023,1,6,6,30,0
2023,1,6,6,45,0
2023,1,6,7,0,0
2023,1,6,7,15,0
2023,1,6,7,30,0
2023,1,6,7,45,0
2023,1,6,8,0,0
2023,1,6,8,15,0
2023,1,6,8,30,0
2023,1,6,8,45,0
2023,1,6,9,0,0
2023,1,6,9,15,0
2023,1,6,9,30,0
2023,1,6,9,45,0
2023,1,6,10,0,0
2023,1,6,10,15,0
2023,1,6,10,30,0
2023,1,6,10,45,0
2023,1,6,11,0,0
2023,1,6,11,15,0
2023,1,6,11,30,0
2023,1,6,11,45,0
2023,1,6,12,0,0
2023,1,6,12,15,0
2023,1,6,12,30,0
2023,1,6,12,45,0
2023,1,6,13,0,0
2023,1,6,13,15,0
2023,1,6,13,30,0
2023,1,6,13,45,0
2023,1,6,14,0,0
2023,1,6,14,15,0
2023,1,6,14,30,0
2023,1,6,14,45,0
2023,1,6,15,0,15
2023,1,6,15,15,45
2023,1,6,15,30,83
2023,1,6,15,45,125
2023,1,6,16,0,168
2023,1,6,16,15,212
2023,1,6,16,30,254
2023,1,6,16,45,296
2023,1,6,17,0,335
2023,1,6,17,15,372
2023,1,6,17,30,406
2023,1,6,17,45,437
2023,1,6,18,0,466
2023,1,6,18,15,490
2023,1,6,18,30,512
2023,1,6,18,45,529
2023,1,6,19,0,543
2023,1,6,19,15,553
2023,1,6,19,30,559
2023,1,6,19,45,562
2023,1,6,20,0,560
2023,1,6,20,15,554
2023,1,6,20,30,544
2023,1,6,20,45,533
2023,1,6,21,0,516
2023,1,6,21,15,495
2023,1,6,21,30,470
2023,1,6,21,45,443
2023,1,6,22,0,411
2023,1,6,22,15,377
2023,1,6,22,30,340
2023,1,6,22,45,301
2023,1,6,23,0,260
2023,1,6,23,15,217
2023,1,6,23,30,174
2023,1,6,23,45,131
2023,1,7,0,0,88
2023,1,7,0,15,49
2023,1,7,0,30,18
2023,1,7,0,45,0
2023,1,7,1,0,0
2023,1,7,1,15,0
2023,1,7,1,30,0
2023,1,7,1,45,0
2023,1,7,2,0,0
2023,1,7,2,15,0
2023,1,7,2,30,0
2023,1,7,2,45,0
2023,1,7,3,0,0
2023,1,7,3,15,0
2023,1,7,3,30,0
2023,1,7,3,45,0
2023,1,7,4,0,0
2023,1,7,4,15,0
2023,1,7,4,30,0
2023,1,7,4,45,0
2023,1,7,5,0,0
2023,1,7,5,15,0
2023,1,7,5,30,0
2023,1,7,5,45,0
2023,1,7,6,0,0
2023,1,7,6,15,0
2023,1,7,6,30,0
2023,1,7,6,45,0
2023,1,7,7,0,0
2023,1,7,7,15,0
2023,1,7,7,30,0
2023,1,7,7,45,0
2023,1,7,8,0,0
2023,1,7,8,15,0
2023,1,7,8,30,0
2023,1,7,8,45,0
2023,1,7,9,0,0
2023,1,7,9,15,0
2023,1,7,9,30,0
2023,1,7,9,45,0
2023,1,7,10,0,0
2023,1,7,10,15,0
2023,1,7,10,30,0
2023,1,7,10,45,0
2023,1,7,11,0,0
2023,1,7,11,15,0
2023,1,7,11,30,0
2023,1,7,11,45,0
2023,1,7,12,0,0
2023,1,7,12,15,0
2023,1,7,12,30,0
2023,1,7,12,45,0
2023,1,7,13,0,0
2023,1,7,13,15,0
2023,1,7,13,30,0
2023,1,7,13,45,0
2023,1,7,14,0,0
2023,1,7,14,15,0
2023,1,7,14,30,0
2023,1,7,14,45,0
2023,1,7,15,0,16
2023,1,7,15,15,47
2023,1,7,15,30,86
2023,1,7,15,45,129
2023,1,7,16,0,173
2023,1,7,16,15,189
2023,1,7,16,30,261
2023,1,7,16,45,270
2023,1,7,17,0,343
2023,1,7,17,15,381
2023,1,7,17,30,333
2023,1,7,17,45,315
2023,1,7,18,0,119
2023,1,7,18,15,416
2023,1,7,18,30,416
2023,1,7,18,45,487
2023,1,7,19,0,474
2023,1,7,19,15,340
2023,1,7,19,30,333
2023,1,7,19,45,423
2023,1,7,20,0,462
2023,1,7,20,15,419
2023,1,7,20,30,365
2023,1,7,20,45,290
2023,1,7,21,0,184
2023,1,7,21,15,285
2023,1,7,21,30,227
2023,1,7,21,45,143
2023,1,7,22,0,338
2023,1,7,22,15,214
2023,1,7,22,30,258
2023,1,7,22,45,131
2023,1,7,23,0,5
2023,1,7,23,15,68
2023,1,7,23,30,123
2023,1,7,23,45,73
2023,1,8,0,0,63
2023,1,8,0,15,34
2023,1,8,0,30,11
2023,1,8,0,45,0
2023,1,8,1,0,0
2023,1,8,1,15,0
2023,1,8,1,30,0
2023,1,8,1,45,0
2023,1,8,2,0,0
2023,1,8,2,15,0
2023,1,8,2,30,0
2023,1,8,2,45,0
2023,1,8,3,0,0
2023,1,8,3,15,0
2023,1,8,3,30,0
2023,1,8,3,45,0
2023,1,8,4,0,0
2023,1,8,4,15,0
2023,1,8,4,30,0
2023,1,8,4,45,0
2023,1,8,5,0,0
2023,1,8,5,15,0
2023,1,8,5,30,0
2023,1,8,5,45,0
2023,1,8,6,0,0
2023,1,8,6,15,0
2023,1,8,6,30,0
2023,1,8,6,45,0
2023,1,8,7,0,0
2023,1,8,7,15,0
2023,1,8,7,30,0
2023,1,8,7,45,0
2023,1,8,8,0,0
2023,1,8,8,15,0
2023,1,8,8,30,0
2023,1,8,8,45,0
2023,1,8,9,0,0
2023,1,8,9,15,0
2023,1,8,9,30,0
2023,1,8,9,45,0
2023,1,8,10,0,0
2023,1,8,10,15,0
2023,1,8,10,30,0
2023,1,8,10,45,0
2023,1,8,11,0,0
2023,1,8,11,15,0
2023,1,8,11,30,0
2023,1,8,11,45,0
2023,1,8,12,0,0
2023,1,8,12,15,0
2023,1,8,12,30,0
2023,1,8,12,45,0
2023,1,8,13,0,0
2023,1,8,13,15,0
2023,1,8,13,30,0
2023,1,8,13,45,0
2023,1,8,14,0,0
2023,1,8,14,15,0
2023,1,8,14,30,0
2023,1,8,14,45,0
2023,1,8,15,0,6
2023,1,8,15,15,28
2023,1,8,15,30,53
2023,1,8,15,45,123
2023,1,8,16,0,166
2023,1,8,16,15,181
2023,1,8,16,30,236
2023,1,8,16,45,246
2023,1,8,17,0,291
2023,1,8,17,15,361
2023,1,8,17,30,293
2023,1,8,17,45,303
2023,1,8,18,0,352
2023,1,8,18,15,365
2023,1,8,18,30,327
2023,1,8,18,45,265
2023,1,8,19,0,211
2023,1,8,19,15,266
2023,1,8,19,30,286
2023,1,8,19,45,286
2023,1,8,20,0,260
2023,1,8,20,15,412
2023,1,8,20,30,545
2023,1,8,20,45,455
2023,1,8,21,0,427
2023,1,8,21,15,345
2023,1,8,21,30,387
2023,1,8,21,45,443
2023,1,8,22,0,412
2023,1,8,22,15,378
2023,1,8,22,30,342
2023,1,8,22,45,303
2023,1,8,23,0,262
2023,1,8,23,15,220
2023,1,8,23,30,177
2023,1,8,23,45,116
2023,1,9,0,0,91
2023,1,9,0,15,36
2023,1,9,0,30,12
2023,1,9,0,45,0
2023,1,9,1,0,0
2023,1,9,1,15,0
2023,1,9,1,30,0
2023,1,9,1,45,0
2023,1,9,2,0,0
2023,1,9,2,15,0
2023,1,9,2,30,0
2023,1,9,2,45,0
2023,1,9,3,0,0
2023,1,9,3,15,0
2023,1,9,3,30,0
2023,1,9,3,45,0
2023,1,9,4,0,0
2023,1,9,4,15,0
2023,1,9,4,30,0
2023,1,9,4,45,0
2023,1,9,5,0,0
2023,1,9,5,15,0
2023,1,9,5,30,0
2023,1,9,5,45,0
2023,1,9,6,0,0
2023,1,9,6,15,0
2023,1,9,6,30,0
2023,1,9,6,45,0
2023,1,9,7,0,0
2023,1,9,7,15,0
2023,1,9,7,30,0
2023,1,9,7,45,0
2023,1,9,8,0,0
2023,1,9,8,15,0
2023,1,9,8,30,0
2023,1,9,8,45,0
2023,1,9,9,0,0
2023,1,9,9,15,0
2023,1,9,9,30,0
2023,1,9,9,45,0
2023,1,9,10,0,0
2023,1,9,10,15,0
2023,1,9,10,30,0
2023,1,9,10,45,0
2023,1,9,11,0,0
2023,1,9,11,15,0
2023,1,9,11,30,0
2023,1,9,11,45,0
2023,1,9,12,0,0
2023,1,9,12,15,0
2023,1,9,12,30,0
2023,1,9,12,45,0
2023,1,9,13,0,0
2023,1,9,13,15,0
2023,1,9,13,30,0
2023,1,9,13,45,0
2023,1,9,14,0,0
2023,1,9,14,15,0
2023,1,9,14,30,0
2023,1,9,14,45,0
2023,1,9,15,0,4
2023,1,9,15,15,16
2023,1,9,15,30,30
2023,1,9,15,45,79
2023,1,9,16,0,50
2023,1,9,16,15,23
2023,1,9,16,30,25
2023,1,9,16,45,22
2023,1,9,17,0,168
2023,1,9,17,15,192
2023,1,9,17,30,310
2023,1,9,17,45,162
2023,1,9,18,0,321
2023,1,9,18,15,332
2023,1,9,18,30,374
2023,1,9,18,45,294
2023,1,9,19,0,219
2023,1,9,19,15,352
2023,1,9,19,30,381
2023,1,9,19,45,335
2023,1,9,20,0,327
2023,1,9,20,15,417
2023,1,9,20,30,405
2023,1,9,20,45,268
2023,1,9,21,0,344
2023,1,9,21,15,159
2023,1,9,21,30,345
2023,1,9,21,45,122
2023,1,9,22,0,165
2023,1,9,22,15,157
2023,1,9,22,30,131
2023,1,9,22,45,184
2023,1,9,23,0,149
2023,1,9,23,15,84
2023,1,9,23,30,16
2023,1,9,23,45,3
2023,1,10,0,0,16
2023,1,10,0,15,10
2023,1,10,0,30,7
2023,1,10,0,45,0
2023,1,10,1,0,0
2023,1,10,1,15,0
2023,1,10,1,30,0
2023,1,10,1,45,0
2023,1,10,2,0,0
2023,1,10,2,15,0
2023,1,10,2,30,0
2023,1,10,2,45,0
2023,1,10,3,0,0
2023,1,10,3,15,0
2023,1,10,3,30,0
2023,1,10,3,45,0
2023,1,10,4,0,0
2023,1,10,4,15,0
2023,1,10,4,30,0
2023,1,10,4,45,0
2023,1,10,5,0,0
2023,1,10,5,15,0
2023,1,10,5,30,0
2023,1,10,5,45,0
2023,1,10,6,0,0
2023,1,10,6,15,0
2023,1,10,6,30,0
2023,1,10,6,45,0
2023,1,10,7,0,0
2023,1,10,7,15,0
2023,1,10,7,30,0
2023,1,10,7,45,0
2023,1,10,8,0,0
2023,1,10,8,15,0
2023,1,10,8,30,0
2023,1,10,8,45,0
2023,1,10,9,0,0
2023,1,10,9,15,0
2023,1,10,9,30,0
2023,1,10,9,45,0
2023,1,10,10,0,0
2023,1,10,10,15,0
2023,1,10,10,30,0
2023,1,10,10,45,0
2023,1,10,11,0,0
2023,1,10,11,15,0
2023,1,10,11,30,0
2023,1,10,11,45,0
2023,1,10,12,0,0
2023,1,10,12,15,0
2023,1,10,12,30,0
2023,1,10,12,45,0
2023,1,10,13,0,0
2023,1,10,13,15,0
2023,1,10,13,30,0
2023,1,10,13,45,0
2023,1,10,14,0,0
2023,1,10,14,15,0
2023,1,10,14,30,0
2023,1,10,14,45,0
2023,1,10,15,0,7
2023,1,10,15,15,22
2023,1,10,15,30,42
2023,1,10,15,45,94
2023,1,10,16,0,127
2023,1,10,16,15,203
2023,1,10,16,30,155
2023,1,10,16,45,206
2023,1,10,17,0,161
2023,1,10,17,15,256
2023,1,10,17,30,368
2023,1,10,17,45,281
2023,1,10,18,0,196
2023,1,10,18,15,481
2023,1,10,18,30,507
2023,1,10,18,45,522
2023,1,10,19,0,536
2023,1,10,19,15,545
2023,1,10,19,30,551
2023,1,10,19,45,338
2023,1,10,20,0,344
2023,1,10,20,15,359
2023,1,10,20,30,449
2023,1,10,20,45,355
2023,1,10,21,0,56
2023,1,10,21,15,10
2023,1,10,21,30,87
2023,1,10,21,45,37
2023,1,10,22,0,239
2023,1,10,22,15,7
2023,1,10,22,30,7
2023,1,10,22,45,6
2023,1,10,23,0,86
2023,1,10,23,15,4
2023,1,10,23,30,4
2023,1,10,23,45,3
2023,1,11,0,0,41
2023,1,11,0,15,14
2023,1,11,0,30,12
2023,1,11,0,45,0
2023,1,11,1,0,0
2023,1,11,1,15,0
2023,1,11,1,30,0
2023,1,11,1,45,0
2023,1,11,2,0,0
2023,1,11,2,15,0
2023,1,11,2,30,0
2023,1,11,2,45,0
2023,1,11,3,0,0
2023,1,11,3,15,0
2023,1,11,3,30,0
2023,1,11,3,45,0
2023,1,11,4,0,0
2023,1,11,4,15,0
2023,1,11,4,30,0
2023,1,11,4,45,0
2023,1,11,5,0,0
2023,1,11,5,15,0
2023,1,11,5,30,0
2023,1,11,5,45,0
2023,1,11,6,0,0
2023,1,11,6,15,0
2023,1,11,6,30,0
2023,1,11,6,45,0
2023,1,11,7,0,0
2023,1,11,7,15,0
2023,1,11,7,30,0
2023,1,11,7,45,0
2023,1,11,8,0,0
2023,1,11,8,15,0
2023,1,11,8,30,0
2023,1,11,8,45,0
2023,1,11,9,0,0
2023,1,11,9,15,0
2023,1,11,9,30,0
2023,1,11,9,45,0
2023,1,11,10,0,0
2023,1,11,10,15,0
2023,1,11,10,30,0
2023,1,11,10,45,0
2023,1,11,11,0,0
2023,1,11,11,15,0
2023,1,11,11,30,0
2023,1,11,11,45,0
2023,1,11,12,0,0
2023,1,11,12,15,0
2023,1,11,12,30,0
2023,1,11,12,45,0
2023,1,11,13,0,0
2023,1,11,13,15,0
2023,1,11,13,30,0
2023,1,11,13,45,0
2023,1,11,14,0,0
2023,1,11,14,15,0
2023,1,11,14,30,0
2023,1,11,14,45,0
2023,1,11,15,0,16
2023,1,11,15,15,22
2023,1,11,15,30,41
2023,1,11,15,45,126
2023,1,11,16,0,170
2023,1,11,16,15,214
2023,1,11,16,30,257
2023,1,11,16,45,299
2023,1,11,17,0,339
2023,1,11,17,15,376
2023,1,11,17,30,411
2023,1,11,17,45,435
2023,1,11,18,0,433
2023,1,11,18,15,495
2023,1,11,18,30,516
2023,1,11,18,45,535
2023,1,11,19,0,492
2023,1,11,19,15,495
2023,1,11,19,30,498
2023,1,11,19,45,569
2023,1,11,20,0,568
2023,1,11,20,15,563
2023,1,11,20,30,554
2023,1,11,20,45,541
2023,1,11,21,0,524
2023,1,11,21,15,504
2023,1,11,21,30,478
2023,1,11,21,45,372
2023,1,11,22,0,352
2023,1,11,22,15,337
2023,1,11,22,30,305
2023,1,11,22,45,265
2023,1,11,23,0,210
2023,1,11,23,15,177
2023,1,11,23,30,149
2023,1,11,23,45,110
2023,1,12,0,0,58
2023,1,12,0,15,37
2023,1,12,0,30,16
2023,1,12,0,45,0
2023,1,12,1,0,0
2023,1,12,1,15,0
2023,1,12,1,30,0
2023,1,12,1,45,0
2023,1,12,2,0,0
2023,1,12,2,15,0
2023,1,12,2,30,0
2023,1,12,2,45,0
2023,1,12,3,0,0
2023,1,12,3,15,0
2023,1,12,3,30,0
2023,1,12,3,45,0
2023,1,12,4,0,0
2023,1,12,4,15,0
2023,1,12,4,30,0
2023,1,12,4,45,0
2023,1,12,5,0,0
2023,1,12,5,15,0
2023,1,12,5,30,0
2023,1,12,5,45,0
2023,1,12,6,0,0
2023,1,12,6,15,0
2023,1,12,6,30,0
2023,1,12,6,45,0
2023,1,12,7,0,0
2023,1,12,7,15,0
2023,1,12,7,30,0
2023,1,12,7,45,0
2023,1,12,8,0,0
2023,1,12,8,15,0
2023,1,12,8,30,0
2023,1,12,8,45,0
2023,1,12,9,0,0
2023,1,12,9,15,0
2023,1,12,9,30,0
2023,1,12,9,45,0
2023,1,12,10,0,0
2023,1,12,10,15,0
2023,1,12,10,30,0
2023,1,12,10,45,0
2023,1,12,11,0,0
2023,1,12,11,15,0
2023,1,12,11,30,0
2023,1,12,11,45,0
2023,1,12,12,0,0
2023,1,12,12,15,0
2023,1,12,12,30,0
2023,1,12,12,45,0
2023,1,12,13,0,0
2023,1,12,13,15,0
2023,1,12,13,30,0
2023,1,12,13,45,0
2023,1,12,14,0,0
2023,1,12,14,15,0
2023,1,12,14,30,0
2023,1,12,14,45,0
2023,1,12,15,0,17
2023,1,12,15,15,47
2023,1,12,15,30,85
2023,1,12,15,45,116
2023,1,12,16,0,164
2023,1,12,16,15,216
2023,1,12,16,30,259
2023,1,12,16,45,301
2023,1,12,17,0,342
2023,1,12,17,15,380
2023,1,12,17,30,415
2023,1,12,17,45,447
2023,1,12,18,0,476
2023,1,12,18,15,502
2023,1,12,18,30,524
2023,1,12,18,45,543
2023,1,12,19,0,557
2023,1,12,19,15,568
2023,1,12,19,30,575
2023,1,12,19,45,575
2023,1,12,20,0,574
2023,1,12,20,15,432
2023,1,12,20,30,476
2023,1,12,20,45,451
2023,1,12,21,0,423
2023,1,12,21,15,404
2023,1,12,21,30,381
2023,1,12,21,45,354
2023,1,12,22,0,303
2023,1,12,22,15,280
2023,1,12,22,30,294
2023,1,12,22,45,235
2023,1,12,23,0,202
2023,1,12,23,15,183
2023,1,12,23,30,148
2023,1,12,23,45,118
2023,1,13,0,0,66
2023,1,13,0,15,35
2023,1,13,0,30,15
2023,1,13,0,45,0
2023,1,13,1,0,0
2023,1,13,1,15,0
2023,1,13,1,30,0
2023,1,13,1,45,0
2023,1,13,2,0,0
2023,1,13,2,15,0
2023,1,13,2,30,0
2023,1,13,2,45,0
2023,1,13,3,0,0
2023,1,13,3,15,0
2023,1,13,3,30,0
2023,1,13,3,45,0
2023,1,13,4,0,0
2023,1,13,4,15,0
2023,1,13,4,30,0
2023,1,13,4,45,0
2023,1,13,5,0,0
2023,1,13,5,15,0
2023,1,13,5,30,0
2023,1,13,5,45,0
2023,1,13,6,0,0
2023,1,13,6,15,0
2023,1,13,6,30,0
2023,1,13,6,45,0
2023,1,13,7,0,0
2023,1,13,7,15,0
2023,1,13,7,30,0
2023,1,13,7,45,0
2023,1,13,8,0,0
2023,1,13,8,15,0
2023,1,13,8,30,0
2023,1,13,8,45,0
2023,1,13,9,0,0
2023,1,13,9,15,0
2023,1,13,9,30,0
2023,1,13,9,45,0
2023,1,13,10,0,0
2023,1,13,10,15,0
2023,1,13,10,30,0
2023,1,13,10,45,0
2023,1,13,11,0,0
2023,1,13,11,15,0
2023,1,13,11,30,0
2023,1,13,11,45,0
2023,1,13,12,0,0
2023,1,13,12,15,0
2023,1,13,12,30,0
2023,1,13,12,45,0
2023,1,13,13,0,0
2023,1,13,13,15,0
2023,1,13,13,30,0
2023,1,13,13,45,0
2023,1,13,14,0,0
2023,1,13,14,15,0
2023,1,13,14,30,0
2023,1,13,14,45,0
2023,1,13,15,0,8
2023,1,13,15,15,30
2023,1,13,15,30,52
2023,1,13,15,45,123
2023,1,13,16,0,166
2023,1,13,16,15,209
2023,1,13,16,30,217
2023,1,13,16,45,297
2023,1,13,17,0,318
2023,1,13,17,15,334
2023,1,13,17,30,376
2023,1,13,17,45,404
2023,1,13,18,0,403
2023,1,13,18,15,462
2023,1,13,18,30,436
2023,1,13,18,45,443
2023,1,13,19,0,458
2023,1,13,19,15,419
2023,1,13,19,30,457
2023,1,13,19,45,452
2023,1,13,20,0,439
2023,1,13,20,15,436
2023,1,13,20,30,433
2023,1,13,20,45,358
2023,1,13,21,0,347
2023,1,13,21,15,290
2023,1,13,21,30,318
2023,1,13,21,45,329
2023,1,13,22,0,298
2023,1,13,22,15,236
2023,1,13,22,30,207
2023,1,13,22,45,197
2023,1,13,23,0,187
2023,1,13,23,15,121
2023,1,13,23,30,94
2023,1,13,23,45,55
2023,1,14,0,0,45
2023,1,14,0,15,27
2023,1,14,0,30,15
2023,1,14,0,45,0
2023,1,14,1,0,0
2023,1,14,1,15,0
2023,1,14,1,30,0
2023,1,14,1,45,0
2023,1,14,2,0,0
2023,1,14,2,15,0
2023,1,14,2,30,0
2023,1,14,2,45,0
2023,1,14,3,0,0
2023,1,14,3,15,0
2023,1,14,3,30,0
2023,1,14,3,45,0
2023,1,14,4,0,0
2023,1,14,4,15,0
2023,1,14,4,30,0
2023,1,14,4,45,0
2023,1,14,5,0,0
2023,1,14,5,15,0
2023,1,14,5,30,0
2023,1,14,5,45,0
2023,1,14,6,0,0
2023,1,14,6,15,0
2023,1,14,6,30,0
2023,1,14,6,45,0
2023,1,14,7,0,0
2023,1,14,7,15,0
2023,1,14,7,30,0
2023,1,14,7,45,0
2023,1,14,8,0,0
2023,1,14,8,15,0
2023,1,14,8,30,0
2023,1,14,8,45,0
2023,1,14,9,0,0
2023,1,14,9,15,0
2023,1,14,9,30,0
2023,1,14,9,45,0
2023,1,14,10,0,0
2023,1,14,10,15,0
2023,1,14,10,30,0
2023,1,14,10,45,0
2023,1,14,11,0,0
2023,1,14,11,15,0
2023,1,14,11,30,0
2023,1,14,11,45,0
2023,1,14,12,0,0
2023,1,14,12,15,0
2023,1,14,12,30,0
2023,1,14,12,45,0
2023,1,14,13,0,0
2023,1,14,13,15,0
2023,1,14,13,30,0
2023,1,14,13,45,0
2023,1,14,14,0,0
2023,1,14,14,15,0
2023,1,14,14,30,0
2023,1,14,14,45,0
2023,1,14,15,0,5
2023,1,14,15,15,17
2023,1,14,15,30,32
2023,1,14,15,45,92
2023,1,14,16,0,163
2023,1,14,16,15,61
2023,1,14,16,30,136
2023,1,14,16,45,72
2023,1,14,17,0,224
2023,1,14,17,15,286
2023,1,14,17,30,140
2023,1,14,17,45,80
2023,1,14,18,0,165
2023,1,14,18,15,259
2023,1,14,18,30,174
2023,1,14,18,45,126
2023,1,14,19,0,204
2023,1,14,19,15,183
2023,1,14,19,30,264
2023,1,14,19,45,95
2023,1,14,20,0,138
2023,1,14,20,15,116
2023,1,14,20,30,63
2023,1,14,20,45,219
2023,1,14,21,0,50
2023,1,14,21,15,141
2023,1,14,21,30,288
2023,1,14,21,45,208
2023,1,14,22,0,163
2023,1,14,22,15,50
2023,1,14,22,30,67
2023,1,14,22,45,72
2023,1,14,23,0,78
2023,1,14,23,15,24
2023,1,14,23,30,7
2023,1,14,23,45,49
2023,1,15,0,0,8
2023,1,15,0,15,23
2023,1,15,0,30,7
2023,1,15,0,45,0
2023,1,15,1,0,0
2023,1,15,1,15,0
2023,1,15,1,30,0
2023,1,15,1,45,0
2023,1,15,2,0,0
2023,1,15,2,15,0
2023,1,15,2,30,0
2023,1,15,2,45,0
2023,1,15,3,0,0
2023,1,15,3,15,0
2023,1,15,3,30,0
2023,1,15,3,45,0
2023,1,15,4,0,0
2023,1,15,4,15,0
2023,1,15,4,30,0
2023,1,15,4,45,0
2023,1,15,5,0,0
2023,1,15,5,15,0
2023,1,15,5,30,0
2023,1,15,5,45,0
2023,1,15,6,0,0
2023,1,15,6,15,0
2023,1,15,6,30,0
2023,1,15,6,45,0
2023,1,15,7,0,0
2023,1,15,7,15,0
2023,1,15,7,30,0
2023,1,15,7,45,0
2023,1,15,8,0,0
2023,1,15,8,15,0
2023,1,15,8,30,0
2023,1,15,8,45,0
2023,1,15,9,0,0
2023,1,15,9,15,0
2023,1,15,9,30,0
2023,1,15,9,45,0
2023,1,15,10,0,0
2023,1,15,10,15,0
2023,1,15,10,30,0
2023,1,15,10,45,0
2023,1,15,11,0,0
2023,1,15,11,15,0
2023,1,15,11,30,0
2023,1,15,11,45,0
2023,1,15,12,0,0
2023,1,15,12,15,0
2023,1,15,12,30,0
2023,1,15,12,45,0
2023,1,15,13,0,0
2023,1,15,13,15,0
2023,1,15,13,30,0
2023,1,15,13,45,0
2023,1,15,14,0,0
2023,1,15,14,15,0
2023,1,15,14,30,0
2023,1,15,14,45,0
2023,1,15,15,0,17
2023,1,15,15,15,48
2023,1,15,15,30,49
2023,1,15,15,45,120
2023,1,15,16,0,170
2023,1,15,16,15,217
2023,1,15,16,30,251
2023,1,15,16,45,254
2023,1,15,17,0,301
2023,1,15,17,15,282
2023,1,15,17,30,376
2023,1,15,17,45,393
2023,1,15,18,0,415
2023,1,15,18,15,437
2023,1,15,18,30,424
2023,1,15,18,45,423
2023,1,15,19,0,430
2023,1,15,19,15,454
2023,1,15,19,30,469
2023,1,15,19,45,450
2023,1,15,20,0,450
2023,1,15,20,15,448
2023,1,15,20,30,438
2023,1,15,20,45,426
2023,1,15,21,0,384
2023,1,15,21,15,384
2023,1,15,21,30,338
2023,1,15,21,45,324
2023,1,15,22,0,293
2023,1,15,22,15,270
2023,1,15,22,30,246
2023,1,15,22,45,179
2023,1,15,23,0,134
2023,1,15,23,15,132
2023,1,15,23,30,87
2023,1,15,23,45,79
2023,1,16,0,0,42
2023,1,16,0,15,28
2023,1,16,0,30,17
2023,1,16,0,45,0
2023,1,16,1,0,0
2023,1,16,1,15,0
2023,1,16,1,30,0
2023,1,16,1,45,0
2023,1,16,2,0,0
2023,1,16,2,15,0
2023,1,16,2,30,0
2023,1,16,2,45,0
2023,1,16,3,0,0
2023,1,16,3,15,0
2023,1,16,3,30,0
2023,1,16,3,45,0
2023,1,16,4,0,0
2023,1,16,4,15,0
2023,1,16,4,30,0
2023,1,16,4,45,0
2023,1,16,5,0,0
2023,1,16,5,15,0
2023,1,16,5,30,0
2023,1,16,5,45,0
2023,1,16,6,0,0
2023,1,16,6,15,0
2023,1,16,6,30,0
2023,1,16,6,45,0
2023,1,16,7,0,0
2023,1,16,7,15,0
2023,1,16,7,30,0
2023,1,16,7,45,0
2023,1,16,8,0,0
2023,1,16,8,15,0
2023,1,16,8,30,0
2023,1,16,8,45,0
2023,1,16,9,0,0
2023,1,16,9,15,0
2023,1,16,9,30,0
2023,1,16,9,45,0
2023,1,16,10,0,0
2023,1,16,10,15,0
2023,1,16,10,30,0
2023,1,16,10,45,0
2023,1,16,11,0,0
2023,1,16,11,15,0
2023,1,16,11,30,0
2023,1,16,11,45,0
2023,1,16,12,0,0
2023,1,16,12,15,0
2023,1,16,12,30,0
2023,1,16,12,45,0
2023,1,16,13,0,0
2023,1,16,13,15,0
2023,1,16,13,30,0
2023,1,16,13,45,0
2023,1,16,14,0,0
2023,1,16,14,15,0
2023,1,16,14,30,0
2023,1,16,14,45,0
2023,1,16,15,0,5
2023,1,16,15,15,15
2023,1,16,15,30,29
2023,1,16,15,45,59
2023,1,16,16,0,6
2023,1,16,16,15,12
2023,1,16,16,30,87
2023,1,16,16,45,98
2023,1,16,17,0,263
2023,1,16,17,15,375
2023,1,16,17,30,410
2023,1,16,17,45,442
2023,1,16,18,0,472
2023,1,16,18,15,498
2023,1,16,18,30,520
2023,1,16,18,45,538
2023,1,16,19,0,555
2023,1,16,19,15,412
2023,1,16,19,30,161
2023,1,16,19,45,28
2023,1,16,20,0,173
2023,1,16,20,15,13
2023,1,16,20,30,12
2023,1,16,20,45,11
2023,1,16,21,0,13
2023,1,16,21,15,46
2023,1,16,21,30,456
2023,1,16,21,45,462
2023,1,16,22,0,434
2023,1,16,22,15,400
2023,1,16,22,30,363
2023,1,16,22,45,326
2023,1,16,23,0,284
2023,1,16,23,15,241
2023,1,16,23,30,197
2023,1,16,23,45,153
2023,1,17,0,0,109
2023,1,17,0,15,68
2023,1,17,0,30,33
2023,1,17,0,45,0
2023,1,17,1,0,0
2023,1,17,1,15,0
2023,1,17,1,30,0
2023,1,17,1,45,0
2023,1,17,2,0,0
2023,1,17,2,15,0
2023,1,17,2,30,0
2023,1,17,2,45,0
2023,1,17,3,0,0
2023,1,17,3,15,0
2023,1,17,3,30,0
2023,1,17,3,45,0
2023,1,17,4,0,0
2023,1,17,4,15,0
2023,1,17,4,30,0
2023,1,17,4,45,0
2023,1,17,5,0,0
2023,1,17,5,15,0
2023,1,17,5,30,0
2023,1,17,5,45,0
2023,1,17,6,0,0
2023,1,17,6,15,0
2023,1,17,6,30,0
2023,1,17,6,45,0
2023,1,17,7,0,0
2023,1,17,7,15,0
2023,1,17,7,30,0
2023,1,17,7,45,0
2023,1,17,8,0,0
2023,1,17,8,15,0
2023,1,17,8,30,0
2023,1,17,8,45,0
2023,1,17,9,0,0
2023,1,17,9,15,0
2023,1,17,9,30,0
2023,1,17,9,45,0
2023,1,17,10,0,0
2023,1,17,10,15,0
2023,1,17,10,30,0
2023,1,17,10,45,0
2023,1,17,11,0,0
2023,1,17,11,15,0
2023,1,17,11,30,0
2023,1,17,11,45,0
2023,1,17,12,0,0
2023,1,17,12,15,0
2023,1,17,12,30,0
2023,1,17,12,45,0
2023,1,17,13,0,0
2023,1,17,13,15,0
2023,1,17,13,30,0
2023,1,17,13,45,0
2023,1,17,14,0,0
2023,1,17,14,15,0
2023,1,17,14,30,0
2023,1,17,14,45,0
2023,1,17,15,0,17
2023,1,17,15,15,48
2023,1,17,15,30,87
2023,1,17,15,45,130
2023,1,17,16,0,174
2023,1,17,16,15,219
2023,1,17,16,30,247
2023,1,17,16,45,236
2023,1,17,17,0,253
2023,1,17,17,15,138
2023,1,17,17,30,168
2023,1,17,17,45,158
2023,1,17,18,0,326
2023,1,17,18,15,361
2023,1,17,18,30,476
2023,1,17,18,45,362
2023,1,17,19,0,265
2023,1,17,19,15,179
2023,1,17,19,30,197
2023,1,17,19,45,317
2023,1,17,20,0,171
2023,1,17,20,15,164
2023,1,17,20,30,229
2023,1,17,20,45,254
2023,1,17,21,0,153
2023,1,17,21,15,170
2023,1,17,21,30,250
2023,1,17,21,45,360
2023,1,17,22,0,255
2023,1,17,22,15,260
2023,1,17,22,30,331
2023,1,17,22,45,236
2023,1,17,23,0,260
2023,1,17,23,15,220
2023,1,17,23,30,174
2023,1,17,23,45,139
2023,1,18,0,0,60
2023,1,18,0,15,20
2023,1,18,0,30,17
2023,1,18,0,45,0
2023,1,18,1,0,0
2023,1,18,1,15,0
2023,1,18,1,30,0
2023,1,18,1,45,0
2023,1,18,2,0,0
2023,1,18,2,15,0
2023,1,18,2,30,0
2023,1,18,2,45,0
2023,1,18,3,0,0
2023,1,18,3,15,0
2023,1,18,3,30,0
2023,1,18,3,45,0
2023,1,18,4,0,0
2023,1,18,4,15,0
2023,1,18,4,30,0
2023,1,18,4,45,0
2023,1,18,5,0,0
2023,1,18,5,15,0
2023,1,18,5,30,0
2023,1,18,5,45,0
2023,1,18,6,0,0
2023,1,18,6,15,0
2023,1,18,6,30,0
2023,1,18,6,45,0
2023,1,18,7,0,0
2023,1,18,7,15,0
2023,1,18,7,30,0
2023,1,18,7,45,0
2023,1,18,8,0,0
2023,1,18,8,15,0
2023,1,18,8,30,0
2023,1,18,8,45,0
2023,1,18,9,0,0
2023,1,18,9,15,0
2023,1,18,9,30,0
2023,1,18,9,45,0
2023,1,18,10,0,0
2023,1,18,10,15,0
2023,1,18,10,30,0
2023,1,18,10,45,0
2023,1,18,11,0,0
2023,1,18,11,15,0
2023,1,18,11,30,0
2023,1,18,11,45,0
2023,1,18,12,0,0
2023,1,18,12,15,0
2023,1,18,12,30,0
2023,1,18,12,45,0
2023,1,18,13,0,0
2023,1,18,13,15,0
2023,1,18,13,30,0
2023,1,18,13,45,0
2023,1,18,14,0,0
2023,1,18,14,15,0
2023,1,18,14,30,0
2023,1,18,14,45,0
2023,1,18,15,0,19
2023,1,18,15,15,52
2023,1,18,15,30,93
2023,1,18,15,45,137
2023,1,18,16,0,183
2023,1,18,16,15,229
2023,1,18,16,30,274
2023,1,18,16,45,318
2023,1,18,17,0,359
2023,1,18,17,15,398
2023,1,18,17,30,438
2023,1,18,17,45,472
2023,1,18,18,0,502
2023,1,18,18,15,529
2023,1,18,18,30,552
2023,1,18,18,45,572
2023,1,18,19,0,587
2023,1,18,19,15,599
2023,1,18,19,30,607
2023,1,18,19,45,610
2023,1,18,20,0,609
2023,1,18,20,15,605
2023,1,18,20,30,596
2023,1,18,20,45,583
2023,1,18,21,0,566
2023,1,18,21,15,545
2023,1,18,21,30,521
2023,1,18,21,45,493
2023,1,18,22,0,462
2023,1,18,22,15,427
2023,1,18,22,30,390
2023,1,18,22,45,349
2023,1,18,23,0,307
2023,1,18,23,15,263
2023,1,18,23,30,217
2023,1,18,23,45,171
2023,1,19,0,0,125
2023,1,19,0,15,81
2023,1,19,0,30,41
2023,1,19,0,45,0
2023,1,19,1,0,0
2023,1,19,1,15,0
2023,1,19,1,30,0
2023,1,19,1,45,0
2023,1,19,2,0,0
2023,1,19,2,15,0
2023,1,19,2,30,0
2023,1,19,2,45,0
2023,1,19,3,0,0
2023,1,19,3,15,0
2023,1,19,3,30,0
2023,1,19,3,45,0
2023,1,19,4,0,0
2023,1,19,4,15,0
2023,1,19,4,30,0
2023,1,19,4,45,0
2023,1,19,5,0,0
2023,1,19,5,15,0
2023,1,19,5,30,0
2023,1,19,5,45,0
2023,1,19,6,0,0
2023,1,19,6,15,0
2023,1,19,6,30,0
2023,1,19,6,45,0
2023,1,19,7,0,0
2023,1,19,7,15,0
2023,1,19,7,30,0
2023,1,19,7,45,0
2023,1,19,8,0,0
2023,1,19,8,15,0
2023,1,19,8,30,0
2023,1,19,8,45,0
2023,1,19,9,0,0
2023,1,19,9,15,0
2023,1,19,9,30,0
2023,1,19,9,45,0
2023,1,19,10,0,0
2023,1,19,10,15,0
2023,1,19,10,30,0
2023,1,19,10,45,0
2023,1,19,11,0,0
2023,1,19,11,15,0
2023,1,19,11,30,0
2023,1,19,11,45,0
2023,1,19,12,0,0
2023,1,19,12,15,0
2023,1,19,12,30,0
2023,1,19,12,45,0
2023,1,19,13,0,0
2023,1,19,13,15,0
2023,1,19,13,30,0
2023,1,19,13,45,0
2023,1,19,14,0,0
2023,1,19,14,15,0
2023,1,19,14,30,0
2023,1,19,14,45,0
2023,1,19,15,0,19
2023,1,19,15,15,32
2023,1,19,15,30,65
2023,1,19,15,45,121
2023,1,19,16,0,180
2023,1,19,16,15,226
2023,1,19,16,30,271
2023,1,19,16,45,315
2023,1,19,17,0,356
2023,1,19,17,15,395
2023,1,19,17,30,431
2023,1,19,17,45,463
2023,1,19,18,0,493
2023,1,19,18,15,520
2023,1,19,18,30,543
2023,1,19,18,45,559
2023,1,19,19,0,574
2023,1,19,19,15,586
2023,1,19,19,30,594
2023,1,19,19,45,597
2023,1,19,20,0,515
2023,1,19,20,15,549
2023,1,19,20,30,365
2023,1,19,20,45,126
2023,1,19,21,0,78
2023,1,19,21,15,43
2023,1,19,21,30,30
2023,1,19,21,45,80
2023,1,19,22,0,109
2023,1,19,22,15,41
2023,1,19,22,30,25
2023,1,19,22,45,17
2023,1,19,23,0,11
2023,1,19,23,15,12
2023,1,19,23,30,12
2023,1,19,23,45,11
2023,1,20,0,0,4
2023,1,20,0,15,16
2023,1,20,0,30,10
2023,1,20,0,45,0
2023,1,20,1,0,0
2023,1,20,1,15,0
2023,1,20,1,30,0
2023,1,20,1,45,0
2023,1,20,2,0,0
2023,1,20,2,15,0
2023,1,20,2,30,0
2023,1,20,2,45,0
2023,1,20,3,0,0
2023,1,20,3,15,0
2023,1,20,3,30,0
2023,1,20,3,45,0
2023,1,20,4,0,0
2023,1,20,4,15,0
2023,1,20,4,30,0
2023,1,20,4,45,0
2023,1,20,5,0,0
2023,1,20,5,15,0
2023,1,20,5,30,0
2023,1,20,5,45,0
2023,1,20,6,0,0
2023,1,20,6,15,0
2023,1,20,6,30,0
2023,1,20,6,45,0
2023,1,20,7,0,0
2023,1,20,7,15,0
2023,1,20,7,30,0
2023,1,20,7,45,0
2023,1,20,8,0,0
2023,1,20,8,15,0
2023,1,20,8,30,0
2023,1,20,8,45,0
2023,1,20,9,0,0
2023,1,20,9,15,0
2023,1,20,9,30,0
2023,1,20,9,45,0
2023,1,20,10,0,0
2023,1,20,10,15,0
2023,1,20,10,30,0
2023,1,20,10,45,0
2023,1,20,11,0,0
2023,1,20,11,15,0
2023,1,20,11,30,0
2023,1,20,11,45,0
2023,1,20,12,0,0
2023,1,20,12,15,0
2023,1,20,12,30,0
2023,1,20,12,45,0
2023,1,20,13,0,0
2023,1,20,13,15,0
2023,1,20,13,30,0
2023,1,20,13,45,0
2023,1,20,14,0,0
2023,1,20,14,15,0
2023,1,20,14,30,0
2023,1,20,14,45,0
2023,1,20,15,0,20
2023,1,20,15,15,52
2023,1,20,15,30,92
2023,1,20,15,45,135
2023,1,20,16,0,181
2023,1,20,16,15,226
2023,1,20,16,30,271
2023,1,20,16,45,314
2023,1,20,17,0,356
2023,1,20,17,15,395
2023,1,20,17,30,431
2023,1,20,17,45,468
2023,1,20,18,0,498
2023,1,20,18,15,525
2023,1,20,18,30,548
2023,1,20,18,45,568
2023,1,20,19,0,583
2023,1,20,19,15,595
2023,1,20,19,30,603
2023,1,20,19,45,607
2023,1,20,20,0,606
2023,1,20,20,15,602
2023,1,20,20,30,593
2023,1,20,20,45,580
2023,1,20,21,0,564
2023,1,20,21,15,543
2023,1,20,21,30,519
2023,1,20,21,45,496
2023,1,20,22,0,465
2023,1,20,22,15,431
2023,1,20,22,30,394
2023,1,20,22,45,355
2023,1,20,23,0,312
2023,1,20,23,15,268
2023,1,20,23,30,223
2023,1,20,23,45,177
2023,1,21,0,0,131
2023,1,21,0,15,86
2023,1,21,0,30,46
2023,1,21,0,45,16
2023,1,21,1,0,0
2023,1,21,1,15,0
2023,1,21,1,30,0
2023,1,21,1,45,0
2023,1,21,2,0,0
2023,1,21,2,15,0
2023,1,21,2,30,0
2023,1,21,2,45,0
2023,1,21,3,0,0
2023,1,21,3,15,0
2023,1,21,3,30,0
2023,1,21,3,45,0
2023,1,21,4,0,0
2023,1,21,4,15,0
2023,1,21,4,30,0
2023,1,21,4,45,0
2023,1,21,5,0,0
2023,1,21,5,15,0
2023,1,21,5,30,0
2023,1,21,5,45,0
2023,1,21,6,0,0
2023,1,21,6,15,0
2023,1,21,6,30,0
2023,1,21,6,45,0
2023,1,21,7,0,0
2023,1,21,7,15,0
2023,1,21,7,30,0
2023,1,21,7,45,0
2023,1,21,8,0,0
2023,1,21,8,15,0
2023,1,21,8,30,0
2023,1,21,8,45,0
2023,1,21,9,0,0
2023,1,21,9,15,0
2023,1,21,9,30,0
2023,1,21,9,45,0
2023,1,21,10,0,0
2023,1,21,10,15,0
2023,1,21,10,30,0
2023,1,21,10,45,0
2023,1,21,11,0,0
2023,1,21,11,15,0
2023,1,21,11,30,0
2023,1,21,11,45,0
2023,1,21,12,0,0
2023,1,21,12,15,0
2023,1,21,12,30,0
2023,1,21,12,45,0
2023,1,21,13,0,0
2023,1,21,13,15,0
2023,1,21,13,30,0
2023,1,21,13,45,0
2023,1,21,14,0,0
2023,1,21,14,15,0
2023,1,21,14,30,0
2023,1,21,14,45,0
2023,1,21,15,0,22
2023,1,21,15,15,57
2023,1,21,15,30,98
2023,1,21,15,45,144
2023,1,21,16,0,190
2023,1,21,16,15,236
2023,1,21,16,30,282
2023,1,21,16,45,326
2023,1,21,17,0,368
2023,1,21,17,15,407
2023,1,21,17,30,444
2023,1,21,17,45,477
2023,1,21,18,0,508
2023,1,21,18,15,535
2023,1,21,18,30,558
2023,1,21,18,45,578
2023,1,21,19,0,593
2023,1,21,19,15,605
2023,1,21,19,30,613
2023,1,21,19,45,617
2023,1,21,20,0,616
2023,1,21,20,15,612
2023,1,21,20,30,604
2023,1,21,20,45,591
2023,1,21,21,0,575
2023,1,21,21,15,554
2023,1,21,21,30,530
2023,1,21,21,45,507
2023,1,21,22,0,476
2023,1,21,22,15,441
2023,1,21,22,30,404
2023,1,21,22,45,364
2023,1,21,23,0,321
2023,1,21,23,15,277
2023,1,21,23,30,231
2023,1,21,23,45,184
2023,1,22,0,0,137
2023,1,22,0,15,92
2023,1,22,0,30,51
2023,1,22,0,45,18
2023,1,22,1,0,0
2023,1,22,1,15,0
2023,1,22,1,30,0
2023,1,22,1,45,0
2023,1,22,2,0,0
2023,1,22,2,15,0
2023,1,22,2,30,0
2023,1,22,2,45,0
2023,1,22,3,0,0
2023,1,22,3,15,0
2023,1,22,3,30,0
2023,1,22,3,45,0
2023,1,22,4,0,0
2023,1,22,4,15,0
2023,1,22,4,30,0
2023,1,22,4,45,0
2023,1,22,5,0,0
2023,1,22,5,15,0
2023,1,22,5,30,0
2023,1,22,5,45,0
2023,1,22,6,0,0
2023,1,22,6,15,0
2023,1,22,6,30,0
2023,1,22,6,45,0
2023,1,22,7,0,0
2023,1,22,7,15,0
2023,1,22,7,30,0
2023,1,22,7,45,0
2023,1,22,8,0,0
2023,1,22,8,15,0
2023,1,22,8,30,0
2023,1,22,8,45,0
2023,1,22,9,0,0
2023,1,22,9,15,0
2023,1,22,9,30,0
2023,1,22,9,45,0
2023,1,22,10,0,0
2023,1,22,10,15,0
2023,1,22,10,30,0
2023,1,22,10,45,0
2023,1,22,11,0,0
2023,1,22,11,15,0
2023,1,22,11,30,0
2023,1,22,11,45,0
2023,1,22,12,0,0
2023,1,22,12,15,0
2023,1,22,12,30,0
2023,1,22,12,45,0
2023,1,22,13,0,0
2023,1,22,13,15,0
2023,1,22,13,30,0
2023,1,22,13,45,0
2023,1,22,14,0,0
2023,1,22,14,15,0
2023,1,22,14,30,0
2023,1,22,14,45,0
2023,1,22,15,0,14
2023,1,22,15,15,57
2023,1,22,15,30,99
2023,1,22,15,45,143
2023,1,22,16,0,190
2023,1,22,16,15,236
2023,1,22,16,30,281
2023,1,22,16,45,324
2023,1,22,17,0,366
2023,1,22,17,15,405
2023,1,22,17,30,442
2023,1,22,17,45,476
2023,1,22,18,0,506
2023,1,22,18,15,533
2023,1,22,18,30,557
2023,1,22,18,45,577
2023,1,22,19,0,593
2023,1,22,19,15,608
2023,1,22,19,30,616
2023,1,22,19,45,620
2023,1,22,20,0,620
2023,1,22,20,15,615
2023,1,22,20,30,611
2023,1,22,20,45,599
2023,1,22,21,0,582
2023,1,22,21,15,562
2023,1,22,21,30,228
2023,1,22,21,45,160
2023,1,22,22,0,19
2023,1,22,22,15,17
2023,1,22,22,30,70
2023,1,22,22,45,14
2023,1,22,23,0,186
2023,1,22,23,15,239
2023,1,22,23,30,197
2023,1,22,23,45,4
2023,1,23,0,0,73
2023,1,23,0,15,69
2023,1,23,0,30,54
2023,1,23,0,45,11
2023,1,23,1,0,0
2023,1,23,1,15,0
2023,1,23,1,30,0
2023,1,23,1,45,0
2023,1,23,2,0,0
2023,1,23,2,15,0
2023,1,23,2,30,0
2023,1,23,2,45,0
2023,1,23,3,0,0
2023,1,23,3,15,0
2023,1,23,3,30,0
2023,1,23,3,45,0
2023,1,23,4,0,0
2023,1,23,4,15,0
2023,1,23,4,30,0
2023,1,23,4,45,0
2023,1,23,5,0,0
2023,1,23,5,15,0
2023,1,23,5,30,0
2023,1,23,5,45,0
2023,1,23,6,0,0
2023,1,23,6,15,0
2023,1,23,6,30,0
2023,1,23,6,45,0
2023,1,23,7,0,0
2023,1,23,7,15,0
2023,1,23,7,30,0
2023,1,23,7,45,0
2023,1,23,8,0,0
2023,1,23,8,15,0
2023,1,23,8,30,0
2023,1,23,8,45,0
2023,1,23,9,0,0
2023,1,23,9,15,0
2023,1,23,9,30,0
2023,1,23,9,45,0
2023,1,23,10,0,0
2023,1,23,10,15,0
2023,1,23,10,30,0
2023,1,23,10,45,0
2023,1,23,11,0,0
2023,1,23,11,15,0
2023,1,23,11,30,0
2023,1,23,11,45,0
2023,1,23,12,0,0
2023,1,23,12,15,0
2023,1,23,12,30,0
2023,1,23,12,45,0
2023,1,23,13,0,0
2023,1,23,13,15,0
2023,1,23,13,30,0
2023,1,23,13,45,0
2023,1,23,14,0,0
2023,1,23,14,15,0
2023,1,23,14,30,0
2023,1,23,14,45,0
2023,1,23,15,0,24
2023,1,23,15,15,58
2023,1,23,15,30,100
2023,1,23,15,45,144
2023,1,23,16,0,190
2023,1,23,16,15,237
2023,1,23,16,30,283
2023,1,23,16,45,325
2023,1,23,17,0,367
2023,1,23,17,15,407
2023,1,23,17,30,444
2023,1,23,17,45,371
2023,1,23,18,0,219
2023,1,23,18,15,431
2023,1,23,18,30,469
2023,1,23,18,45,430
2023,1,23,19,0,595
2023,1,23,19,15,607
2023,1,23,19,30,615
2023,1,23,19,45,620
2023,1,23,20,0,620
2023,1,23,20,15,615
2023,1,23,20,30,607
2023,1,23,20,45,598
2023,1,23,21,0,581
2023,1,23,21,15,561
2023,1,23,21,30,537
2023,1,23,21,45,509
2023,1,23,22,0,478
2023,1,23,22,15,444
2023,1,23,22,30,407
2023,1,23,22,45,367
2023,1,23,23,0,324
2023,1,23,23,15,280
2023,1,23,23,30,234
2023,1,23,23,45,188
2023,1,24,0,0,141
2023,1,24,0,15,96
2023,1,24,0,30,54
2023,1,24,0,45,21
2023,1,24,1,0,0
2023,1,24,1,15,0
2023,1,24,1,30,0
2023,1,24,1,45,0
2023,1,24,2,0,0
2023,1,24,2,15,0
2023,1,24,2,30,0
2023,1,24,2,45,0
2023,1,24,3,0,0
2023,1,24,3,15,0
2023,1,24,3,30,0
2023,1,24,3,45,0
2023,1,24,4,0,0
2023,1,24,4,15,0
2023,1,24,4,30,0
2023,1,24,4,45,0
2023,1,24,5,0,0
2023,1,24,5,15,0
2023,1,24,5,30,0
2023,1,24,5,45,0
2023,1,24,6,0,0
2023,1,24,6,15,0
2023,1,24,6,30,0
2023,1,24,6,45,0
2023,1,24,7,0,0
2023,1,24,7,15,0
2023,1,24,7,30,0
2023,1,24,7,45,0
2023,1,24,8,0,0
2023,1,24,8,15,0
2023,1,24,8,30,0
2023,1,24,8,45,0
2023,1,24,9,0,0
2023,1,24,9,15,0
2023,1,24,9,30,0
2023,1,24,9,45,0
2023,1,24,10,0,0
2023,1,24,10,15,0
2023,1,24,10,30,0
2023,1,24,10,45,0
2023,1,24,11,0,0
2023,1,24,11,15,0
2023,1,24,11,30,0
2023,1,24,11,45,0
2023,1,24,12,0,0
2023,1,24,12,15,0
2023,1,24,12,30,0
2023,1,24,12,45,0
2023,1,24,13,0,0
2023,1,24,13,15,0
2023,1,24,13,30,0
2023,1,24,13,45,0
2023,1,24,14,0,0
2023,1,24,14,15,0
2023,1,24,14,30,0
2023,1,24,14,45,0
2023,1,24,15,0,26
2023,1,24,15,15,63
2023,1,24,15,30,106
2023,1,24,15,45,152
2023,1,24,16,0,200
2023,1,24,16,15,247
2023,1,24,16,30,293
2023,1,24,16,45,338
2023,1,24,17,0,380
2023,1,24,17,15,420
2023,1,24,17,30,457
2023,1,24,17,45,491
2023,1,24,18,0,522
2023,1,24,18,15,550
2023,1,24,18,30,573
2023,1,24,18,45,594
2023,1,24,19,0,610
2023,1,24,19,15,622
2023,1,24,19,30,630
2023,1,24,19,45,634
2023,1,24,20,0,634
2023,1,24,20,15,630
2023,1,24,20,30,621
2023,1,24,20,45,608
2023,1,24,21,0,592
2023,1,24,21,15,572
2023,1,24,21,30,547
2023,1,24,21,45,520
2023,1,24,22,0,489
2023,1,24,22,15,454
2023,1,24,22,30,417
2023,1,24,22,45,377
2023,1,24,23,0,334
2023,1,24,23,15,289
2023,1,24,23,30,243
2023,1,24,23,45,196
2023,1,25,0,0,149
2023,1,25,0,15,102
2023,1,25,0,30,59
2023,1,25,0,45,24
2023,1,25,1,0,0
2023,1,25,1,15,0
2023,1,25,1,30,0
2023,1,25,1,45,0
2023,1,25,2,0,0
2023,1,25,2,15,0
2023,1,25,2,30,0
2023,1,25,2,45,0
2023,1,25,3,0,0
2023,1,25,3,15,0
2023,1,25,3,30,0
2023,1,25,3,45,0
2023,1,25,4,0,0
2023,1,25,4,15,0
2023,1,25,4,30,0
2023,1,25,4,45,0
2023,1,25,5,0,0
2023,1,25,5,15,0
2023,1,25,5,30,0
2023,1,25,5,45,0
2023,1,25,6,0,0
2023,1,25,6,15,0
2023,1,25,6,30,0
2023,1,25,6,45,0
2023,1,25,7,0,0
2023,1,25,7,15,0
2023,1,25,7,30,0
2023,1,25,7,45,0
2023,1,25,8,0,0
2023,1,25,8,15,0
2023,1,25,8,30,0
2023,1,25,8,45,0
2023,1,25,9,0,0
2023,1,25,9,15,0
2023,1,25,9,30,0
2023,1,25,9,45,0
2023,1,25,10,0,0
2023,1,25,10,15,0
2023,1,25,10,30,0
2023,1,25,10,45,0
2023,1,25,11,0,0
2023,1,25,11,15,0
2023,1,25,11,30,0
2023,1,25,11,45,0
2023,1,25,12,0,0
2023,1,25,12,15,0
2023,1,25,12,30,0
2023,1,25,12,45,0
2023,1,25,13,0,0
2023,1,25,13,15,0
2023,1,25,13,30,0
2023,1,25,13,45,0
2023,1,25,14,0,0
2023,1,25,14,15,0
2023,1,25,14,30,0
2023,1,25,14,45,0
2023,1,25,15,0,26
2023,1,25,15,15,62
2023,1,25,15,30,104
2023,1,25,15,45,150
2023,1,25,16,0,197
2023,1,25,16,15,243
2023,1,25,16,30,288
2023,1,25,16,45,332
2023,1,25,17,0,374
2023,1,25,17,15,413
2023,1,25,17,30,450
2023,1,25,17,45,483
2023,1,25,18,0,514
2023,1,25,18,15,541
2023,1,25,18,30,564
2023,1,25,18,45,584
2023,1,25,19,0,600
2023,1,25,19,15,612
2023,1,25,19,30,620
2023,1,25,19,45,628
2023,1,25,20,0,628
2023,1,25,20,15,624
2023,1,25,20,30,616
2023,1,25,20,45,604
2023,1,25,21,0,588
2023,1,25,21,15,568
2023,1,25,21,30,544
2023,1,25,21,45,517
2023,1,25,22,0,486
2023,1,25,22,15,452
2023,1,25,22,30,415
2023,1,25,22,45,375
2023,1,25,23,0,333
2023,1,25,23,15,288
2023,1,25,23,30,242
2023,1,25,23,45,195
2023,1,26,0,0,148
2023,1,26,0,15,103
2023,1,26,0,30,60
2023,1,26,0,45,25
2023,1,26,1,0,0
2023,1,26,1,15,0
2023,1,26,1,30,0
2023,1,26,1,45,0
2023,1,26,2,0,0
2023,1,26,2,15,0
2023,1,26,2,30,0
2023,1,26,2,45,0
2023,1,26,3,0,0
2023,1,26,3,15,0
2023,1,26,3,30,0
2023,1,26,3,45,0
2023,1,26,4,0,0
2023,1,26,4,15,0
2023,1,26,4,30,0
2023,1,26,4,45,0
2023,1,26,5,0,0
2023,1,26,5,15,0
2023,1,26,5,30,0
2023,1,26,5,45,0
2023,1,26,6,0,0
2023,1,26,6,15,0
2023,1,26,6,30,0
2023,1,26,6,45,0
2023,1,26,7,0,0
2023,1,26,7,15,0
2023,1,26,7,30,0
2023,1,26,7,45,0
2023,1,26,8,0,0
2023,1,26,8,15,0
2023,1,26,8,30,0
2023,1,26,8,45,0
2023,1,26,9,0,0
2023,1,26,9,15,0
2023,1,26,9,30,0
2023,1,26,9,45,0
2023,1,26,10,0,0
2023,1,26,10,15,0
2023,1,26,10,30,0
2023,1,26,10,45,0
2023,1,26,11,0,0
2023,1,26,11,15,0
2023,1,26,11,30,0
2023,1,26,11,45,0
2023,1,26,12,0,0
2023,1,26,12,15,0
2023,1,26,12,30,0
2023,1,26,12,45,0
2023,1,26,13,0,0
2023,1,26,13,15,0
2023,1,26,13,30,0
2023,1,26,13,45,0
2023,1,26,14,0,0
2023,1,26,14,15,0
2023,1,26,14,30,0
2023,1,26,14,45,0
2023,1,26,15,0,29
2023,1,26,15,15,66
2023,1,26,15,30,110
2023,1,26,15,45,156
2023,1,26,16,0,204
2023,1,26,16,15,252
2023,1,26,16,30,298
2023,1,26,16,45,343
2023,1,26,17,0,386
2023,1,26,17,15,426
2023,1,26,17,30,463
2023,1,26,17,45,496
2023,1,26,18,0,527
2023,1,26,18,15,555
2023,1,26,18,30,579
2023,1,26,18,45,599
2023,1,26,19,0,616
2023,1,26,19,15,628
2023,1,26,19,30,636
2023,1,26,19,45,641
2023,1,26,20,0,636
2023,1,26,20,15,632
2023,1,26,20,30,624
2023,1,26,20,45,612
2023,1,26,21,0,595
2023,1,26,21,15,575
2023,1,26,21,30,551
2023,1,26,21,45,524
2023,1,26,22,0,493
2023,1,26,22,15,458
2023,1,26,22,30,421
2023,1,26,22,45,381
2023,1,26,23,0,336
2023,1,26,23,15,292
2023,1,26,23,30,246
2023,1,26,23,45,199
2023,1,27,0,0,152
2023,1,27,0,15,106
2023,1,27,0,30,63
2023,1,27,0,45,27
2023,1,27,1,0,0
2023,1,27,1,15,0
2023,1,27,1,30,0
2023,1,27,1,45,0
2023,1,27,2,0,0
2023,1,27,2,15,0
2023,1,27,2,30,0
2023,1,27,2,45,0
2023,1,27,3,0,0
2023,1,27,3,15,0
2023,1,27,3,30,0
2023,1,27,3,45,0
2023,1,27,4,0,0
2023,1,27,4,15,0
2023,1,27,4,30,0
2023,1,27,4,45,0
2023,1,27,5,0,0
2023,1,27,5,15,0
2023,1,27,5,30,0
2023,1,27,5,45,0
2023,1,27,6,0,0
2023,1,27,6,15,0
2023,1,27,6,30,0
2023,1,27,6,45,0
2023,1,27,7,0,0
2023,1,27,7,15,0
2023,1,27,7,30,0
2023,1,27,7,45,0
2023,1,27,8,0,0
2023,1,27,8,15,0
2023,1,27,8,30,0
2023,1,27,8,45,0
2023,1,27,9,0,0
2023,1,27,9,15,0
2023,1,27,9,30,0
2023,1,27,9,45,0
2023,1,27,10,0,0
2023,1,27,10,15,0
2023,1,27,10,30,0
2023,1,27,10,45,0
2023,1,27,11,0,0
2023,1,27,11,15,0
2023,1,27,11,30,0
2023,1,27,11,45,0
2023,1,27,12,0,0
2023,1,27,12,15,0
2023,1,27,12,30,0
2023,1,27,12,45,0
2023,1,27,13,0,0
2023,1,27,13,15,0
2023,1,27,13,30,0
2023,1,27,13,45,0
2023,1,27,14,0,0
2023,1,27,14,15,0
2023,1,27,14,30,0
2023,1,27,14,45,0
2023,1,27,15,0,30
2023,1,27,15,15,68
2023,1,27,15,30,112
2023,1,27,15,45,158
2023,1,27,16,0,206
2023,1,27,16,15,254
2023,1,27,16,30,300
2023,1,27,16,45,345
2023,1,27,17,0,387
2023,1,27,17,15,428
2023,1,27,17,30,465
2023,1,27,17,45,499
2023,1,27,18,0,530
2023,1,27,18,15,558
2023,1,27,18,30,582
2023,1,27,18,45,602
2023,1,27,19,0,619
2023,1,27,19,15,631
2023,1,27,19,30,640
2023,1,27,19,45,644
2023,1,27,20,0,644
2023,1,27,20,15,640
2023,1,27,20,30,631
2023,1,27,20,45,618
2023,1,27,21,0,601
2023,1,27,21,15,581
2023,1,27,21,30,557
2023,1,27,21,45,529
2023,1,27,22,0,498
2023,1,27,22,15,463
2023,1,27,22,30,426
2023,1,27,22,45,386
2023,1,27,23,0,343
2023,1,27,23,15,298
2023,1,27,23,30,251
2023,1,27,23,45,204
2023,1,28,0,0,156
2023,1,28,0,15,109
2023,1,28,0,30,66
2023,1,28,0,45,29
2023,1,28,1,0,0
2023,1,28,1,15,0
2023,1,28,1,30,0
2023,1,28,1,45,0
2023,1,28,2,0,0
2023,1,28,2,15,0
2023,1,28,2,30,0
2023,1,28,2,45,0
2023,1,28,3,0,0
2023,1,28,3,15,0
2023,1,28,3,30,0
2023,1,28,3,45,0
2023,1,28,4,0,0
2023,1,28,4,15,0
2023,1,28,4,30,0
2023,1,28,4,45,0
2023,1,28,5,0,0
2023,1,28,5,15,0
2023,1,28,5,30,0
2023,1,28,5,45,0
2023,1,28,6,0,0
2023,1,28,6,15,0
2023,1,28,6,30,0
2023,1,28,6,45,0
2023,1,28,7,0,0
2023,1,28,7,15,0
2023,1,28,7,30,0
2023,1,28,7,45,0
2023,1,28,8,0,0
2023,1,28,8,15,0
2023,1,28,8,30,0
2023,1,28,8,45,0
2023,1,28,9,0,0
2023,1,28,9,15,0
2023,1,28,9,30,0
2023,1,28,9,45,0
2023,1,28,10,0,0
2023,1,28,10,15,0
2023,1,28,10,30,0
2023,1,28,10,45,0
2023,1,28,11,0,0
2023,1,28,11,15,0
2023,1,28,11,30,0
2023,1,28,11,45,0
2023,1,28,12,0,0
2023,1,28,12,15,0
2023,1,28,12,30,0
2023,1,28,12,45,0
2023,1,28,13,0,0
2023,1,28,13,15,0
2023,1,28,13,30,0
2023,1,28,13,45,0
2023,1,28,14,0,0
2023,1,28,14,15,0
2023,1,28,14,30,0
2023,1,28,14,45,0
2023,1,28,15,0,29
2023,1,28,15,15,65
2023,1,28,15,30,109
2023,1,28,15,45,155
2023,1,28,16,0,203
2023,1,28,16,15,250
2023,1,28,16,30,296
2023,1,28,16,45,341
2023,1,28,17,0,384
2023,1,28,17,15,424
2023,1,28,17,30,462
2023,1,28,17,45,497
2023,1,28,18,0,528
2023,1,28,18,15,556
2023,1,28,18,30,580
2023,1,28,18,45,600
2023,1,28,19,0,617
2023,1,28,19,15,629
2023,1,28,19,30,638
2023,1,28,19,45,642
2023,1,28,20,0,642
2023,1,28,20,15,638
2023,1,28,20,30,630
2023,1,28,20,45,616
2023,1,28,21,0,600
2023,1,28,21,15,580
2023,1,28,21,30,556
2023,1,28,21,45,528
2023,1,28,22,0,497
2023,1,28,22,15,463
2023,1,28,22,30,425
2023,1,28,22,45,385
2023,1,28,23,0,343
2023,1,28,23,15,298
2023,1,28,23,30,252
2023,1,28,23,45,205
2023,1,29,0,0,157
2023,1,29,0,15,111
2023,1,29,0,30,67
2023,1,29,0,45,30
2023,1,29,1,0,0
2023,1,29,1,15,0
2023,1,29,1,30,0
2023,1,29,1,45,0
2023,1,29,2,0,0
2023,1,29,2,15,0
2023,1,29,2,30,0
2023,1,29,2,45,0
2023,1,29,3,0,0
2023,1,29,3,15,0
2023,1,29,3,30,0
2023,1,29,3,45,0
2023,1,29,4,0,0
2023,1,29,4,15,0
2023,1,29,4,30,0
2023,1,29,4,45,0
2023,1,29,5,0,0
2023,1,29,5,15,0
2023,1,29,5,30,0
2023,1,29,5,45,0
2023,1,29,6,0,0
2023,1,29,6,15,0
2023,1,29,6,30,0
2023,1,29,6,45,0
2023,1,29,7,0,0
2023,1,29,7,15,0
2023,1,29,7,30,0
2023,1,29,7,45,0
2023,1,29,8,0,0
2023,1,29,8,15,0
2023,1,29,8,30,0
2023,1,29,8,45,0
2023,1,29,9,0,0
2023,1,29,9,15,0
2023,1,29,9,30,0
2023,1,29,9,45,0
2023,1,29,10,0,0
2023,1,29,10,15,0
2023,1,29,10,30,0
2023,1,29,10,45,0
2023,1,29,11,0,0
2023,1,29,11,15,0
2023,1,29,11,30,0
2023,1,29,11,45,0
2023,1,29,12,0,0
2023,1,29,12,15,0
2023,1,29,12,30,0
2023,1,29,12,45,0
2023,1,29,13,0,0
2023,1,29,13,15,0
2023,1,29,13,30,0
2023,1,29,13,45,0
2023,1,29,14,0,0
2023,1,29,14,15,0
2023,1,29,14,30,0
2023,1,29,14,45,0
2023,1,29,15,0,30
2023,1,29,15,15,68
2023,1,29,15,30,111
2023,1,29,15,45,158
2023,1,29,16,0,205
2023,1,29,16,15,253
2023,1,29,16,30,299
2023,1,29,16,45,344
2023,1,29,17,0,384
2023,1,29,17,15,425
2023,1,29,17,30,462
2023,1,29,17,45,497
2023,1,29,18,0,528
2023,1,29,18,15,556
2023,1,29,18,30,580
2023,1,29,18,45,600
2023,1,29,19,0,617
2023,1,29,19,15,629
2023,1,29,19,30,638
2023,1,29,19,45,642
2023,1,29,20,0,643
2023,1,29,20,15,639
2023,1,29,20,30,627
2023,1,29,20,45,616
2023,1,29,21,0,600
2023,1,29,21,15,580
2023,1,29,21,30,556
2023,1,29,21,45,528
2023,1,29,22,0,497
2023,1,29,22,15,463
2023,1,29,22,30,426
2023,1,29,22,45,385
2023,1,29,23,0,343
2023,1,29,23,15,299
2023,1,29,23,30,253
2023,1,29,23,45,205
2023,1,30,0,0,34
2023,1,30,0,15,112
2023,1,30,0,30,68
2023,1,30,0,45,31
2023,1,30,1,0,0
2023,1,30,1,15,0
2023,1,30,1,30,0
2023,1,30,1,45,0
2023,1,30,2,0,0
2023,1,30,2,15,0
2023,1,30,2,30,0
2023,1,30,2,45,0
2023,1,30,3,0,0
2023,1,30,3,15,0
2023,1,30,3,30,0
2023,1,30,3,45,0
2023,1,30,4,0,0
2023,1,30,4,15,0
2023,1,30,4,30,0
2023,1,30,4,45,0
2023,1,30,5,0,0
2023,1,30,5,15,0
2023,1,30,5,30,0
2023,1,30,5,45,0
2023,1,30,6,0,0
2023,1,30,6,15,0
2023,1,30,6,30,0
2023,1,30,6,45,0
2023,1,30,7,0,0
2023,1,30,7,15,0
2023,1,30,7,30,0
2023,1,30,7,45,0
2023,1,30,8,0,0
2023,1,30,8,15,0
2023,1,30,8,30,0
2023,1,30,8,45,0
2023,1,30,9,0,0
2023,1,30,9,15,0
2023,1,30,9,30,0
2023,1,30,9,45,0
2023,1,30,10,0,0
2023,1,30,10,15,0
2023,1,30,10,30,0
2023,1,30,10,45,0
2023,1,30,11,0,0
2023,1,30,11,15,0
2023,1,30,11,30,0
2023,1,30,11,45,0
2023,1,30,12,0,0
2023,1,30,12,15,0
2023,1,30,12,30,0
2023,1,30,12,45,0
2023,1,30,13,0,0
2023,1,30,13,15,0
2023,1,30,13,30,0
2023,1,30,13,45,0
2023,1,30,14,0,0
2023,1,30,14,15,0
2023,1,30,14,30,0
2023,1,30,14,45,0
2023,1,30,15,0,3
2023,1,30,15,15,10
2023,1,30,15,30,4
2023,1,30,15,45,5
2023,1,30,16,0,7
2023,1,30,16,15,9
2023,1,30,16,30,45
2023,1,30,16,45,13
2023,1,30,17,0,15
2023,1,30,17,15,17
2023,1,30,17,30,19
2023,1,30,17,45,21
2023,1,30,18,0,22
2023,1,30,18,15,24
2023,1,30,18,30,25
2023,1,30,18,45,78
2023,1,30,19,0,28
2023,1,30,19,15,28
2023,1,30,19,30,29
2023,1,30,19,45,29
2023,1,30,20,0,29
2023,1,30,20,15,29
2023,1,30,20,30,277
2023,1,30,20,45,110
2023,1,30,21,0,65
2023,1,30,21,15,62
2023,1,30,21,30,153
2023,1,30,21,45,43
2023,1,30,22,0,21
2023,1,30,22,15,19
2023,1,30,22,30,21
2023,1,30,22,45,15
2023,1,30,23,0,56
2023,1,30,23,15,183
2023,1,30,23,30,216
2023,1,30,23,45,108
2023,1,31,0,0,114
2023,1,31,0,15,59
2023,1,31,0,30,19
2023,1,31,0,45,17
2023,1,31,1,0,0
2023,1,31,1,15,0
2023,1,31,1,30,0
2023,1,31,1,45,0
2023,1,31,2,0,0
2023,1,31,2,15,0
2023,1,31,2,30,0
2023,1,31,2,45,0
2023,1,31,3,0,0
2023,1,31,3,15,0
2023,1,31,3,30,0
2023,1,31,3,45,0
2023,1,31,4,0,0
2023,1,31,4,15,0
2023,1,31,4,30,0
2023,1,31,4,45,0
2023,1,31,5,0,0
2023,1,31,5,15,0
2023,1,31,5,30,0
2023,1,31,5,45,0
2023,1,31,6,0,0
2023,1,31,6,15,0
2023,1,31,6,30,0
2023,1,31,6,45,0
2023,1,31,7,0,0
2023,1,31,7,15,0
2023,1,31,7,30,0
2023,1,31,7,45,0
2023,1,31,8,0,0
2023,1,31,8,15,0
2023,1,31,8,30,0
2023,1,31,8,45,0
2023,1,31,9,0,0
2023,1,31,9,15,0
2023,1,31,9,30,0
2023,1,31,9,45,0
2023,1,31,10,0,0
2023,1,31,10,15,0
2023,1,31,10,30,0
2023,1,31,10,45,0
2023,1,31,11,0,0
2023,1,31,11,15,0
2023,1,31,11,30,0
2023,1,31,11,45,0
2023,1,31,12,0,0
2023,1,31,12,15,0
2023,1,31,12,30,0
2023,1,31,12,45,0
2023,1,31,13,0,0
2023,1,31,13,15,0
2023,1,31,13,30,0
2023,1,31,13,45,0
2023,1,31,14,0,0
2023,1,31,14,15,0
2023,1,31,14,30,0
2023,1,31,14,45,0
2023,1,31,15,0,38
2023,1,31,15,15,78
2023,1,31,15,30,124
2023,1,31,15,45,171
2023,1,31,16,0,221
2023,1,31,16,15,270
2023,1,31,16,30,317
2023,1,31,16,45,363
2023,1,31,17,0,406
2023,1,31,17,15,448
2023,1,31,17,30,486
2023,1,31,17,45,521
2023,1,31,18,0,553
2023,1,31,18,15,582
2023,1,31,18,30,606
2023,1,31,18,45,627
2023,1,31,19,0,644
2023,1,31,19,15,657
2023,1,31,19,30,666
2023,1,31,19,45,670
2023,1,31,20,0,671
2023,1,31,20,15,667
2023,1,31,20,30,658
2023,1,31,20,45,646
2023,1,31,21,0,629
2023,1,31,21,15,609
2023,1,31,21,30,591
2023,1,31,21,45,563
2023,1,31,22,0,531
2023,1,31,22,15,496
2023,1,31,22,30,458
2023,1,31,22,45,416
2023,1,31,23,0,373
2023,1,31,23,15,326
2023,1,31,23,30,279
2023,1,31,23,45,230
2023,2,1,0,0,180
2023,2,1,0,15,131
2023,2,1,0,30,84
2023,2,1,0,45,42
2023,2,1,1,0,0
2023,2,1,1,15,0
2023,2,1,1,30,0
2023,2,1,1,45,0
2023,2,1,2,0,0
2023,2,1,2,15,0
2023,2,1,2,30,0
2023,2,1,2,45,0
2023,2,1,3,0,0
2023,2,1,3,15,0
2023,2,1,3,30,0
2023,2,1,3,45,0
2023,2,1,4,0,0
2023,2,1,4,15,0
2023,2,1,4,30,0
2023,2,1,4,45,0
2023,2,1,5,0,0
2023,2,1,5,15,0
2023,2,1,5,30,0
2023,2,1,5,45,0
2023,2,1,6,0,0
2023,2,1,6,15,0
2023,2,1,6,30,0
2023,2,1,6,45,0
2023,2,1,7,0,0
2023,2,1,7,15,0
2023,2,1,7,30,0
2023,2,1,7,45,0
2023,2,1,8,0,0
2023,2,1,8,15,0
2023,2,1,8,30,0
2023,2,1,8,45,0
2023,2,1,9,0,0
2023,2,1,9,15,0
2023,2,1,9,30,0
2023,2,1,9,45,0
2023,2,1,10,0,0
2023,2,1,10,15,0
2023,2,1,10,30,0
2023,2,1,10,45,0
2023,2,1,11,0,0
2023,2,1,11,15,0
2023,2,1,11,30,0
2023,2,1,11,45,0
2023,2,1,12,0,0
2023,2,1,12,15,0
2023,2,1,12,30,0
2023,2,1,12,45,0
2023,2,1,13,0,0
2023,2,1,13,15,0
2023,2,1,13,30,0
2023,2,1,13,45,0
2023,2,1,14,0,0
2023,2,1,14,15,0
2023,2,1,14,30,0
2023,2,1,14,45,0
2023,2,1,15,0,40
2023,2,1,15,15,81
2023,2,1,15,30,128
2023,2,1,15,45,176
2023,2,1,16,0,226
2023,2,1,16,15,275
2023,2,1,16,30,323
2023,2,1,16,45,369
2023,2,1,17,0,413
2023,2,1,17,15,450
2023,2,1,17,30,488
2023,2,1,17,45,524
2023,2,1,18,0,555
2023,2,1,18,15,584
2023,2,1,18,30,608
2023,2,1,18,45,629
2023,2,1,19,0,646
2023,2,1,19,15,659
2023,2,1,19,30,667
2023,2,1,19,45,672
2023,2,1,20,0,672
2023,2,1,20,15,668
2023,2,1,20,30,660
2023,2,1,20,45,645
2023,2,1,21,0,629
2023,2,1,21,15,609
2023,2,1,21,30,580
2023,2,1,21,45,553
2023,2,1,22,0,522
2023,2,1,22,15,487
2023,2,1,22,30,449
2023,2,1,22,45,409
2023,2,1,23,0,366
2023,2,1,23,15,321
2023,2,1,23,30,274
2023,2,1,23,45,226
2023,2,2,0,0,177
2023,2,2,0,15,129
2023,2,2,0,30,83
2023,2,2,0,45,43
2023,2,2,1,0,0
2023,2,2,1,15,0
2023,2,2,1,30,0
2023,2,2,1,45,0
2023,2,2,2,0,0
2023,2,2,2,15,0
2023,2,2,2,30,0
2023,2,2,2,45,0
2023,2,2,3,0,0
2023,2,2,3,15,0
2023,2,2,3,30,0
2023,2,2,3,45,0
2023,2,2,4,0,0
2023,2,2,4,15,0
2023,2,2,4,30,0
2023,2,2,4,45,0
2023,2,2,5,0,0
2023,2,2,5,15,0
2023,2,2,5,30,0
2023,2,2,5,45,0
2023,2,2,6,0,0
2023,2,2,6,15,0
2023,2,2,6,30,0
2023,2,2,6,45,0
2023,2,2,7,0,0
2023,2,2,7,15,0
2023,2,2,7,30,0
2023,2,2,7,45,0
2023,2,2,8,0,0
2023,2,2,8,15,0
2023,2,2,8,30,0
2023,2,2,8,45,0
2023,2,2,9,0,0
2023,2,2,9,15,0
2023,2,2,9,30,0
2023,2,2,9,45,0
2023,2,2,10,0,0
2023,2,2,10,15,0
2023,2,2,10,30,0
2023,2,2,10,45,0
2023,2,2,11,0,0
2023,2,2,11,15,0
2023,2,2,11,30,0
2023,2,2,11,45,0
2023,2,2,12,0,0
2023,2,2,12,15,0
2023,2,2,12,30,0
2023,2,2,12,45,0
2023,2,2,13,0,0
2023,2,2,13,15,0
2023,2,2,13,30,0
2023,2,2,13,45,0
2023,2,2,14,0,0
2023,2,2,14,15,0
2023,2,2,14,30,0
2023,2,2,14,45,0
2023,2,2,15,0,40
2023,2,2,15,15,81
2023,2,2,15,30,127
2023,2,2,15,45,175
2023,2,2,16,0,224
2023,2,2,16,15,273
2023,2,2,16,30,320
2023,2,2,16,45,366
2023,2,2,17,0,409
2023,2,2,17,15,450
2023,2,2,17,30,488
2023,2,2,17,45,522
2023,2,2,18,0,554
2023,2,2,18,15,582
2023,2,2,18,30,607
2023,2,2,18,45,628
2023,2,2,19,0,645
2023,2,2,19,15,658
2023,2,2,19,30,666
2023,2,2,19,45,671
2023,2,2,20,0,671
2023,2,2,20,15,667
2023,2,2,20,30,659
2023,2,2,20,45,646
2023,2,2,21,0,630
2023,2,2,21,15,610
2023,2,2,21,30,586
2023,2,2,21,45,558
2023,2,2,22,0,527
2023,2,2,22,15,492
2023,2,2,22,30,298
2023,2,2,22,45,348
2023,2,2,23,0,227
2023,2,2,23,15,325
2023,2,2,23,30,278
2023,2,2,23,45,229
2023,2,3,0,0,181
2023,2,3,0,15,132
2023,2,3,0,30,86
2023,2,3,0,45,44
2023,2,3,1,0,0
2023,2,3,1,15,0
2023,2,3,1,30,0
2023,2,3,1,45,0
2023,2,3,2,0,0
2023,2,3,2,15,0
2023,2,3,2,30,0
2023,2,3,2,45,0
2023,2,3,3,0,0
2023,2,3,3,15,0
2023,2,3,3,30,0
2023,2,3,3,45,0
2023,2,3,4,0,0
2023,2,3,4,15,0
2023,2,3,4,30,0
2023,2,3,4,45,0
2023,2,3,5,0,0
2023,2,3,5,15,0
2023,2,3,5,30,0
2023,2,3,5,45,0
2023,2,3,6,0,0
2023,2,3,6,15,0
2023,2,3,6,30,0
2023,2,3,6,45,0
2023,2,3,7,0,0
2023,2,3,7,15,0
2023,2,3,7,30,0
2023,2,3,7,45,0
2023,2,3,8,0,0
2023,2,3,8,15,0
2023,2,3,8,30,0
2023,2,3,8,45,0
2023,2,3,9,0,0
2023,2,3,9,15,0
2023,2,3,9,30,0
2023,2,3,9,45,0
2023,2,3,10,0,0
2023,2,3,10,15,0
2023,2,3,10,30,0
2023,2,3,10,45,0
2023,2,3,11,0,0
2023,2,3,11,15,0
2023,2,3,11,30,0
2023,2,3,11,45,0
2023,2,3,12,0,0
2023,2,3,12,15,0
2023,2,3,12,30,0
2023,2,3,12,45,0
2023,2,3,13,0,0
2023,2,3,13,15,0
2023,2,3,13,30,0
2023,2,3,13,45,0
2023,2,3,14,0,0
2023,2,3,14,15,0
2023,2,3,14,30,0
2023,2,3,14,45,0
2023,2,3,15,0,26
2023,2,3,15,15,47
2023,2,3,15,30,112
2023,2,3,15,45,144
2023,2,3,16,0,189
2023,2,3,16,15,248
2023,2,3,16,30,311
2023,2,3,16,45,363
2023,2,3,17,0,406
2023,2,3,17,15,429
2023,2,3,17,30,450
2023,2,3,17,45,516
2023,2,3,18,0,463
2023,2,3,18,15,481
2023,2,3,18,30,502
2023,2,3,18,45,533
2023,2,3,19,0,514
2023,2,3,19,15,530
2023,2,3,19,30,485
2023,2,3,19,45,575
2023,2,3,20,0,567
2023,2,3,20,15,579
2023,2,3,20,30,561
2023,2,3,20,45,505
2023,2,3,21,0,447
2023,2,3,21,15,455
2023,2,3,21,30,329
2023,2,3,21,45,376
2023,2,3,22,0,331
2023,2,3,22,15,318
2023,2,3,22,30,292
2023,2,3,22,45,414
2023,2,3,23,0,371
2023,2,3,23,15,326
2023,2,3,23,30,279
2023,2,3,23,45,231
2023,2,4,0,0,112
2023,2,4,0,15,134
2023,2,4,0,30,87
2023,2,4,0,45,45
2023,2,4,1,0,7
2023,2,4,1,15,0
2023,2,4,1,30,0
2023,2,4,1,45,0
2023,2,4,2,0,0
2023,2,4,2,15,0
2023,2,4,2,30,0
2023,2,4,2,45,0
2023,2,4,3,0,0
2023,2,4,3,15,0
2023,2,4,3,30,0
2023,2,4,3,45,0
2023,2,4,4,0,0
2023,2,4,4,15,0
2023,2,4,4,30,0
2023,2,4,4,45,0
2023,2,4,5,0,0
2023,2,4,5,15,0
2023,2,4,5,30,0
2023,2,4,5,45,0
2023,2,4,6,0,0
2023,2,4,6,15,0
2023,2,4,6,30,0
2023,2,4,6,45,0
2023,2,4,7,0,0
2023,2,4,7,15,0
2023,2,4,7,30,0
2023,2,4,7,45,0
2023,2,4,8,0,0
2023,2,4,8,15,0
2023,2,4,8,30,0
2023,2,4,8,45,0
2023,2,4,9,0,0
2023,2,4,9,15,0
2023,2,4,9,30,0
2023,2,4,9,45,0
2023,2,4,10,0,0
2023,2,4,10,15,0
2023,2,4,10,30,0
2023,2,4,10,45,0
2023,2,4,11,0,0
2023,2,4,11,15,0
2023,2,4,11,30,0
2023,2,4,11,45,0
2023,2,4,12,0,0
2023,2,4,12,15,0
2023,2,4,12,30,0
2023,2,4,12,45,0
2023,2,4,13,0,0
2023,2,4,13,15,0
2023,2,4,13,30,0
2023,2,4,13,45,0
2023,2,4,14,0,0
2023,2,4,14,15,0
2023,2,4,14,30,0
2023,2,4,14,45,0
2023,2,4,15,0,43
2023,2,4,15,15,84
2023,2,4,15,30,92
2023,2,4,15,45,105
2023,2,4,16,0,227
2023,2,4,16,15,275
2023,2,4,16,30,323
2023,2,4,16,45,367
2023,2,4,17,0,410
2023,2,4,17,15,451
2023,2,4,17,30,490
2023,2,4,17,45,526
2023,2,4,18,0,558
2023,2,4,18,15,586
2023,2,4,18,30,611
2023,2,4,18,45,633
2023,2,4,19,0,650
2023,2,4,19,15,600
2023,2,4,19,30,593
2023,2,4,19,45,589
2023,2,4,20,0,587
2023,2,4,20,15,673
2023,2,4,20,30,665
2023,2,4,20,45,652
2023,2,4,21,0,636
2023,2,4,21,15,488
2023,2,4,21,30,476
2023,2,4,21,45,564
2023,2,4,22,0,432
2023,2,4,22,15,387
2023,2,4,22,30,328
2023,2,4,22,45,290
2023,2,4,23,0,255
2023,2,4,23,15,275
2023,2,4,23,30,217
2023,2,4,23,45,187
2023,2,5,0,0,147
2023,2,5,0,15,103
2023,2,5,0,30,74
2023,2,5,0,45,36
2023,2,5,1,0,9
2023,2,5,1,15,0
2023,2,5,1,30,0
2023,2,5,1,45,0
2023,2,5,2,0,0
2023,2,5,2,15,0
2023,2,5,2,30,0
2023,2,5,2,45,0
2023,2,5,3,0,0
2023,2,5,3,15,0
2023,2,5,3,30,0
2023,2,5,3,45,0
2023,2,5,4,0,0
2023,2,5,4,15,0
2023,2,5,4,30,0
2023,2,5,4,45,0
2023,2,5,5,0,0
2023,2,5,5,15,0
2023,2,5,5,30,0
2023,2,5,5,45,0
2023,2,5,6,0,0
2023,2,5,6,15,0
2023,2,5,6,30,0
2023,2,5,6,45,0
2023,2,5,7,0,0
2023,2,5,7,15,0
2023,2,5,7,30,0
2023,2,5,7,45,0
2023,2,5,8,0,0
2023,2,5,8,15,0
2023,2,5,8,30,0
2023,2,5,8,45,0
2023,2,5,9,0,0
2023,2,5,9,15,0
2023,2,5,9,30,0
2023,2,5,9,45,0
2023,2,5,10,0,0
2023,2,5,10,15,0
2023,2,5,10,30,0
2023,2,5,10,45,0
2023,2,5,11,0,0
2023,2,5,11,15,0
2023,2,5,11,30,0
2023,2,5,11,45,0
2023,2,5,12,0,0
2023,2,5,12,15,0
2023,2,5,12,30,0
2023,2,5,12,45,0
2023,2,5,13,0,0
2023,2,5,13,15,0
2023,2,5,13,30,0
2023,2,5,13,45,0
2023,2,5,14,0,0
2023,2,5,14,15,0
2023,2,5,14,30,0
2023,2,5,14,45,13
2023,2,5,15,0,44
2023,2,5,15,15,84
2023,2,5,15,30,130
2023,2,5,15,45,177
2023,2,5,16,0,170
2023,2,5,16,15,274
2023,2,5,16,30,321
2023,2,5,16,45,366
2023,2,5,17,0,408
2023,2,5,17,15,451
2023,2,5,17,30,490
2023,2,5,17,45,521
2023,2,5,18,0,553
2023,2,5,18,15,582
2023,2,5,18,30,470
2023,2,5,18,45,579
2023,2,5,19,0,649
2023,2,5,19,15,566
2023,2,5,19,30,671
2023,2,5,19,45,675
2023,2,5,20,0,679
2023,2,5,20,15,676
2023,2,5,20,30,667
2023,2,5,20,45,654
2023,2,5,21,0,637
2023,2,5,21,15,617
2023,2,5,21,30,593
2023,2,5,21,45,567
2023,2,5,22,0,535
2023,2,5,22,15,500
2023,2,5,22,30,462
2023,2,5,22,45,423
2023,2,5,23,0,379
2023,2,5,23,15,333
2023,2,5,23,30,286
2023,2,5,23,45,236
2023,2,6,0,0,187
2023,2,6,0,15,138
2023,2,6,0,30,92
2023,2,6,0,45,50
2023,2,6,1,0,18
2023,2,6,1,15,0
2023,2,6,1,30,0
2023,2,6,1,45,0
2023,2,6,2,0,0
2023,2,6,2,15,0
2023,2,6,2,30,0
2023,2,6,2,45,0
2023,2,6,3,0,0
2023,2,6,3,15,0
2023,2,6,3,30,0
2023,2,6,3,45,0
2023,2,6,4,0,0
2023,2,6,4,15,0
2023,2,6,4,30,0
2023,2,6,4,45,0
2023,2,6,5,0,0
2023,2,6,5,15,0
2023,2,6,5,30,0
2023,2,6,5,45,0
2023,2,6,6,0,0
2023,2,6,6,15,0
2023,2,6,6,30,0
2023,2,6,6,45,0
2023,2,6,7,0,0
2023,2,6,7,15,0
2023,2,6,7,30,0
2023,2,6,7,45,0
2023,2,6,8,0,0
2023,2,6,8,15,0
2023,2,6,8,30,0
2023,2,6,8,45,0
2023,2,6,9,0,0
2023,2,6,9,15,0
2023,2,6,9,30,0
2023,2,6,9,45,0
2023,2,6,10,0,0
2023,2,6,10,15,0
2023,2,6,10,30,0
2023,2,6,10,45,0
2023,2,6,11,0,0
2023,2,6,11,15,0
2023,2,6,11,30,0
2023,2,6,11,45,0
2023,2,6,12,0,0
2023,2,6,12,15,0
2023,2,6,12,30,0
2023,2,6,12,45,0
2023,2,6,13,0,0
2023,2,6,13,15,0
2023,2,6,13,30,0
2023,2,6,13,45,0
2023,2,6,14,0,0
2023,2,6,14,15,0
2023,2,6,14,30,0
2023,2,6,14,45,16
2023,2,6,15,0,49
2023,2,6,15,15,92
2023,2,6,15,30,139
2023,2,6,15,45,189
2023,2,6,16,0,238
2023,2,6,16,15,288
2023,2,6,16,30,335
2023,2,6,16,45,381
2023,2,6,17,0,425
2023,2,6,17,15,467
2023,2,6,17,30,505
2023,2,6,17,45,540
2023,2,6,18,0,572
2023,2,6,18,15,601
2023,2,6,18,30,626
2023,2,6,18,45,647
2023,2,6,19,0,664
2023,2,6,19,15,673
2023,2,6,19,30,682
2023,2,6,19,45,686
2023,2,6,20,0,687
2023,2,6,20,15,683
2023,2,6,20,30,675
2023,2,6,20,45,658
2023,2,6,21,0,642
2023,2,6,21,15,622
2023,2,6,21,30,598
2023,2,6,21,45,571
2023,2,6,22,0,540
2023,2,6,22,15,505
2023,2,6,22,30,467
2023,2,6,22,45,426
2023,2,6,23,0,383
2023,2,6,23,15,155
2023,2,6,23,30,290
2023,2,6,23,45,242
2023,2,7,0,0,193
2023,2,7,0,15,144
2023,2,7,0,30,97
2023,2,7,0,45,55
2023,2,7,1,0,20
2023,2,7,1,15,0
2023,2,7,1,30,0
2023,2,7,1,45,0
2023,2,7,2,0,0
2023,2,7,2,15,0
2023,2,7,2,30,0
2023,2,7,2,45,0
2023,2,7,3,0,0
2023,2,7,3,15,0
2023,2,7,3,30,0
2023,2,7,3,45,0
2023,2,7,4,0,0
2023,2,7,4,15,0
2023,2,7,4,30,0
2023,2,7,4,45,0
2023,2,7,5,0,0
2023,2,7,5,15,0
2023,2,7,5,30,0
2023,2,7,5,45,0
2023,2,7,6,0,0
2023,2,7,6,15,0
2023,2,7,6,30,0
2023,2,7,6,45,0
2023,2,7,7,0,0
2023,2,7,7,15,0
2023,2,7,7,30,0
2023,2,7,7,45,0
2023,2,7,8,0,0
2023,2,7,8,15,0
2023,2,7,8,30,0
2023,2,7,8,45,0
2023,2,7,9,0,0
2023,2,7,9,15,0
2023,2,7,9,30,0
2023,2,7,9,45,0
2023,2,7,10,0,0
2023,2,7,10,15,0
2023,2,7,10,30,0
2023,2,7,10,45,0
2023,2,7,11,0,0
2023,2,7,11,15,0
2023,2,7,11,30,0
2023,2,7,11,45,0
2023,2,7,12,0,0
2023,2,7,12,15,0
2023,2,7,12,30,0
2023,2,7,12,45,0
2023,2,7,13,0,0
2023,2,7,13,15,0
2023,2,7,13,30,0
2023,2,7,13,45,0
2023,2,7,14,0,0
2023,2,7,14,15,0
2023,2,7,14,30,0
2023,2,7,14,45,18
2023,2,7,15,0,52
2023,2,7,15,15,96
2023,2,7,15,30,144
2023,2,7,15,45,194
2023,2,7,16,0,242
2023,2,7,16,15,292
2023,2,7,16,30,340
2023,2,7,16,45,386
2023,2,7,17,0,430
2023,2,7,17,15,472
2023,2,7,17,30,510
2023,2,7,17,45,546
2023,2,7,18,0,578
2023,2,7,18,15,607
2023,2,7,18,30,632
2023,2,7,18,45,653
2023,2,7,19,0,670
2023,2,7,19,15,683
2023,2,7,19,30,692
2023,2,7,19,45,697
2023,2,7,20,0,697
2023,2,7,20,15,693
2023,2,7,20,30,685
2023,2,7,20,45,673
2023,2,7,21,0,656
2023,2,7,21,15,636
2023,2,7,21,30,612
2023,2,7,21,45,584
2023,2,7,22,0,553
2023,2,7,22,15,518
2023,2,7,22,30,480
2023,2,7,22,45,439
2023,2,7,23,0,395
2023,2,7,23,15,349
2023,2,7,23,30,302
2023,2,7,23,45,252
2023,2,8,0,0,203
2023,2,8,0,15,151
2023,2,8,0,30,103
2023,2,8,0,45,59
2023,2,8,1,0,23
2023,2,8,1,15,0
2023,2,8,1,30,0
2023,2,8,1,45,0
2023,2,8,2,0,0
2023,2,8,2,15,0
2023,2,8,2,30,0
2023,2,8,2,45,0
2023,2,8,3,0,0
2023,2,8,3,15,0
2023,2,8,3,30,0
2023,2,8,3,45,0
2023,2,8,4,0,0
2023,2,8,4,15,0
2023,2,8,4,30,0
2023,2,8,4,45,0
2023,2,8,5,0,0
2023,2,8,5,15,0
2023,2,8,5,30,0
2023,2,8,5,45,0
2023,2,8,6,0,0
2023,2,8,6,15,0
2023,2,8,6,30,0
2023,2,8,6,45,0
2023,2,8,7,0,0
2023,2,8,7,15,0
2023,2,8,7,30,0
2023,2,8,7,45,0
2023,2,8,8,0,0
2023,2,8,8,15,0
2023,2,8,8,30,0
2023,2,8,8,45,0
2023,2,8,9,0,0
2023,2,8,9,15,0
2023,2,8,9,30,0
2023,2,8,9,45,0
2023,2,8,10,0,0
2023,2,8,10,15,0
2023,2,8,10,30,0
2023,2,8,10,45,0
2023,2,8,11,0,0
2023,2,8,11,15,0
2023,2,8,11,30,0
2023,2,8,11,45,0
2023,2,8,12,0,0
2023,2,8,12,15,0
2023,2,8,12,30,0
2023,2,8,12,45,0
2023,2,8,13,0,0
2023,2,8,13,15,0
2023,2,8,13,30,0
2023,2,8,13,45,0
2023,2,8,14,0,0
2023,2,8,14,15,0
2023,2,8,14,30,0
2023,2,8,14,45,19
2023,2,8,15,0,52
2023,2,8,15,15,95
2023,2,8,15,30,142
2023,2,8,15,45,192
2023,2,8,16,0,242
2023,2,8,16,15,291
2023,2,8,16,30,338
2023,2,8,16,45,384
2023,2,8,17,0,431
2023,2,8,17,15,472
2023,2,8,17,30,511
2023,2,8,17,45,547
2023,2,8,18,0,579
2023,2,8,18,15,607
2023,2,8,18,30,632
2023,2,8,18,45,653
2023,2,8,19,0,670
2023,2,8,19,15,683
2023,2,8,19,30,692
2023,2,8,19,45,696
2023,2,8,20,0,696
2023,2,8,20,15,693
2023,2,8,20,30,685
2023,2,8,20,45,671
2023,2,8,21,0,655
2023,2,8,21,15,634
2023,2,8,21,30,610
2023,2,8,21,45,582
2023,2,8,22,0,551
2023,2,8,22,15,516
2023,2,8,22,30,478
2023,2,8,22,45,437
2023,2,8,23,0,394
2023,2,8,23,15,348
2023,2,8,23,30,300
2023,2,8,23,45,251
2023,2,9,0,0,201
2023,2,9,0,15,152
2023,2,9,0,30,104
2023,2,9,0,45,61
2023,2,9,1,0,24
2023,2,9,1,15,0
2023,2,9,1,30,0
2023,2,9,1,45,0
2023,2,9,2,0,0
2023,2,9,2,15,0
2023,2,9,2,30,0
2023,2,9,2,45,0
2023,2,9,3,0,0
2023,2,9,3,15,0
2023,2,9,3,30,0
2023,2,9,3,45,0
2023,2,9,4,0,0
2023,2,9,4,15,0
2023,2,9,4,30,0
2023,2,9,4,45,0
2023,2,9,5,0,0
2023,2,9,5,15,0
2023,2,9,5,30,0
2023,2,9,5,45,0
2023,2,9,6,0,0
2023,2,9,6,15,0
2023,2,9,6,30,0
2023,2,9,6,45,0
2023,2,9,7,0,0
2023,2,9,7,15,0
2023,2,9,7,30,0
2023,2,9,7,45,0
2023,2,9,8,0,0
2023,2,9,8,15,0
2023,2,9,8,30,0
2023,2,9,8,45,0
2023,2,9,9,0,0
2023,2,9,9,15,0
2023,2,9,9,30,0
2023,2,9,9,45,0
2023,2,9,10,0,0
2023,2,9,10,15,0
2023,2,9,10,30,0
2023,2,9,10,45,0
2023,2,9,11,0,0
2023,2,9,11,15,0
2023,2,9,11,30,0
2023,2,9,11,45,0
2023,2,9,12,0,0
2023,2,9,12,15,0
2023,2,9,12,30,0
2023,2,9,12,45,0
2023,2,9,13,0,0
2023,2,9,13,15,0
2023,2,9,13,30,0
2023,2,9,13,45,0
2023,2,9,14,0,0
2023,2,9,14,15,0
2023,2,9,14,30,0
2023,2,9,14,45,21
2023,2,9,15,0,57
2023,2,9,15,15,102
2023,2,9,15,30,153
2023,2,9,15,45,204
2023,2,9,16,0,255
2023,2,9,16,15,305
2023,2,9,16,30,354
2023,2,9,16,45,401
2023,2,9,17,0,446
2023,2,9,17,15,488
2023,2,9,17,30,528
2023,2,9,17,45,564
2023,2,9,18,0,597
2023,2,9,18,15,626
2023,2,9,18,30,651
2023,2,9,18,45,673
2023,2,9,19,0,690
2023,2,9,19,15,703
2023,2,9,19,30,712
2023,2,9,19,45,717
2023,2,9,20,0,717
2023,2,9,20,15,713
2023,2,9,20,30,705
2023,2,9,20,45,693
2023,2,9,21,0,676
2023,2,9,21,15,656
2023,2,9,21,30,631
2023,2,9,21,45,603
2023,2,9,22,0,571
2023,2,9,22,15,536
2023,2,9,22,30,497
2023,2,9,22,45,456
2023,2,9,23,0,412
2023,2,9,23,15,365
2023,2,9,23,30,316
2023,2,9,23,45,266
2023,2,10,0,0,215
2023,2,10,0,15,164
2023,2,10,0,30,115
2023,2,10,0,45,68
2023,2,10,1,0,29
2023,2,10,1,15,0
2023,2,10,1,30,0
2023,2,10,1,45,0
2023,2,10,2,0,0
2023,2,10,2,15,0
2023,2,10,2,30,0
2023,2,10,2,45,0
2023,2,10,3,0,0
2023,2,10,3,15,0
2023,2,10,3,30,0
2023,2,10,3,45,0
2023,2,10,4,0,0
2023,2,10,4,15,0
2023,2,10,4,30,0
2023,2,10,4,45,0
2023,2,10,5,0,0
2023,2,10,5,15,0
2023,2,10,5,30,0
2023,2,10,5,45,0
2023,2,10,6,0,0
2023,2,10,6,15,0
2023,2,10,6,30,0
2023,2,10,6,45,0
2023,2,10,7,0,0
2023,2,10,7,15,0
2023,2,10,7,30,0
2023,2,10,7,45,0
2023,2,10,8,0,0
2023,2,10,8,15,0
2023,2,10,8,30,0
2023,2,10,8,45,0
2023,2,10,9,0,0
2023,2,10,9,15,0
2023,2,10,9,30,0
2023,2,10,9,45,0
2023,2,10,10,0,0
2023,2,10,10,15,0
2023,2,10,10,30,0
2023,2,10,10,45,0
2023,2,10,11,0,0
2023,2,10,11,15,0
2023,2,10,11,30,0
2023,2,10,11,45,0
2023,2,10,12,0,0
2023,2,10,12,15,0
2023,2,10,12,30,0
2023,2,10,12,45,0
2023,2,10,13,0,0
2023,2,10,13,15,0
2023,2,10,13,30,0
2023,2,10,13,45,0
2023,2,10,14,0,0
2023,2,10,14,15,0
2023,2,10,14,30,0
2023,2,10,14,45,24
2023,2,10,15,0,63
2023,2,10,15,15,109
2023,2,10,15,30,158
2023,2,10,15,45,210
2023,2,10,16,0,261
2023,2,10,16,15,311
2023,2,10,16,30,360
2023,2,10,16,45,408
2023,2,10,17,0,453
2023,2,10,17,15,495
2023,2,10,17,30,534
2023,2,10,17,45,570
2023,2,10,18,0,603
2023,2,10,18,15,632
2023,2,10,18,30,658
2023,2,10,18,45,679
2023,2,10,19,0,697
2023,2,10,19,15,710
2023,2,10,19,30,719
2023,2,10,19,45,724
2023,2,10,20,0,724
2023,2,10,20,15,720
2023,2,10,20,30,712
2023,2,10,20,45,700
2023,2,10,21,0,683
2023,2,10,21,15,670
2023,2,10,21,30,645
2023,2,10,21,45,616
2023,2,10,22,0,584
2023,2,10,22,15,548
2023,2,10,22,30,510
2023,2,10,22,45,467
2023,2,10,23,0,422
2023,2,10,23,15,375
2023,2,10,23,30,326
2023,2,10,23,45,275
2023,2,11,0,0,223
2023,2,11,0,15,171
2023,2,11,0,30,121
2023,2,11,0,45,72
2023,2,11,1,0,21
2023,2,11,1,15,0
2023,2,11,1,30,0
2023,2,11,1,45,0
2023,2,11,2,0,0
2023,2,11,2,15,0
2023,2,11,2,30,0
2023,2,11,2,45,0
2023,2,11,3,0,0
2023,2,11,3,15,0
2023,2,11,3,30,0
2023,2,11,3,45,0
2023,2,11,4,0,0
2023,2,11,4,15,0
2023,2,11,4,30,0
2023,2,11,4,45,0
2023,2,11,5,0,0
2023,2,11,5,15,0
2023,2,11,5,30,0
2023,2,11,5,45,0
2023,2,11,6,0,0
2023,2,11,6,15,0
2023,2,11,6,30,0
2023,2,11,6,45,0
2023,2,11,7,0,0
2023,2,11,7,15,0
2023,2,11,7,30,0
2023,2,11,7,45,0
2023,2,11,8,0,0
2023,2,11,8,15,0
2023,2,11,8,30,0
2023,2,11,8,45,0
2023,2,11,9,0,0
2023,2,11,9,15,0
2023,2,11,9,30,0
2023,2,11,9,45,0
2023,2,11,10,0,0
2023,2,11,10,15,0
2023,2,11,10,30,0
2023,2,11,10,45,0
2023,2,11,11,0,0
2023,2,11,11,15,0
2023,2,11,11,30,0
2023,2,11,11,45,0
2023,2,11,12,0,0
2023,2,11,12,15,0
2023,2,11,12,30,0
2023,2,11,12,45,0
2023,2,11,13,0,0
2023,2,11,13,15,0
2023,2,11,13,30,0
2023,2,11,13,45,0
2023,2,11,14,0,0
2023,2,11,14,15,0
2023,2,11,14,30,0
2023,2,11,14,45,15
2023,2,11,15,0,26
2023,2,11,15,15,45
2023,2,11,15,30,109
2023,2,11,15,45,113
2023,2,11,16,0,153
2023,2,11,16,15,208
2023,2,11,16,30,126
2023,2,11,16,45,286
2023,2,11,17,0,317
2023,2,11,17,15,371
2023,2,11,17,30,410
2023,2,11,17,45,466
2023,2,11,18,0,456
2023,2,11,18,15,446
2023,2,11,18,30,435
2023,2,11,18,45,431
2023,2,11,19,0,480
2023,2,11,19,15,554
2023,2,11,19,30,557
2023,2,11,19,45,617
2023,2,11,20,0,716
2023,2,11,20,15,605
2023,2,11,20,30,704
2023,2,11,20,45,689
2023,2,11,21,0,673
2023,2,11,21,15,653
2023,2,11,21,30,628
2023,2,11,21,45,598
2023,2,11,22,0,566
2023,2,11,22,15,531
2023,2,11,22,30,492
2023,2,11,22,45,449
2023,2,11,23,0,405
2023,2,11,23,15,358
2023,2,11,23,30,310
2023,2,11,23,45,259
2023,2,12,0,0,209
2023,2,12,0,15,151
2023,2,12,0,30,98
2023,2,12,0,45,47
2023,2,12,1,0,29
2023,2,12,1,15,0
2023,2,12,1,30,0
2023,2,12,1,45,0
2023,2,12,2,0,0
2023,2,12,2,15,0
2023,2,12,2,30,0
2023,2,12,2,45,0
2023,2,12,3,0,0
2023,2,12,3,15,0
2023,2,12,3,30,0
2023,2,12,3,45,0
2023,2,12,4,0,0
2023,2,12,4,15,0
2023,2,12,4,30,0
2023,2,12,4,45,0
2023,2,12,5,0,0
2023,2,12,5,15,0
2023,2,12,5,30,0
2023,2,12,5,45,0
2023,2,12,6,0,0
2023,2,12,6,15,0
2023,2,12,6,30,0
2023,2,12,6,45,0
2023,2,12,7,0,0
2023,2,12,7,15,0
2023,2,12,7,30,0
2023,2,12,7,45,0
2023,2,12,8,0,0
2023,2,12,8,15,0
2023,2,12,8,30,0
2023,2,12,8,45,0
2023,2,12,9,0,0
2023,2,12,9,15,0
2023,2,12,9,30,0
2023,2,12,9,45,0
2023,2,12,10,0,0
2023,2,12,10,15,0
2023,2,12,10,30,0
2023,2,12,10,45,0
2023,2,12,11,0,0
2023,2,12,11,15,0
2023,2,12,11,30,0
2023,2,12,11,45,0
2023,2,12,12,0,0
2023,2,12,12,15,0
2023,2,12,12,30,0
2023,2,12,12,45,0
2023,2,12,13,0,0
2023,2,12,13,15,0
2023,2,12,13,30,0
2023,2,12,13,45,0
2023,2,12,14,0,0
2023,2,12,14,15,0
2023,2,12,14,30,0
2023,2,12,14,45,14
2023,2,12,15,0,33
2023,2,12,15,15,53
2023,2,12,15,30,14
2023,2,12,15,45,188
2023,2,12,16,0,214
2023,2,12,16,15,110
2023,2,12,16,30,295
2023,2,12,16,45,356
2023,2,12,17,0,174
2023,2,12,17,15,275
2023,2,12,17,30,419
2023,2,12,17,45,44
2023,2,12,18,0,439
2023,2,12,18,15,336
2023,2,12,18,30,524
2023,2,12,18,45,503
2023,2,12,19,0,592
2023,2,12,19,15,545
2023,2,12,19,30,561
2023,2,12,19,45,535
2023,2,12,20,0,413
2023,2,12,20,15,323
2023,2,12,20,30,563
2023,2,12,20,45,497
2023,2,12,21,0,572
2023,2,12,21,15,538
2023,2,12,21,30,504
2023,2,12,21,45,347
2023,2,12,22,0,424
2023,2,12,22,15,282
2023,2,12,22,30,328
2023,2,12,22,45,263
2023,2,12,23,0,404
2023,2,12,23,15,219
2023,2,12,23,30,192
2023,2,12,23,45,263
2023,2,13,0,0,213
2023,2,13,0,15,109
2023,2,13,0,30,84
2023,2,13,0,45,48
2023,2,13,1,0,23
2023,2,13,1,15,0
2023,2,13,1,30,0
2023,2,13,1,45,0
2023,2,13,2,0,0
2023,2,13,2,15,0
2023,2,13,2,30,0
2023,2,13,2,45,0
2023,2,13,3,0,0
2023,2,13,3,15,0
2023,2,13,3,30,0
2023,2,13,3,45,0
2023,2,13,4,0,0
2023,2,13,4,15,0
2023,2,13,4,30,0
2023,2,13,4,45,0
2023,2,13,5,0,0
2023,2,13,5,15,0
2023,2,13,5,30,0
2023,2,13,5,45,0
2023,2,13,6,0,0
2023,2,13,6,15,0
2023,2,13,6,30,0
2023,2,13,6,45,0
2023,2,13,7,0,0
2023,2,13,7,15,0
2023,2,13,7,30,0
2023,2,13,7,45,0
2023,2,13,8,0,0
2023,2,13,8,15,0
2023,2,13,8,30,0
2023,2,13,8,45,0
2023,2,13,9,0,0
2023,2,13,9,15,0
2023,2,13,9,30,0
2023,2,13,9,45,0
2023,2,13,10,0,0
2023,2,13,10,15,0
2023,2,13,10,30,0
2023,2,13,10,45,0
2023,2,13,11,0,0
2023,2,13,11,15,0
2023,2,13,11,30,0
2023,2,13,11,45,0
2023,2,13,12,0,0
2023,2,13,12,15,0
2023,2,13,12,30,0
2023,2,13,12,45,0
2023,2,13,13,0,0
2023,2,13,13,15,0
2023,2,13,13,30,0
2023,2,13,13,45,0
2023,2,13,14,0,0
2023,2,13,14,15,0
2023,2,13,14,30,0
2023,2,13,14,45,15
2023,2,13,15,0,36
2023,2,13,15,15,64
2023,2,13,15,30,4
2023,2,13,15,45,61
2023,2,13,16,0,138
2023,2,13,16,15,70
2023,2,13,16,30,128
2023,2,13,16,45,393
2023,2,13,17,0,437
2023,2,13,17,15,477
2023,2,13,17,30,516
2023,2,13,17,45,553
2023,2,13,18,0,585
2023,2,13,18,15,613
2023,2,13,18,30,638
2023,2,13,18,45,659
2023,2,13,19,0,676
2023,2,13,19,15,687
2023,2,13,19,30,696
2023,2,13,19,45,699
2023,2,13,20,0,700
2023,2,13,20,15,696
2023,2,13,20,30,688
2023,2,13,20,45,674
2023,2,13,21,0,657
2023,2,13,21,15,638
2023,2,13,21,30,614
2023,2,13,21,45,586
2023,2,13,22,0,555
2023,2,13,22,15,520
2023,2,13,22,30,483
2023,2,13,22,45,443
2023,2,13,23,0,400
2023,2,13,23,15,354
2023,2,13,23,30,307
2023,2,13,23,45,182
2023,2,14,0,0,158
2023,2,14,0,15,81
2023,2,14,0,30,88
2023,2,14,0,45,55
2023,2,14,1,0,25
2023,2,14,1,15,0
2023,2,14,1,30,0
2023,2,14,1,45,0
2023,2,14,2,0,0
2023,2,14,2,15,0
2023,2,14,2,30,0
2023,2,14,2,45,0
2023,2,14,3,0,0
2023,2,14,3,15,0
2023,2,14,3,30,0
2023,2,14,3,45,0
2023,2,14,4,0,0
2023,2,14,4,15,0
2023,2,14,4,30,0
2023,2,14,4,45,0
2023,2,14,5,0,0
2023,2,14,5,15,0
2023,2,14,5,30,0
2023,2,14,5,45,0
2023,2,14,6,0,0
2023,2,14,6,15,0
2023,2,14,6,30,0
2023,2,14,6,45,0
2023,2,14,7,0,0
2023,2,14,7,15,0
2023,2,14,7,30,0
2023,2,14,7,45,0
2023,2,14,8,0,0
2023,2,14,8,15,0
2023,2,14,8,30,0
2023,2,14,8,45,0
2023,2,14,9,0,0
2023,2,14,9,15,0
2023,2,14,9,30,0
2023,2,14,9,45,0
2023,2,14,10,0,0
2023,2,14,10,15,0
2023,2,14,10,30,0
2023,2,14,10,45,0
2023,2,14,11,0,0
2023,2,14,11,15,0
2023,2,14,11,30,0
2023,2,14,11,45,0
2023,2,14,12,0,0
2023,2,14,12,15,0
2023,2,14,12,30,0
2023,2,14,12,45,0
2023,2,14,13,0,0
2023,2,14,13,15,0
2023,2,14,13,30,0
2023,2,14,13,45,0
2023,2,14,14,0,0
2023,2,14,14,15,0
2023,2,14,14,30,0
2023,2,14,14,45,24
2023,2,14,15,0,58
2023,2,14,15,15,99
2023,2,14,15,30,144
2023,2,14,15,45,191
2023,2,14,16,0,239
2023,2,14,16,15,287
2023,2,14,16,30,334
2023,2,14,16,45,381
2023,2,14,17,0,424
2023,2,14,17,15,465
2023,2,14,17,30,419
2023,2,14,17,45,51
2023,2,14,18,0,40
2023,2,14,18,15,154
2023,2,14,18,30,35
2023,2,14,18,45,166
2023,2,14,19,0,417
2023,2,14,19,15,32
2023,2,14,19,30,44
2023,2,14,19,45,33
2023,2,14,20,0,33
2023,2,14,20,15,16
2023,2,14,20,30,37
2023,2,14,20,45,33
2023,2,14,21,0,15
2023,2,14,21,15,14
2023,2,14,21,30,18
2023,2,14,21,45,54
2023,2,14,22,0,30
2023,2,14,22,15,138
2023,2,14,22,30,119
2023,2,14,22,45,200
2023,2,14,23,0,364
2023,2,14,23,15,316
2023,2,14,23,30,202
2023,2,14,23,45,180
2023,2,15,0,0,233
2023,2,15,0,15,181
2023,2,15,0,30,105
2023,2,15,0,45,51
2023,2,15,1,0,40
2023,2,15,1,15,0
2023,2,15,1,30,0
2023,2,15,1,45,0
2023,2,15,2,0,0
2023,2,15,2,15,0
2023,2,15,2,30,0
2023,2,15,2,45,0
2023,2,15,3,0,0
2023,2,15,3,15,0
2023,2,15,3,30,0
2023,2,15,3,45,0
2023,2,15,4,0,0
2023,2,15,4,15,0
2023,2,15,4,30,0
2023,2,15,4,45,0
2023,2,15,5,0,0
2023,2,15,5,15,0
2023,2,15,5,30,0
2023,2,15,5,45,0
2023,2,15,6,0,0
2023,2,15,6,15,0
2023,2,15,6,30,0
2023,2,15,6,45,0
2023,2,15,7,0,0
2023,2,15,7,15,0
2023,2,15,7,30,0
2023,2,15,7,45,0
2023,2,15,8,0,0
2023,2,15,8,15,0
2023,2,15,8,30,0
2023,2,15,8,45,0
2023,2,15,9,0,0
2023,2,15,9,15,0
2023,2,15,9,30,0
2023,2,15,9,45,0
2023,2,15,10,0,0
2023,2,15,10,15,0
2023,2,15,10,30,0
2023,2,15,10,45,0
2023,2,15,11,0,0
2023,2,15,11,15,0
2023,2,15,11,30,0
2023,2,15,11,45,0
2023,2,15,12,0,0
2023,2,15,12,15,0
2023,2,15,12,30,0
2023,2,15,12,45,0
2023,2,15,13,0,0
2023,2,15,13,15,0
2023,2,15,13,30,0
2023,2,15,13,45,0
2023,2,15,14,0,0
2023,2,15,14,15,0
2023,2,15,14,30,0
2023,2,15,14,45,35
2023,2,15,15,0,77
2023,2,15,15,15,125
2023,2,15,15,30,176
2023,2,15,15,45,218
2023,2,15,16,0,280
2023,2,15,16,15,331
2023,2,15,16,30,381
2023,2,15,16,45,428
2023,2,15,17,0,473
2023,2,15,17,15,516
2023,2,15,17,30,556
2023,2,15,17,45,589
2023,2,15,18,0,622
2023,2,15,18,15,651
2023,2,15,18,30,677
2023,2,15,18,45,699
2023,2,15,19,0,716
2023,2,15,19,15,626
2023,2,15,19,30,456
2023,2,15,19,45,603
2023,2,15,20,0,745
2023,2,15,20,15,616
2023,2,15,20,30,396
2023,2,15,20,45,448
2023,2,15,21,0,216
2023,2,15,21,15,81
2023,2,15,21,30,257
2023,2,15,21,45,265
2023,2,15,22,0,434
2023,2,15,22,15,500
2023,2,15,22,30,530
2023,2,15,22,45,488
2023,2,15,23,0,443
2023,2,15,23,15,395
2023,2,15,23,30,345
2023,2,15,23,45,295
2023,2,16,0,0,242
2023,2,16,0,15,189
2023,2,16,0,30,138
2023,2,16,0,45,88
2023,2,16,1,0,44
2023,2,16,1,15,0
2023,2,16,1,30,0
2023,2,16,1,45,0
2023,2,16,2,0,0
2023,2,16,2,15,0
2023,2,16,2,30,0
2023,2,16,2,45,0
2023,2,16,3,0,0
2023,2,16,3,15,0
2023,2,16,3,30,0
2023,2,16,3,45,0
2023,2,16,4,0,0
2023,2,16,4,15,0
2023,2,16,4,30,0
2023,2,16,4,45,0
2023,2,16,5,0,0
2023,2,16,5,15,0
2023,2,16,5,30,0
2023,2,16,5,45,0
2023,2,16,6,0,0
2023,2,16,6,15,0
2023,2,16,6,30,0
2023,2,16,6,45,0
2023,2,16,7,0,0
2023,2,16,7,15,0
2023,2,16,7,30,0
2023,2,16,7,45,0
2023,2,16,8,0,0
2023,2,16,8,15,0
2023,2,16,8,30,0
2023,2,16,8,45,0
2023,2,16,9,0,0
2023,2,16,9,15,0
2023,2,16,9,30,0
2023,2,16,9,45,0
2023,2,16,10,0,0
2023,2,16,10,15,0
2023,2,16,10,30,0
2023,2,16,10,45,0
2023,2,16,11,0,0
2023,2,16,11,15,0
2023,2,16,11,30,0
2023,2,16,11,45,0
2023,2,16,12,0,0
2023,2,16,12,15,0
2023,2,16,12,30,0
2023,2,16,12,45,0
2023,2,16,13,0,0
2023,2,16,13,15,0
2023,2,16,13,30,0
2023,2,16,13,45,0
2023,2,16,14,0,0
2023,2,16,14,15,0
2023,2,16,14,30,0
2023,2,16,14,45,41
2023,2,16,15,0,85
2023,2,16,15,15,135
2023,2,16,15,30,188
2023,2,16,15,45,242
2023,2,16,16,0,295
2023,2,16,16,15,348
2023,2,16,16,30,399
2023,2,16,16,45,447
2023,2,16,17,0,493
2023,2,16,17,15,537
2023,2,16,17,30,577
2023,2,16,17,45,614
2023,2,16,18,0,648
2023,2,16,18,15,678
2023,2,16,18,30,704
2023,2,16,18,45,726
2023,2,16,19,0,744
2023,2,16,19,15,758
2023,2,16,19,30,767
2023,2,16,19,45,772
2023,2,16,20,0,772
2023,2,16,20,15,768
2023,2,16,20,30,760
2023,2,16,20,45,746
2023,2,16,21,0,730
2023,2,16,21,15,708
2023,2,16,21,30,683
2023,2,16,21,45,653
2023,2,16,22,0,536
2023,2,16,22,15,496
2023,2,16,22,30,544
2023,2,16,22,45,423
2023,2,16,23,0,448
2023,2,16,23,15,400
2023,2,16,23,30,350
2023,2,16,23,45,299
2023,2,17,0,0,246
2023,2,17,0,15,193
2023,2,17,0,30,141
2023,2,17,0,45,92
2023,2,17,1,0,47
2023,2,17,1,15,0
2023,2,17,1,30,0
2023,2,17,1,45,0
2023,2,17,2,0,0
2023,2,17,2,15,0
2023,2,17,2,30,0
2023,2,17,2,45,0
2023,2,17,3,0,0
2023,2,17,3,15,0
2023,2,17,3,30,0
2023,2,17,3,45,0
2023,2,17,4,0,0
2023,2,17,4,15,0
2023,2,17,4,30,0
2023,2,17,4,45,0
2023,2,17,5,0,0
2023,2,17,5,15,0
2023,2,17,5,30,0
2023,2,17,5,45,0
2023,2,17,6,0,0
2023,2,17,6,15,0
2023,2,17,6,30,0
2023,2,17,6,45,0
2023,2,17,7,0,0
2023,2,17,7,15,0
2023,2,17,7,30,0
2023,2,17,7,45,0
2023,2,17,8,0,0
2023,2,17,8,15,0
2023,2,17,8,30,0
2023,2,17,8,45,0
2023,2,17,9,0,0
2023,2,17,9,15,0
2023,2,17,9,30,0
2023,2,17,9,45,0
2023,2,17,10,0,0
2023,2,17,10,15,0
2023,2,17,10,30,0
2023,2,17,10,45,0
2023,2,17,11,0,0
2023,2,17,11,15,0
2023,2,17,11,30,0
2023,2,17,11,45,0
2023,2,17,12,0,0
2023,2,17,12,15,0
2023,2,17,12,30,0
2023,2,17,12,45,0
2023,2,17,13,0,0
2023,2,17,13,15,0
2023,2,17,13,30,0
2023,2,17,13,45,0
2023,2,17,14,0,0
2023,2,17,14,15,0
2023,2,17,14,30,0
2023,2,17,14,45,26
2023,2,17,15,0,57
2023,2,17,15,15,129
2023,2,17,15,30,187
2023,2,17,15,45,243
2023,2,17,16,0,296
2023,2,17,16,15,300
2023,2,17,16,30,383
2023,2,17,16,45,437
2023,2,17,17,0,431
2023,2,17,17,15,465
2023,2,17,17,30,517
2023,2,17,17,45,534
2023,2,17,18,0,551
2023,2,17,18,15,578
2023,2,17,18,30,581
2023,2,17,18,45,592
2023,2,17,19,0,619
2023,2,17,19,15,604
2023,2,17,19,30,600
2023,2,17,19,45,620
2023,2,17,20,0,630
2023,2,17,20,15,630
2023,2,17,20,30,615
2023,2,17,20,45,585
2023,2,17,21,0,586
2023,2,17,21,15,561
2023,2,17,21,30,563
2023,2,17,21,45,532
2023,2,17,22,0,484
2023,2,17,22,15,452
2023,2,17,22,30,414
2023,2,17,22,45,391
2023,2,17,23,0,344
2023,2,17,23,15,292
2023,2,17,23,30,249
2023,2,17,23,45,183
2023,2,18,0,0,156
2023,2,18,0,15,115
2023,2,18,0,30,97
2023,2,18,0,45,42
2023,2,18,1,0,22
2023,2,18,1,15,5
2023,2,18,1,30,0
2023,2,18,1,45,0
2023,2,18,2,0,0
2023,2,18,2,15,0
2023,2,18,2,30,0
2023,2,18,2,45,0
2023,2,18,3,0,0
2023,2,18,3,15,0
2023,2,18,3,30,0
2023,2,18,3,45,0
2023,2,18,4,0,0
2023,2,18,4,15,0
2023,2,18,4,30,0
2023,2,18,4,45,0
2023,2,18,5,0,0
2023,2,18,5,15,0
2023,2,18,5,30,0
2023,2,18,5,45,0
2023,2,18,6,0,0
2023,2,18,6,15,0
2023,2,18,6,30,0
2023,2,18,6,45,0
2023,2,18,7,0,0
2023,2,18,7,15,0
2023,2,18,7,30,0
2023,2,18,7,45,0
2023,2,18,8,0,0
2023,2,18,8,15,0
2023,2,18,8,30,0
2023,2,18,8,45,0
2023,2,18,9,0,0
2023,2,18,9,15,0
2023,2,18,9,30,0
2023,2,18,9,45,0
2023,2,18,10,0,0
2023,2,18,10,15,0
2023,2,18,10,30,0
2023,2,18,10,45,0
2023,2,18,11,0,0
2023,2,18,11,15,0
2023,2,18,11,30,0
2023,2,18,11,45,0
2023,2,18,12,0,0
2023,2,18,12,15,0
2023,2,18,12,30,0
2023,2,18,12,45,0
2023,2,18,13,0,0
2023,2,18,13,15,0
2023,2,18,13,30,0
2023,2,18,13,45,0
2023,2,18,14,0,0
2023,2,18,14,15,0
2023,2,18,14,30,0
2023,2,18,14,45,39
2023,2,18,15,0,79
2023,2,18,15,15,126
2023,2,18,15,30,176
2023,2,18,15,45,227
2023,2,18,16,0,278
2023,2,18,16,15,329
2023,2,18,16,30,378
2023,2,18,16,45,426
2023,2,18,17,0,470
2023,2,18,17,15,513
2023,2,18,17,30,551
2023,2,18,17,45,468
2023,2,18,18,0,627
2023,2,18,18,15,656
2023,2,18,18,30,681
2023,2,18,18,45,704
2023,2,18,19,0,721
2023,2,18,19,15,734
2023,2,18,19,30,743
2023,2,18,19,45,749
2023,2,18,20,0,749
2023,2,18,20,15,745
2023,2,18,20,30,737
2023,2,18,20,45,719
2023,2,18,21,0,702
2023,2,18,21,15,682
2023,2,18,21,30,653
2023,2,18,21,45,626
2023,2,18,22,0,594
2023,2,18,22,15,558
2023,2,18,22,30,520
2023,2,18,22,45,478
2023,2,18,23,0,433
2023,2,18,23,15,387
2023,2,18,23,30,339
2023,2,18,23,45,288
2023,2,19,0,0,237
2023,2,19,0,15,83
2023,2,19,0,30,66
2023,2,19,0,45,69
2023,2,19,1,0,30
2023,2,19,1,15,6
2023,2,19,1,30,0
2023,2,19,1,45,0
2023,2,19,2,0,0
2023,2,19,2,15,0
2023,2,19,2,30,0
2023,2,19,2,45,0
2023,2,19,3,0,0
2023,2,19,3,15,0
2023,2,19,3,30,0
2023,2,19,3,45,0
2023,2,19,4,0,0
2023,2,19,4,15,0
2023,2,19,4,30,0
2023,2,19,4,45,0
2023,2,19,5,0,0
2023,2,19,5,15,0
2023,2,19,5,30,0
2023,2,19,5,45,0
2023,2,19,6,0,0
2023,2,19,6,15,0
2023,2,19,6,30,0
2023,2,19,6,45,0
2023,2,19,7,0,0
2023,2,19,7,15,0
2023,2,19,7,30,0
2023,2,19,7,45,0
2023,2,19,8,0,0
2023,2,19,8,15,0
2023,2,19,8,30,0
2023,2,19,8,45,0
2023,2,19,9,0,0
2023,2,19,9,15,0
2023,2,19,9,30,0
2023,2,19,9,45,0
2023,2,19,10,0,0
2023,2,19,10,15,0
2023,2,19,10,30,0
2023,2,19,10,45,0
2023,2,19,11,0,0
2023,2,19,11,15,0
2023,2,19,11,30,0
2023,2,19,11,45,0
2023,2,19,12,0,0
2023,2,19,12,15,0
2023,2,19,12,30,0
2023,2,19,12,45,0
2023,2,19,13,0,0
2023,2,19,13,15,0
2023,2,19,13,30,0
2023,2,19,13,45,0
2023,2,19,14,0,0
2023,2,19,14,15,0
2023,2,19,14,30,5
2023,2,19,14,45,27
2023,2,19,15,0,52
2023,2,19,15,15,113
2023,2,19,15,30,175
2023,2,19,15,45,238
2023,2,19,16,0,290
2023,2,19,16,15,341
2023,2,19,16,30,390
2023,2,19,16,45,438
2023,2,19,17,0,419
2023,2,19,17,15,526
2023,2,19,17,30,565
2023,2,19,17,45,601
2023,2,19,18,0,634
2023,2,19,18,15,664
2023,2,19,18,30,689
2023,2,19,18,45,711
2023,2,19,19,0,728
2023,2,19,19,15,741
2023,2,19,19,30,750
2023,2,19,19,45,755
2023,2,19,20,0,756
2023,2,19,20,15,752
2023,2,19,20,30,743
2023,2,19,20,45,728
2023,2,19,21,0,712
2023,2,19,21,15,691
2023,2,19,21,30,666
2023,2,19,21,45,638
2023,2,19,22,0,606
2023,2,19,22,15,570
2023,2,19,22,30,531
2023,2,19,22,45,490
2023,2,19,23,0,445
2023,2,19,23,15,398
2023,2,19,23,30,348
2023,2,19,23,45,298
2023,2,20,0,0,247
2023,2,20,0,15,195
2023,2,20,0,30,143
2023,2,20,0,45,94
2023,2,20,1,0,50
2023,2,20,1,15,17
2023,2,20,1,30,0
2023,2,20,1,45,0
2023,2,20,2,0,0
2023,2,20,2,15,0
2023,2,20,2,30,0
2023,2,20,2,45,0
2023,2,20,3,0,0
2023,2,20,3,15,0
2023,2,20,3,30,0
2023,2,20,3,45,0
2023,2,20,4,0,0
2023,2,20,4,15,0
2023,2,20,4,30,0
2023,2,20,4,45,0
2023,2,20,5,0,0
2023,2,20,5,15,0
2023,2,20,5,30,0
2023,2,20,5,45,0
2023,2,20,6,0,0
2023,2,20,6,15,0
2023,2,20,6,30,0
2023,2,20,6,45,0
2023,2,20,7,0,0
2023,2,20,7,15,0
2023,2,20,7,30,0
2023,2,20,7,45,0
2023,2,20,8,0,0
2023,2,20,8,15,0
2023,2,20,8,30,0
2023,2,20,8,45,0
2023,2,20,9,0,0
2023,2,20,9,15,0
2023,2,20,9,30,0
2023,2,20,9,45,0
2023,2,20,10,0,0
2023,2,20,10,15,0
2023,2,20,10,30,0
2023,2,20,10,45,0
2023,2,20,11,0,0
2023,2,20,11,15,0
2023,2,20,11,30,0
2023,2,20,11,45,0
2023,2,20,12,0,0
2023,2,20,12,15,0
2023,2,20,12,30,0
2023,2,20,12,45,0
2023,2,20,13,0,0
2023,2,20,13,15,0
2023,2,20,13,30,0
2023,2,20,13,45,0
2023,2,20,14,0,0
2023,2,20,14,15,0
2023,2,20,14,30,15
2023,2,20,14,45,47
2023,2,20,15,0,90
2023,2,20,15,15,139
2023,2,20,15,30,190
2023,2,20,15,45,241
2023,2,20,16,0,293
2023,2,20,16,15,343
2023,2,20,16,30,392
2023,2,20,16,45,439
2023,2,20,17,0,484
2023,2,20,17,15,526
2023,2,20,17,30,565
2023,2,20,17,45,603
2023,2,20,18,0,636
2023,2,20,18,15,665
2023,2,20,18,30,690
2023,2,20,18,45,711
2023,2,20,19,0,728
2023,2,20,19,15,741
2023,2,20,19,30,750
2023,2,20,19,45,755
2023,2,20,20,0,755
2023,2,20,20,15,752
2023,2,20,20,30,743
2023,2,20,20,45,729
2023,2,20,21,0,712
2023,2,20,21,15,691
2023,2,20,21,30,667
2023,2,20,21,45,638
2023,2,20,22,0,606
2023,2,20,22,15,571
2023,2,20,22,30,532
2023,2,20,22,45,487
2023,2,20,23,0,443
2023,2,20,23,15,397
2023,2,20,23,30,348
2023,2,20,23,45,298
2023,2,21,0,0,247
2023,2,21,0,15,195
2023,2,21,0,30,144
2023,2,21,0,45,96
2023,2,21,1,0,52
2023,2,21,1,15,18
2023,2,21,1,30,0
2023,2,21,1,45,0
2023,2,21,2,0,0
2023,2,21,2,15,0
2023,2,21,2,30,0
2023,2,21,2,45,0
2023,2,21,3,0,0
2023,2,21,3,15,0
2023,2,21,3,30,0
2023,2,21,3,45,0
2023,2,21,4,0,0
2023,2,21,4,15,0
2023,2,21,4,30,0
2023,2,21,4,45,0
2023,2,21,5,0,0
2023,2,21,5,15,0
2023,2,21,5,30,0
2023,2,21,5,45,0
2023,2,21,6,0,0
2023,2,21,6,15,0
2023,2,21,6,30,0
2023,2,21,6,45,0
2023,2,21,7,0,0
2023,2,21,7,15,0
2023,2,21,7,30,0
2023,2,21,7,45,0
2023,2,21,8,0,0
2023,2,21,8,15,0
2023,2,21,8,30,0
2023,2,21,8,45,0
2023,2,21,9,0,0
2023,2,21,9,15,0
2023,2,21,9,30,0
2023,2,21,9,45,0
2023,2,21,10,0,0
2023,2,21,10,15,0
2023,2,21,10,30,0
2023,2,21,10,45,0
2023,2,21,11,0,0
2023,2,21,11,15,0
2023,2,21,11,30,0
2023,2,21,11,45,0
2023,2,21,12,0,0
2023,2,21,12,15,0
2023,2,21,12,30,0
2023,2,21,12,45,0
2023,2,21,13,0,0
2023,2,21,13,15,0
2023,2,21,13,30,0
2023,2,21,13,45,0
2023,2,21,14,0,0
2023,2,21,14,15,0
2023,2,21,14,30,16
2023,2,21,14,45,49
2023,2,21,15,0,93
2023,2,21,15,15,141
2023,2,21,15,30,191
2023,2,21,15,45,243
2023,2,21,16,0,295
2023,2,21,16,15,344
2023,2,21,16,30,392
2023,2,21,16,45,438
2023,2,21,17,0,482
2023,2,21,17,15,397
2023,2,21,17,30,561
2023,2,21,17,45,562
2023,2,21,18,0,597
2023,2,21,18,15,541
2023,2,21,18,30,538
2023,2,21,18,45,628
2023,2,21,19,0,586
2023,2,21,19,15,627
2023,2,21,19,30,737
2023,2,21,19,45,738
2023,2,21,20,0,738
2023,2,21,20,15,734
2023,2,21,20,30,531
2023,2,21,20,45,554
2023,2,21,21,0,545
2023,2,21,21,15,506
2023,2,21,21,30,447
2023,2,21,21,45,349
2023,2,21,22,0,319
2023,2,21,22,15,294
2023,2,21,22,30,102
2023,2,21,22,45,154
2023,2,21,23,0,90
2023,2,21,23,15,134
2023,2,21,23,30,168
2023,2,21,23,45,223
2023,2,22,0,0,147
2023,2,22,0,15,8
2023,2,22,0,30,34
2023,2,22,0,45,39
2023,2,22,1,0,25
2023,2,22,1,15,8
2023,2,22,1,30,0
2023,2,22,1,45,0
2023,2,22,2,0,0
2023,2,22,2,15,0
2023,2,22,2,30,0
2023,2,22,2,45,0
2023,2,22,3,0,0
2023,2,22,3,15,0
2023,2,22,3,30,0
2023,2,22,3,45,0
2023,2,22,4,0,0
2023,2,22,4,15,0
2023,2,22,4,30,0
2023,2,22,4,45,0
2023,2,22,5,0,0
2023,2,22,5,15,0
2023,2,22,5,30,0
2023,2,22,5,45,0
2023,2,22,6,0,0
2023,2,22,6,15,0
2023,2,22,6,30,0
2023,2,22,6,45,0
2023,2,22,7,0,0
2023,2,22,7,15,0
2023,2,22,7,30,0
2023,2,22,7,45,0
2023,2,22,8,0,0
2023,2,22,8,15,0
2023,2,22,8,30,0
2023,2,22,8,45,0
2023,2,22,9,0,0
2023,2,22,9,15,0
2023,2,22,9,30,0
2023,2,22,9,45,0
2023,2,22,10,0,0
2023,2,22,10,15,0
2023,2,22,10,30,0
2023,2,22,10,45,0
2023,2,22,11,0,0
2023,2,22,11,15,0
2023,2,22,11,30,0
2023,2,22,11,45,0
2023,2,22,12,0,0
2023,2,22,12,15,0
2023,2,22,12,30,0
2023,2,22,12,45,0
2023,2,22,13,0,0
2023,2,22,13,15,0
2023,2,22,13,30,0
2023,2,22,13,45,0
2023,2,22,14,0,0
2023,2,22,14,15,0
2023,2,22,14,30,9
2023,2,22,14,45,28
2023,2,22,15,0,46
2023,2,22,15,15,84
2023,2,22,15,30,5
2023,2,22,15,45,95
2023,2,22,16,0,45
2023,2,22,16,15,252
2023,2,22,16,30,338
2023,2,22,16,45,467
2023,2,22,17,0,513
2023,2,22,17,15,556
2023,2,22,17,30,596
2023,2,22,17,45,633
2023,2,22,18,0,501
2023,2,22,18,15,696
2023,2,22,18,30,677
2023,2,22,18,45,454
2023,2,22,19,0,432
2023,2,22,19,15,224
2023,2,22,19,30,434
2023,2,22,19,45,117
2023,2,22,20,0,618
2023,2,22,20,15,553
2023,2,22,20,30,567
2023,2,22,20,45,566
2023,2,22,21,0,525
2023,2,22,21,15,145
2023,2,22,21,30,17
2023,2,22,21,45,469
2023,2,22,22,0,67
2023,2,22,22,15,139
2023,2,22,22,30,131
2023,2,22,22,45,192
2023,2,22,23,0,178
2023,2,22,23,15,50
2023,2,22,23,30,254
2023,2,22,23,45,269
2023,2,23,0,0,172
2023,2,23,0,15,118
2023,2,23,0,30,43
2023,2,23,0,45,63
2023,2,23,1,0,25
2023,2,23,1,15,12
2023,2,23,1,30,0
2023,2,23,1,45,0
2023,2,23,2,0,0
2023,2,23,2,15,0
2023,2,23,2,30,0
2023,2,23,2,45,0
2023,2,23,3,0,0
2023,2,23,3,15,0
2023,2,23,3,30,0
2023,2,23,3,45,0
2023,2,23,4,0,0
2023,2,23,4,15,0
2023,2,23,4,30,0
2023,2,23,4,45,0
2023,2,23,5,0,0
2023,2,23,5,15,0
2023,2,23,5,30,0
2023,2,23,5,45,0
2023,2,23,6,0,0
2023,2,23,6,15,0
2023,2,23,6,30,0
2023,2,23,6,45,0
2023,2,23,7,0,0
2023,2,23,7,15,0
2023,2,23,7,30,0
2023,2,23,7,45,0
2023,2,23,8,0,0
2023,2,23,8,15,0
2023,2,23,8,30,0
2023,2,23,8,45,0
2023,2,23,9,0,0
2023,2,23,9,15,0
2023,2,23,9,30,0
2023,2,23,9,45,0
2023,2,23,10,0,0
2023,2,23,10,15,0
2023,2,23,10,30,0
2023,2,23,10,45,0
2023,2,23,11,0,0
2023,2,23,11,15,0
2023,2,23,11,30,0
2023,2,23,11,45,0
2023,2,23,12,0,0
2023,2,23,12,15,0
2023,2,23,12,30,0
2023,2,23,12,45,0
2023,2,23,13,0,0
2023,2,23,13,15,0
2023,2,23,13,30,0
2023,2,23,13,45,0
2023,2,23,14,0,0
2023,2,23,14,15,0
2023,2,23,14,30,21
2023,2,23,14,45,57
2023,2,23,15,0,59
2023,2,23,15,15,152
2023,2,23,15,30,199
2023,2,23,15,45,251
2023,2,23,16,0,261
2023,2,23,16,15,198
2023,2,23,16,30,279
2023,2,23,16,45,428
2023,2,23,17,0,384
2023,2,23,17,15,416
2023,2,23,17,30,402
2023,2,23,17,45,311
2023,2,23,18,0,465
2023,2,23,18,15,609
2023,2,23,18,30,481
2023,2,23,18,45,575
2023,2,23,19,0,487
2023,2,23,19,15,535
2023,2,23,19,30,534
2023,2,23,19,45,215
2023,2,23,20,0,117
2023,2,23,20,15,290
2023,2,23,20,30,18
2023,2,23,20,45,314
2023,2,23,21,0,196
2023,2,23,21,15,27
2023,2,23,21,30,130
2023,2,23,21,45,162
2023,2,23,22,0,13
2023,2,23,22,15,266
2023,2,23,22,30,10
2023,2,23,22,45,373
2023,2,23,23,0,338
2023,2,23,23,15,181
2023,2,23,23,30,86
2023,2,23,23,45,132
2023,2,24,0,0,105
2023,2,24,0,15,108
2023,2,24,0,30,45
2023,2,24,0,45,31
2023,2,24,1,0,25
2023,2,24,1,15,10
2023,2,24,1,30,0
2023,2,24,1,45,0
2023,2,24,2,0,0
2023,2,24,2,15,0
2023,2,24,2,30,0
2023,2,24,2,45,0
2023,2,24,3,0,0
2023,2,24,3,15,0
2023,2,24,3,30,0
2023,2,24,3,45,0
2023,2,24,4,0,0
2023,2,24,4,15,0
2023,2,24,4,30,0
2023,2,24,4,45,0
2023,2,24,5,0,0
2023,2,24,5,15,0
2023,2,24,5,30,0
2023,2,24,5,45,0
2023,2,24,6,0,0
2023,2,24,6,15,0
2023,2,24,6,30,0
2023,2,24,6,45,0
2023,2,24,7,0,0
2023,2,24,7,15,0
2023,2,24,7,30,0
2023,2,24,7,45,0
2023,2,24,8,0,0
2023,2,24,8,15,0
2023,2,24,8,30,0
2023,2,24,8,45,0
2023,2,24,9,0,0
2023,2,24,9,15,0
2023,2,24,9,30,0
2023,2,24,9,45,0
2023,2,24,10,0,0
2023,2,24,10,15,0
2023,2,24,10,30,0
2023,2,24,10,45,0
2023,2,24,11,0,0
2023,2,24,11,15,0
2023,2,24,11,30,0
2023,2,24,11,45,0
2023,2,24,12,0,0
2023,2,24,12,15,0
2023,2,24,12,30,0
2023,2,24,12,45,0
2023,2,24,13,0,0
2023,2,24,13,15,0
2023,2,24,13,30,0
2023,2,24,13,45,0
2023,2,24,14,0,0
2023,2,24,14,15,0
2023,2,24,14,30,15
2023,2,24,14,45,34
2023,2,24,15,0,68
2023,2,24,15,15,155
2023,2,24,15,30,207
2023,2,24,15,45,228
2023,2,24,16,0,224
2023,2,24,16,15,294
2023,2,24,16,30,283
2023,2,24,16,45,202
2023,2,24,17,0,222
2023,2,24,17,15,314
2023,2,24,17,30,383
2023,2,24,17,45,368
2023,2,24,18,0,336
2023,2,24,18,15,399
2023,2,24,18,30,313
2023,2,24,18,45,285
2023,2,24,19,0,285
2023,2,24,19,15,279
2023,2,24,19,30,312
2023,2,24,19,45,342
2023,2,24,20,0,373
2023,2,24,20,15,259
2023,2,24,20,30,335
2023,2,24,20,45,283
2023,2,24,21,0,351
2023,2,24,21,15,453
2023,2,24,21,30,361
2023,2,24,21,45,292
2023,2,24,22,0,354
2023,2,24,22,15,312
2023,2,24,22,30,261
2023,2,24,22,45,299
2023,2,24,23,0,362
2023,2,24,23,15,356
2023,2,24,23,30,339
2023,2,24,23,45,264
2023,2,25,0,0,213
2023,2,25,0,15,156
2023,2,25,0,30,124
2023,2,25,0,45,42
2023,2,25,1,0,20
2023,2,25,1,15,12
2023,2,25,1,30,0
2023,2,25,1,45,0
2023,2,25,2,0,0
2023,2,25,2,15,0
2023,2,25,2,30,0
2023,2,25,2,45,0
2023,2,25,3,0,0
2023,2,25,3,15,0
2023,2,25,3,30,0
2023,2,25,3,45,0
2023,2,25,4,0,0
2023,2,25,4,15,0
2023,2,25,4,30,0
2023,2,25,4,45,0
2023,2,25,5,0,0
2023,2,25,5,15,0
2023,2,25,5,30,0
2023,2,25,5,45,0
2023,2,25,6,0,0
2023,2,25,6,15,0
2023,2,25,6,30,0
2023,2,25,6,45,0
2023,2,25,7,0,0
2023,2,25,7,15,0
2023,2,25,7,30,0
2023,2,25,7,45,0
2023,2,25,8,0,0
2023,2,25,8,15,0
2023,2,25,8,30,0
2023,2,25,8,45,0
2023,2,25,9,0,0
2023,2,25,9,15,0
2023,2,25,9,30,0
2023,2,25,9,45,0
2023,2,25,10,0,0
2023,2,25,10,15,0
2023,2,25,10,30,0
2023,2,25,10,45,0
2023,2,25,11,0,0
2023,2,25,11,15,0
2023,2,25,11,30,0
2023,2,25,11,45,0
2023,2,25,12,0,0
2023,2,25,12,15,0
2023,2,25,12,30,0
2023,2,25,12,45,0
2023,2,25,13,0,0
2023,2,25,13,15,0
2023,2,25,13,30,0
2023,2,25,13,45,0
2023,2,25,14,0,0
2023,2,25,14,15,0
2023,2,25,14,30,16
2023,2,25,14,45,45
2023,2,25,15,0,106
2023,2,25,15,15,104
2023,2,25,15,30,112
2023,2,25,15,45,195
2023,2,25,16,0,225
2023,2,25,16,15,309
2023,2,25,16,30,360
2023,2,25,16,45,406
2023,2,25,17,0,364
2023,2,25,17,15,408
2023,2,25,17,30,521
2023,2,25,17,45,572
2023,2,25,18,0,598
2023,2,25,18,15,631
2023,2,25,18,30,650
2023,2,25,18,45,516
2023,2,25,19,0,579
2023,2,25,19,15,611
2023,2,25,19,30,471
2023,2,25,19,45,450
2023,2,25,20,0,453
2023,2,25,20,15,433
2023,2,25,20,30,473
2023,2,25,20,45,426
2023,2,25,21,0,578
2023,2,25,21,15,545
2023,2,25,21,30,559
2023,2,25,21,45,498
2023,2,25,22,0,604
2023,2,25,22,15,420
2023,2,25,22,30,271
2023,2,25,22,45,334
2023,2,25,23,0,232
2023,2,25,23,15,234
2023,2,25,23,30,239
2023,2,25,23,45,235
2023,2,26,0,0,91
2023,2,26,0,15,167
2023,2,26,0,30,132
2023,2,26,0,45,31
2023,2,26,1,0,15
2023,2,26,1,15,8
2023,2,26,1,30,0
2023,2,26,1,45,0
2023,2,26,2,0,0
2023,2,26,2,15,0
2023,2,26,2,30,0
2023,2,26,2,45,0
2023,2,26,3,0,0
2023,2,26,3,15,0
2023,2,26,3,30,0
2023,2,26,3,45,0
2023,2,26,4,0,0
2023,2,26,4,15,0
2023,2,26,4,30,0
2023,2,26,4,45,0
2023,2,26,5,0,0
2023,2,26,5,15,0
2023,2,26,5,30,0
2023,2,26,5,45,0
2023,2,26,6,0,0
2023,2,26,6,15,0
2023,2,26,6,30,0
2023,2,26,6,45,0
2023,2,26,7,0,0
2023,2,26,7,15,0
2023,2,26,7,30,0
2023,2,26,7,45,0
2023,2,26,8,0,0
2023,2,26,8,15,0
2023,2,26,8,30,0
2023,2,26,8,45,0
2023,2,26,9,0,0
2023,2,26,9,15,0
2023,2,26,9,30,0
2023,2,26,9,45,0
2023,2,26,10,0,0
2023,2,26,10,15,0
2023,2,26,10,30,0
2023,2,26,10,45,0
2023,2,26,11,0,0
2023,2,26,11,15,0
2023,2,26,11,30,0
2023,2,26,11,45,0
2023,2,26,12,0,0
2023,2,26,12,15,0
2023,2,26,12,30,0
2023,2,26,12,45,0
2023,2,26,13,0,0
2023,2,26,13,15,0
2023,2,26,13,30,0
2023,2,26,13,45,0
2023,2,26,14,0,0
2023,2,26,14,15,0
2023,2,26,14,30,31
2023,2,26,14,45,71
2023,2,26,15,0,118
2023,2,26,15,15,170
2023,2,26,15,30,223
2023,2,26,15,45,275
2023,2,26,16,0,328
2023,2,26,16,15,379
2023,2,26,16,30,429
2023,2,26,16,45,477
2023,2,26,17,0,522
2023,2,26,17,15,565
2023,2,26,17,30,604
2023,2,26,17,45,498
2023,2,26,18,0,672
2023,2,26,18,15,597
2023,2,26,18,30,727
2023,2,26,18,45,568
2023,2,26,19,0,766
2023,2,26,19,15,779
2023,2,26,19,30,788
2023,2,26,19,45,788
2023,2,26,20,0,788
2023,2,26,20,15,784
2023,2,26,20,30,776
2023,2,26,20,45,763
2023,2,26,21,0,746
2023,2,26,21,15,725
2023,2,26,21,30,700
2023,2,26,21,45,672
2023,2,26,22,0,639
2023,2,26,22,15,603
2023,2,26,22,30,564
2023,2,26,22,45,522
2023,2,26,23,0,477
2023,2,26,23,15,429
2023,2,26,23,30,380
2023,2,26,23,45,329
2023,2,27,0,0,278
2023,2,27,0,15,225
2023,2,27,0,30,172
2023,2,27,0,45,119
2023,2,27,1,0,71
2023,2,27,1,15,31
2023,2,27,1,30,0
2023,2,27,1,45,0
2023,2,27,2,0,0
2023,2,27,2,15,0
2023,2,27,2,30,0
2023,2,27,2,45,0
2023,2,27,3,0,0
2023,2,27,3,15,0
2023,2,27,3,30,0
2023,2,27,3,45,0
2023,2,27,4,0,0
2023,2,27,4,15,0
2023,2,27,4,30,0
2023,2,27,4,45,0
2023,2,27,5,0,0
2023,2,27,5,15,0
2023,2,27,5,30,0
2023,2,27,5,45,0
2023,2,27,6,0,0
2023,2,27,6,15,0
2023,2,27,6,30,0
2023,2,27,6,45,0
2023,2,27,7,0,0
2023,2,27,7,15,0
2023,2,27,7,30,0
2023,2,27,7,45,0
2023,2,27,8,0,0
2023,2,27,8,15,0
2023,2,27,8,30,0
2023,2,27,8,45,0
2023,2,27,9,0,0
2023,2,27,9,15,0
2023,2,27,9,30,0
2023,2,27,9,45,0
2023,2,27,10,0,0
2023,2,27,10,15,0
2023,2,27,10,30,0
2023,2,27,10,45,0
2023,2,27,11,0,0
2023,2,27,11,15,0
2023,2,27,11,30,0
2023,2,27,11,45,0
2023,2,27,12,0,0
2023,2,27,12,15,0
2023,2,27,12,30,0
2023,2,27,12,45,0
2023,2,27,13,0,0
2023,2,27,13,15,0
2023,2,27,13,30,0
2023,2,27,13,45,0
2023,2,27,14,0,0
2023,2,27,14,15,0
2023,2,27,14,30,33
2023,2,27,14,45,73
2023,2,27,15,0,121
2023,2,27,15,15,173
2023,2,27,15,30,225
2023,2,27,15,45,279
2023,2,27,16,0,331
2023,2,27,16,15,383
2023,2,27,16,30,433
2023,2,27,16,45,480
2023,2,27,17,0,526
2023,2,27,17,15,565
2023,2,27,17,30,605
2023,2,27,17,45,640
2023,2,27,18,0,673
2023,2,27,18,15,702
2023,2,27,18,30,727
2023,2,27,18,45,748
2023,2,27,19,0,762
2023,2,27,19,15,775
2023,2,27,19,30,784
2023,2,27,19,45,788
2023,2,27,20,0,246
2023,2,27,20,15,75
2023,2,27,20,30,528
2023,2,27,20,45,762
2023,2,27,21,0,584
2023,2,27,21,15,142
2023,2,27,21,30,71
2023,2,27,21,45,201
2023,2,27,22,0,634
2023,2,27,22,15,598
2023,2,27,22,30,559
2023,2,27,22,45,331
2023,2,27,23,0,348
2023,2,27,23,15,294
2023,2,27,23,30,375
2023,2,27,23,45,243
2023,2,28,0,0,113
2023,2,28,0,15,134
2023,2,28,0,30,105
2023,2,28,0,45,116
2023,2,28,1,0,69
2023,2,28,1,15,16
2023,2,28,1,30,0
2023,2,28,1,45,0
2023,2,28,2,0,0
2023,2,28,2,15,0
2023,2,28,2,30,0
2023,2,28,2,45,0
2023,2,28,3,0,0
2023,2,28,3,15,0
2023,2,28,3,30,0
2023,2,28,3,45,0
2023,2,28,4,0,0
2023,2,28,4,15,0
2023,2,28,4,30,0
2023,2,28,4,45,0
2023,2,28,5,0,0
2023,2,28,5,15,0
2023,2,28,5,30,0
2023,2,28,5,45,0
2023,2,28,6,0,0
2023,2,28,6,15,0
2023,2,28,6,30,0
2023,2,28,6,45,0
2023,2,28,7,0,0
2023,2,28,7,15,0
2023,2,28,7,30,0
2023,2,28,7,45,0
2023,2,28,8,0,0
2023,2,28,8,15,0
2023,2,28,8,30,0
2023,2,28,8,45,0
2023,2,28,9,0,0
2023,2,28,9,15,0
2023,2,28,9,30,0
2023,2,28,9,45,0
2023,2,28,10,0,0
2023,2,28,10,15,0
2023,2,28,10,30,0
2023,2,28,10,45,0
2023,2,28,11,0,0
2023,2,28,11,15,0
2023,2,28,11,30,0
2023,2,28,11,45,0
2023,2,28,12,0,0
2023,2,28,12,15,0
2023,2,28,12,30,0
2023,2,28,12,45,0
2023,2,28,13,0,0
2023,2,28,13,15,0
2023,2,28,13,30,0
2023,2,28,13,45,0
2023,2,28,14,0,0
2023,2,28,14,15,0
2023,2,28,14,30,22
2023,2,28,14,45,44
2023,2,28,15,0,58
2023,2,28,15,15,109
2023,2,28,15,30,154
2023,2,28,15,45,273
2023,2,28,16,0,295
2023,2,28,16,15,388
2023,2,28,16,30,438
2023,2,28,16,45,486
2023,2,28,17,0,451
2023,2,28,17,15,459
2023,2,28,17,30,543
2023,2,28,17,45,560
2023,2,28,18,0,596
2023,2,28,18,15,711
2023,2,28,18,30,659
2023,2,28,18,45,756
2023,2,28,19,0,628
2023,2,28,19,15,726
2023,2,28,19,30,683
2023,2,28,19,45,606
2023,2,28,20,0,741
2023,2,28,20,15,403
2023,2,28,20,30,574
2023,2,28,20,45,637
2023,2,28,21,0,334
2023,2,28,21,15,495
2023,2,28,21,30,311
2023,2,28,21,45,34
2023,2,28,22,0,227
2023,2,28,22,15,78
2023,2,28,22,30,237
2023,2,28,22,45,121
2023,2,28,23,0,409
2023,2,28,23,15,352
2023,2,28,23,30,309
2023,2,28,23,45,256
2023,3,1,0,0,271
2023,3,1,0,15,225
2023,3,1,0,30,173
2023,3,1,0,45,122
2023,3,1,1,0,75
2023,3,1,1,15,35
2023,3,1,1,30,0
2023,3,1,1,45,0
2023,3,1,2,0,0
2023,3,1,2,15,0
2023,3,1,2,30,0
2023,3,1,2,45,0
2023,3,1,3,0,0
2023,3,1,3,15,0
2023,3,1,3,30,0
2023,3,1,3,45,0
2023,3,1,4,0,0
2023,3,1,4,15,0
2023,3,1,4,30,0
2023,3,1,4,45,0
2023,3,1,5,0,0
2023,3,1,5,15,0
2023,3,1,5,30,0
2023,3,1,5,45,0
2023,3,1,6,0,0
2023,3,1,6,15,0
2023,3,1,6,30,0
2023,3,1,6,45,0
2023,3,1,7,0,0
2023,3,1,7,15,0
2023,3,1,7,30,0
2023,3,1,7,45,0
2023,3,1,8,0,0
2023,3,1,8,15,0
2023,3,1,8,30,0
2023,3,1,8,45,0
2023,3,1,9,0,0
2023,3,1,9,15,0
2023,3,1,9,30,0
2023,3,1,9,45,0
2023,3,1,10,0,0
2023,3,1,10,15,0
2023,3,1,10,30,0
2023,3,1,10,45,0
2023,3,1,11,0,0
2023,3,1,11,15,0
2023,3,1,11,30,0
2023,3,1,11,45,0
2023,3,1,12,0,0
2023,3,1,12,15,0
2023,3,1,12,30,0
2023,3,1,12,45,0
2023,3,1,13,0,0
2023,3,1,13,15,0
2023,3,1,13,30,0
2023,3,1,13,45,0
2023,3,1,14,0,0
2023,3,1,14,15,0
2023,3,1,14,30,12
2023,3,1,14,45,14
2023,3,1,15,0,3
2023,3,1,15,15,168
2023,3,1,15,30,167
2023,3,1,15,45,239
2023,3,1,16,0,133
2023,3,1,16,15,71
2023,3,1,16,30,20
2023,3,1,16,45,212
2023,3,1,17,0,142
2023,3,1,17,15,86
2023,3,1,17,30,69
2023,3,1,17,45,193
2023,3,1,18,0,32
2023,3,1,18,15,39
2023,3,1,18,30,35
2023,3,1,18,45,716
2023,3,1,19,0,766
2023,3,1,19,15,782
2023,3,1,19,30,605
2023,3,1,19,45,593
2023,3,1,20,0,560
2023,3,1,20,15,540
2023,3,1,20,30,474
2023,3,1,20,45,482
2023,3,1,21,0,313
2023,3,1,21,15,468
2023,3,1,21,30,255
2023,3,1,21,45,197
2023,3,1,22,0,151
2023,3,1,22,15,207
2023,3,1,22,30,95
2023,3,1,22,45,68
2023,3,1,23,0,231
2023,3,1,23,15,339
2023,3,1,23,30,304
2023,3,1,23,45,269
2023,3,2,0,0,183
2023,3,2,0,15,136
2023,3,2,0,30,4
2023,3,2,0,45,41
2023,3,2,1,0,39
2023,3,2,1,15,21
2023,3,2,1,30,0
2023,3,2,1,45,0
2023,3,2,2,0,0
2023,3,2,2,15,0
2023,3,2,2,30,0
2023,3,2,2,45,0
2023,3,2,3,0,0
2023,3,2,3,15,0
2023,3,2,3,30,0
2023,3,2,3,45,0
2023,3,2,4,0,0
2023,3,2,4,15,0
2023,3,2,4,30,0
2023,3,2,4,45,0
2023,3,2,5,0,0
2023,3,2,5,15,0
2023,3,2,5,30,0
2023,3,2,5,45,0
2023,3,2,6,0,0
2023,3,2,6,15,0
2023,3,2,6,30,0
2023,3,2,6,45,0
2023,3,2,7,0,0
2023,3,2,7,15,0
2023,3,2,7,30,0
2023,3,2,7,45,0
2023,3,2,8,0,0
2023,3,2,8,15,0
2023,3,2,8,30,0
2023,3,2,8,45,0
2023,3,2,9,0,0
2023,3,2,9,15,0
2023,3,2,9,30,0
2023,3,2,9,45,0
2023,3,2,10,0,0
2023,3,2,10,15,0
2023,3,2,10,30,0
2023,3,2,10,45,0
2023,3,2,11,0,0
2023,3,2,11,15,0
2023,3,2,11,30,0
2023,3,2,11,45,0
2023,3,2,12,0,0
2023,3,2,12,15,0
2023,3,2,12,30,0
2023,3,2,12,45,0
2023,3,2,13,0,0
2023,3,2,13,15,0
2023,3,2,13,30,0
2023,3,2,13,45,0
2023,3,2,14,0,0
2023,3,2,14,15,0
2023,3,2,14,30,46
2023,3,2,14,45,91
2023,3,2,15,0,142
2023,3,2,15,15,195
2023,3,2,15,30,250
2023,3,2,15,45,304
2023,3,2,16,0,358
2023,3,2,16,15,410
2023,3,2,16,30,461
2023,3,2,16,45,510
2023,3,2,17,0,555
2023,3,2,17,15,598
2023,3,2,17,30,638
2023,3,2,17,45,674
2023,3,2,18,0,708
2023,3,2,18,15,737
2023,3,2,18,30,612
2023,3,2,18,45,725
2023,3,2,19,0,801
2023,3,2,19,15,814
2023,3,2,19,30,822
2023,3,2,19,45,826
2023,3,2,20,0,826
2023,3,2,20,15,821
2023,3,2,20,30,813
2023,3,2,20,45,800
2023,3,2,21,0,783
2023,3,2,21,15,761
2023,3,2,21,30,736
2023,3,2,21,45,701
2023,3,2,22,0,668
2023,3,2,22,15,632
2023,3,2,22,30,592
2023,3,2,22,45,549
2023,3,2,23,0,504
2023,3,2,23,15,455
2023,3,2,23,30,405
2023,3,2,23,45,353
2023,3,3,0,0,299
2023,3,3,0,15,245
2023,3,3,0,30,191
2023,3,3,0,45,138
2023,3,3,1,0,87
2023,3,3,1,15,43
2023,3,3,1,30,0
2023,3,3,1,45,0
2023,3,3,2,0,0
2023,3,3,2,15,0
2023,3,3,2,30,0
2023,3,3,2,45,0
2023,3,3,3,0,0
2023,3,3,3,15,0
2023,3,3,3,30,0
2023,3,3,3,45,0
2023,3,3,4,0,0
2023,3,3,4,15,0
2023,3,3,4,30,0
2023,3,3,4,45,0
2023,3,3,5,0,0
2023,3,3,5,15,0
2023,3,3,5,30,0
2023,3,3,5,45,0
2023,3,3,6,0,0
2023,3,3,6,15,0
2023,3,3,6,30,0
2023,3,3,6,45,0
2023,3,3,7,0,0
2023,3,3,7,15,0
2023,3,3,7,30,0
2023,3,3,7,45,0
2023,3,3,8,0,0
2023,3,3,8,15,0
2023,3,3,8,30,0
2023,3,3,8,45,0
2023,3,3,9,0,0
2023,3,3,9,15,0
2023,3,3,9,30,0
2023,3,3,9,45,0
2023,3,3,10,0,0
2023,3,3,10,15,0
2023,3,3,10,30,0
2023,3,3,10,45,0
2023,3,3,11,0,0
2023,3,3,11,15,0
2023,3,3,11,30,0
2023,3,3,11,45,0
2023,3,3,12,0,0
2023,3,3,12,15,0
2023,3,3,12,30,0
2023,3,3,12,45,0
2023,3,3,13,0,0
2023,3,3,13,15,0
2023,3,3,13,30,0
2023,3,3,13,45,0
2023,3,3,14,0,0
2023,3,3,14,15,13
2023,3,3,14,30,44
2023,3,3,14,45,88
2023,3,3,15,0,138
2023,3,3,15,15,191
2023,3,3,15,30,245
2023,3,3,15,45,300
2023,3,3,16,0,356
2023,3,3,16,15,409
2023,3,3,16,30,459
2023,3,3,16,45,508
2023,3,3,17,0,553
2023,3,3,17,15,597
2023,3,3,17,30,637
2023,3,3,17,45,666
2023,3,3,18,0,699
2023,3,3,18,15,728
2023,3,3,18,30,754
2023,3,3,18,45,776
2023,3,3,19,0,793
2023,3,3,19,15,806
2023,3,3,19,30,814
2023,3,3,19,45,821
2023,3,3,20,0,820
2023,3,3,20,15,816
2023,3,3,20,30,807
2023,3,3,20,45,793
2023,3,3,21,0,775
2023,3,3,21,15,753
2023,3,3,21,30,728
2023,3,3,21,45,699
2023,3,3,22,0,665
2023,3,3,22,15,628
2023,3,3,22,30,588
2023,3,3,22,45,542
2023,3,3,23,0,496
2023,3,3,23,15,447
2023,3,3,23,30,397
2023,3,3,23,45,345
2023,3,4,0,0,292
2023,3,4,0,15,238
2023,3,4,0,30,184
2023,3,4,0,45,132
2023,3,4,1,0,83
2023,3,4,1,15,41
2023,3,4,1,30,0
2023,3,4,1,45,0
2023,3,4,2,0,0
2023,3,4,2,15,0
2023,3,4,2,30,0
2023,3,4,2,45,0
2023,3,4,3,0,0
2023,3,4,3,15,0
2023,3,4,3,30,0
2023,3,4,3,45,0
2023,3,4,4,0,0
2023,3,4,4,15,0
2023,3,4,4,30,0
2023,3,4,4,45,0
2023,3,4,5,0,0
2023,3,4,5,15,0
2023,3,4,5,30,0
2023,3,4,5,45,0
2023,3,4,6,0,0
2023,3,4,6,15,0
2023,3,4,6,30,0
2023,3,4,6,45,0
2023,3,4,7,0,0
2023,3,4,7,15,0
2023,3,4,7,30,0
2023,3,4,7,45,0
2023,3,4,8,0,0
2023,3,4,8,15,0
2023,3,4,8,30,0
2023,3,4,8,45,0
2023,3,4,9,0,0
2023,3,4,9,15,0
2023,3,4,9,30,0
2023,3,4,9,45,0
2023,3,4,10,0,0
2023,3,4,10,15,0
2023,3,4,10,30,0
2023,3,4,10,45,0
2023,3,4,11,0,0
2023,3,4,11,15,0
2023,3,4,11,30,0
2023,3,4,11,45,0
2023,3,4,12,0,0
2023,3,4,12,15,0
2023,3,4,12,30,0
2023,3,4,12,45,0
2023,3,4,13,0,0
2023,3,4,13,15,0
2023,3,4,13,30,0
2023,3,4,13,45,0
2023,3,4,14,0,0
2023,3,4,14,15,15
2023,3,4,14,30,46
2023,3,4,14,45,71
2023,3,4,15,0,140
2023,3,4,15,15,192
2023,3,4,15,30,245
2023,3,4,15,45,298
2023,3,4,16,0,343
2023,3,4,16,15,385
2023,3,4,16,30,439
2023,3,4,16,45,468
2023,3,4,17,0,394
2023,3,4,17,15,464
2023,3,4,17,30,420
2023,3,4,17,45,574
2023,3,4,18,0,647
2023,3,4,18,15,719
2023,3,4,18,30,602
2023,3,4,18,45,697
2023,3,4,19,0,735
2023,3,4,19,15,699
2023,3,4,19,30,713
2023,3,4,19,45,700
2023,3,4,20,0,643
2023,3,4,20,15,717
2023,3,4,20,30,797
2023,3,4,20,45,611
2023,3,4,21,0,317
2023,3,4,21,15,388
2023,3,4,21,30,478
2023,3,4,21,45,648
2023,3,4,22,0,664
2023,3,4,22,15,627
2023,3,4,22,30,587
2023,3,4,22,45,542
2023,3,4,23,0,500
2023,3,4,23,15,451
2023,3,4,23,30,400
2023,3,4,23,45,345
2023,3,5,0,0,292
2023,3,5,0,15,238
2023,3,5,0,30,184
2023,3,5,0,45,131
2023,3,5,1,0,82
2023,3,5,1,15,40
2023,3,5,1,30,0
2023,3,5,1,45,0
2023,3,5,2,0,0
2023,3,5,2,15,0
2023,3,5,2,30,0
2023,3,5,2,45,0
2023,3,5,3,0,0
2023,3,5,3,15,0
2023,3,5,3,30,0
2023,3,5,3,45,0
2023,3,5,4,0,0
2023,3,5,4,15,0
2023,3,5,4,30,0
2023,3,5,4,45,0
2023,3,5,5,0,0
2023,3,5,5,15,0
2023,3,5,5,30,0
2023,3,5,5,45,0
2023,3,5,6,0,0
2023,3,5,6,15,0
2023,3,5,6,30,0
2023,3,5,6,45,0
2023,3,5,7,0,0
2023,3,5,7,15,0
2023,3,5,7,30,0
2023,3,5,7,45,0
2023,3,5,8,0,0
2023,3,5,8,15,0
2023,3,5,8,30,0
2023,3,5,8,45,0
2023,3,5,9,0,0
2023,3,5,9,15,0
2023,3,5,9,30,0
2023,3,5,9,45,0
2023,3,5,10,0,0
2023,3,5,10,15,0
2023,3,5,10,30,0
2023,3,5,10,45,0
2023,3,5,11,0,0
2023,3,5,11,15,0
2023,3,5,11,30,0
2023,3,5,11,45,0
2023,3,5,12,0,0
2023,3,5,12,15,0
2023,3,5,12,30,0
2023,3,5,12,45,0
2023,3,5,13,0,0
2023,3,5,13,15,0
2023,3,5,13,30,0
2023,3,5,13,45,0
2023,3,5,14,0,0
2023,3,5,14,15,19
2023,3,5,14,30,31
2023,3,5,14,45,60
2023,3,5,15,0,151
2023,3,5,15,15,205
2023,3,5,15,30,260
2023,3,5,15,45,314
2023,3,5,16,0,256
2023,3,5,16,15,347
2023,3,5,16,30,399
2023,3,5,16,45,456
2023,3,5,17,0,553
2023,3,5,17,15,584
2023,3,5,17,30,602
2023,3,5,17,45,646
2023,3,5,18,0,697
2023,3,5,18,15,708
2023,3,5,18,30,621
2023,3,5,18,45,615
2023,3,5,19,0,683
2023,3,5,19,15,675
2023,3,5,19,30,639
2023,3,5,19,45,638
2023,3,5,20,0,635
2023,3,5,20,15,670
2023,3,5,20,30,422
2023,3,5,20,45,527
2023,3,5,21,0,522
2023,3,5,21,15,585
2023,3,5,21,30,393
2023,3,5,21,45,586
2023,3,5,22,0,535
2023,3,5,22,15,508
2023,3,5,22,30,450
2023,3,5,22,45,394
2023,3,5,23,0,348
2023,3,5,23,15,351
2023,3,5,23,30,316
2023,3,5,23,45,261
2023,3,6,0,0,115
2023,3,6,0,15,170
2023,3,6,0,30,90
2023,3,6,0,45,118
2023,3,6,1,0,62
2023,3,6,1,15,29
2023,3,6,1,30,6
2023,3,6,1,45,0
2023,3,6,2,0,0
2023,3,6,2,15,0
2023,3,6,2,30,0
2023,3,6,2,45,0
2023,3,6,3,0,0
2023,3,6,3,15,0
2023,3,6,3,30,0
2023,3,6,3,45,0
2023,3,6,4,0,0
2023,3,6,4,15,0
2023,3,6,4,30,0
2023,3,6,4,45,0
2023,3,6,5,0,0
2023,3,6,5,15,0
2023,3,6,5,30,0
2023,3,6,5,45,0
2023,3,6,6,0,0
2023,3,6,6,15,0
2023,3,6,6,30,0
2023,3,6,6,45,0
2023,3,6,7,0,0
2023,3,6,7,15,0
2023,3,6,7,30,0
2023,3,6,7,45,0
2023,3,6,8,0,0
2023,3,6,8,15,0
2023,3,6,8,30,0
2023,3,6,8,45,0
2023,3,6,9,0,0
2023,3,6,9,15,0
2023,3,6,9,30,0
2023,3,6,9,45,0
2023,3,6,10,0,0
2023,3,6,10,15,0
2023,3,6,10,30,0
2023,3,6,10,45,0
2023,3,6,11,0,0
2023,3,6,11,15,0
2023,3,6,11,30,0
2023,3,6,11,45,0
2023,3,6,12,0,0
2023,3,6,12,15,0
2023,3,6,12,30,0
2023,3,6,12,45,0
2023,3,6,13,0,0
2023,3,6,13,15,0
2023,3,6,13,30,0
2023,3,6,13,45,0
2023,3,6,14,0,0
2023,3,6,14,15,13
2023,3,6,14,30,60
2023,3,6,14,45,74
2023,3,6,15,0,101
2023,3,6,15,15,151
2023,3,6,15,30,271
2023,3,6,15,45,325
2023,3,6,16,0,278
2023,3,6,16,15,432
2023,3,6,16,30,483
2023,3,6,16,45,532
2023,3,6,17,0,578
2023,3,6,17,15,621
2023,3,6,17,30,661
2023,3,6,17,45,694
2023,3,6,18,0,727
2023,3,6,18,15,751
2023,3,6,18,30,776
2023,3,6,18,45,798
2023,3,6,19,0,815
2023,3,6,19,15,763
2023,3,6,19,30,684
2023,3,6,19,45,538
2023,3,6,20,0,616
2023,3,6,20,15,748
2023,3,6,20,30,597
2023,3,6,20,45,561
2023,3,6,21,0,555
2023,3,6,21,15,565
2023,3,6,21,30,551
2023,3,6,21,45,511
2023,3,6,22,0,425
2023,3,6,22,15,456
2023,3,6,22,30,382
2023,3,6,22,45,415
2023,3,6,23,0,363
2023,3,6,23,15,335
2023,3,6,23,30,317
2023,3,6,23,45,273
2023,3,7,0,0,276
2023,3,7,0,15,257
2023,3,7,0,30,172
2023,3,7,0,45,112
2023,3,7,1,0,79
2023,3,7,1,15,37
2023,3,7,1,30,9
2023,3,7,1,45,0
2023,3,7,2,0,0
2023,3,7,2,15,0
2023,3,7,2,30,0
2023,3,7,2,45,0
2023,3,7,3,0,0
2023,3,7,3,15,0
2023,3,7,3,30,0
2023,3,7,3,45,0
2023,3,7,4,0,0
2023,3,7,4,15,0
2023,3,7,4,30,0
2023,3,7,4,45,0
2023,3,7,5,0,0
2023,3,7,5,15,0
2023,3,7,5,30,0
2023,3,7,5,45,0
2023,3,7,6,0,0
2023,3,7,6,15,0
2023,3,7,6,30,0
2023,3,7,6,45,0
2023,3,7,7,0,0
2023,3,7,7,15,0
2023,3,7,7,30,0
2023,3,7,7,45,0
2023,3,7,8,0,0
2023,3,7,8,15,0
2023,3,7,8,30,0
2023,3,7,8,45,0
2023,3,7,9,0,0
2023,3,7,9,15,0
2023,3,7,9,30,0
2023,3,7,9,45,0
2023,3,7,10,0,0
2023,3,7,10,15,0
2023,3,7,10,30,0
2023,3,7,10,45,0
2023,3,7,11,0,0
2023,3,7,11,15,0
2023,3,7,11,30,0
2023,3,7,11,45,0
2023,3,7,12,0,0
2023,3,7,12,15,0
2023,3,7,12,30,0
2023,3,7,12,45,0
2023,3,7,13,0,0
2023,3,7,13,15,0
2023,3,7,13,30,0
2023,3,7,13,45,0
2023,3,7,14,0,0
2023,3,7,14,15,25
2023,3,7,14,30,42
2023,3,7,14,45,78
2023,3,7,15,0,151
2023,3,7,15,15,220
2023,3,7,15,30,275
2023,3,7,15,45,330
2023,3,7,16,0,385
2023,3,7,16,15,437
2023,3,7,16,30,478
2023,3,7,16,45,537
2023,3,7,17,0,582
2023,3,7,17,15,625
2023,3,7,17,30,665
2023,3,7,17,45,702
2023,3,7,18,0,735
2023,3,7,18,15,764
2023,3,7,18,30,789
2023,3,7,18,45,810
2023,3,7,19,0,827
2023,3,7,19,15,839
2023,3,7,19,30,848
2023,3,7,19,45,851
2023,3,7,20,0,851
2023,3,7,20,15,846
2023,3,7,20,30,837
2023,3,7,20,45,820
2023,3,7,21,0,802
2023,3,7,21,15,780
2023,3,7,21,30,754
2023,3,7,21,45,725
2023,3,7,22,0,691
2023,3,7,22,15,654
2023,3,7,22,30,613
2023,3,7,22,45,569
2023,3,7,23,0,523
2023,3,7,23,15,474
2023,3,7,23,30,423
2023,3,7,23,45,370
2023,3,8,0,0,316
2023,3,8,0,15,260
2023,3,8,0,30,205
2023,3,8,0,45,152
2023,3,8,1,0,100
2023,3,8,1,15,53
2023,3,8,1,30,10
2023,3,8,1,45,0
2023,3,8,2,0,0
2023,3,8,2,15,0
2023,3,8,2,30,0
2023,3,8,2,45,0
2023,3,8,3,0,0
2023,3,8,3,15,0
2023,3,8,3,30,0
2023,3,8,3,45,0
2023,3,8,4,0,0
2023,3,8,4,15,0
2023,3,8,4,30,0
2023,3,8,4,45,0
2023,3,8,5,0,0
2023,3,8,5,15,0
2023,3,8,5,30,0
2023,3,8,5,45,0
2023,3,8,6,0,0
2023,3,8,6,15,0
2023,3,8,6,30,0
2023,3,8,6,45,0
2023,3,8,7,0,0
2023,3,8,7,15,0
2023,3,8,7,30,0
2023,3,8,7,45,0
2023,3,8,8,0,0
2023,3,8,8,15,0
2023,3,8,8,30,0
2023,3,8,8,45,0
2023,3,8,9,0,0
2023,3,8,9,15,0
2023,3,8,9,30,0
2023,3,8,9,45,0
2023,3,8,10,0,0
2023,3,8,10,15,0
2023,3,8,10,30,0
2023,3,8,10,45,0
2023,3,8,11,0,0
2023,3,8,11,15,0
2023,3,8,11,30,0
2023,3,8,11,45,0
2023,3,8,12,0,0
2023,3,8,12,15,0
2023,3,8,12,30,0
2023,3,8,12,45,0
2023,3,8,13,0,0
2023,3,8,13,15,0
2023,3,8,13,30,0
2023,3,8,13,45,0
2023,3,8,14,0,0
2023,3,8,14,15,15
2023,3,8,14,30,37
2023,3,8,14,45,84
2023,3,8,15,0,129
2023,3,8,15,15,175
2023,3,8,15,30,211
2023,3,8,15,45,237
2023,3,8,16,0,280
2023,3,8,16,15,314
2023,3,8,16,30,284
2023,3,8,16,45,324
2023,3,8,17,0,366
2023,3,8,17,15,361
2023,3,8,17,30,355
2023,3,8,17,45,422
2023,3,8,18,0,434
2023,3,8,18,15,578
2023,3,8,18,30,551
2023,3,8,18,45,579
2023,3,8,19,0,535
2023,3,8,19,15,403
2023,3,8,19,30,491
2023,3,8,19,45,615
2023,3,8,20,0,608
2023,3,8,20,15,635
2023,3,8,20,30,585
2023,3,8,20,45,578
2023,3,8,21,0,613
2023,3,8,21,15,365
2023,3,8,21,30,482
2023,3,8,21,45,291
2023,3,8,22,0,486
2023,3,8,22,15,378
2023,3,8,22,30,355
2023,3,8,22,45,480
2023,3,8,23,0,434
2023,3,8,23,15,332
2023,3,8,23,30,267
2023,3,8,23,45,295
2023,3,9,0,0,260
2023,3,9,0,15,202
2023,3,9,0,30,96
2023,3,9,0,45,103
2023,3,9,1,0,77
2023,3,9,1,15,39
2023,3,9,1,30,12
2023,3,9,1,45,0
2023,3,9,2,0,0
2023,3,9,2,15,0
2023,3,9,2,30,0
2023,3,9,2,45,0
2023,3,9,3,0,0
2023,3,9,3,15,0
2023,3,9,3,30,0
2023,3,9,3,45,0
2023,3,9,4,0,0
2023,3,9,4,15,0
2023,3,9,4,30,0
2023,3,9,4,45,0
2023,3,9,5,0,0
2023,3,9,5,15,0
2023,3,9,5,30,0
2023,3,9,5,45,0
2023,3,9,6,0,0
2023,3,9,6,15,0
2023,3,9,6,30,0
2023,3,9,6,45,0
2023,3,9,7,0,0
2023,3,9,7,15,0
2023,3,9,7,30,0
2023,3,9,7,45,0
2023,3,9,8,0,0
2023,3,9,8,15,0
2023,3,9,8,30,0
2023,3,9,8,45,0
2023,3,9,9,0,0
2023,3,9,9,15,0
2023,3,9,9,30,0
2023,3,9,9,45,0
2023,3,9,10,0,0
2023,3,9,10,15,0
2023,3,9,10,30,0
2023,3,9,10,45,0
2023,3,9,11,0,0
2023,3,9,11,15,0
2023,3,9,11,30,0
2023,3,9,11,45,0
2023,3,9,12,0,0
2023,3,9,12,15,0
2023,3,9,12,30,0
2023,3,9,12,45,0
2023,3,9,13,0,0
2023,3,9,13,15,0
2023,3,9,13,30,0
2023,3,9,13,45,0
2023,3,9,14,0,0
2023,3,9,14,15,20
2023,3,9,14,30,53
2023,3,9,14,45,4
2023,3,9,15,0,11
2023,3,9,15,15,196
2023,3,9,15,30,171
2023,3,9,15,45,242
2023,3,9,16,0,193
2023,3,9,16,15,208
2023,3,9,16,30,347
2023,3,9,16,45,328
2023,3,9,17,0,403
2023,3,9,17,15,323
2023,3,9,17,30,630
2023,3,9,17,45,545
2023,3,9,18,0,722
2023,3,9,18,15,766
2023,3,9,18,30,790
2023,3,9,18,45,811
2023,3,9,19,0,828
2023,3,9,19,15,840
2023,3,9,19,30,848
2023,3,9,19,45,852
2023,3,9,20,0,851
2023,3,9,20,15,846
2023,3,9,20,30,837
2023,3,9,20,45,822
2023,3,9,21,0,805
2023,3,9,21,15,783
2023,3,9,21,30,757
2023,3,9,21,45,723
2023,3,9,22,0,620
2023,3,9,22,15,515
2023,3,9,22,30,545
2023,3,9,22,45,476
2023,3,9,23,0,463
2023,3,9,23,15,471
2023,3,9,23,30,421
2023,3,9,23,45,369
2023,3,10,0,0,314
2023,3,10,0,15,237
2023,3,10,0,30,182
2023,3,10,0,45,153
2023,3,10,1,0,69
2023,3,10,1,15,57
2023,3,10,1,30,21
2023,3,10,1,45,0
2023,3,10,2,0,0
2023,3,10,2,15,0
2023,3,10,2,30,0
2023,3,10,2,45,0
2023,3,10,3,0,0
2023,3,10,3,15,0
2023,3,10,3,30,0
2023,3,10,3,45,0
2023,3,10,4,0,0
2023,3,10,4,15,0
2023,3,10,4,30,0
2023,3,10,4,45,0
2023,3,10,5,0,0
2023,3,10,5,15,0
2023,3,10,5,30,0
2023,3,10,5,45,0
2023,3,10,6,0,0
2023,3,10,6,15,0
2023,3,10,6,30,0
2023,3,10,6,45,0
2023,3,10,7,0,0
2023,3,10,7,15,0
2023,3,10,7,30,0
2023,3,10,7,45,0
2023,3,10,8,0,0
2023,3,10,8,15,0
2023,3,10,8,30,0
2023,3,10,8,45,0
2023,3,10,9,0,0
2023,3,10,9,15,0
2023,3,10,9,30,0
2023,3,10,9,45,0
2023,3,10,10,0,0
2023,3,10,10,15,0
2023,3,10,10,30,0
2023,3,10,10,45,0
2023,3,10,11,0,0
2023,3,10,11,15,0
2023,3,10,11,30,0
2023,3,10,11,45,0
2023,3,10,12,0,0
2023,3,10,12,15,0
2023,3,10,12,30,0
2023,3,10,12,45,0
2023,3,10,13,0,0
2023,3,10,13,15,0
2023,3,10,13,30,0
2023,3,10,13,45,0
2023,3,10,14,0,0
2023,3,10,14,15,15
2023,3,10,14,30,30
2023,3,10,14,45,17
2023,3,10,15,0,65
2023,3,10,15,15,166
2023,3,10,15,30,80
2023,3,10,15,45,177
2023,3,10,16,0,133
2023,3,10,16,15,205
2023,3,10,16,30,221
2023,3,10,16,45,266
2023,3,10,17,0,136
2023,3,10,17,15,340
2023,3,10,17,30,529
2023,3,10,17,45,475
2023,3,10,18,0,415
2023,3,10,18,15,330
2023,3,10,18,30,369
2023,3,10,18,45,346
2023,3,10,19,0,301
2023,3,10,19,15,536
2023,3,10,19,30,405
2023,3,10,19,45,249
2023,3,10,20,0,205
2023,3,10,20,15,213
2023,3,10,20,30,211
2023,3,10,20,45,108
2023,3,10,21,0,35
2023,3,10,21,15,34
2023,3,10,21,30,33
2023,3,10,21,45,16
2023,3,10,22,0,30
2023,3,10,22,15,17
2023,3,10,22,30,15
2023,3,10,22,45,13
2023,3,10,23,0,21
2023,3,10,23,15,8
2023,3,10,23,30,9
2023,3,10,23,45,7
2023,3,11,0,0,96
2023,3,11,0,15,32
2023,3,11,0,30,73
2023,3,11,0,45,9
2023,3,11,1,0,57
2023,3,11,1,15,32
2023,3,11,1,30,12
2023,3,11,1,45,0
2023,3,11,2,0,0
2023,3,11,2,15,0
2023,3,11,2,30,0
2023,3,11,2,45,0
2023,3,11,3,0,0
2023,3,11,3,15,0
2023,3,11,3,30,0
2023,3,11,3,45,0
2023,3,11,4,0,0
2023,3,11,4,15,0
2023,3,11,4,30,0
2023,3,11,4,45,0
2023,3,11,5,0,0
2023,3,11,5,15,0
2023,3,11,5,30,0
2023,3,11,5,45,0
2023,3,11,6,0,0
2023,3,11,6,15,0
2023,3,11,6,30,0
2023,3,11,6,45,0
2023,3,11,7,0,0
2023,3,11,7,15,0
2023,3,11,7,30,0
2023,3,11,7,45,0
2023,3,11,8,0,0
2023,3,11,8,15,0
2023,3,11,8,30,0
2023,3,11,8,45,0
2023,3,11,9,0,0
2023,3,11,9,15,0
2023,3,11,9,30,0
2023,3,11,9,45,0
2023,3,11,10,0,0
2023,3,11,10,15,0
2023,3,11,10,30,0
2023,3,11,10,45,0
2023,3,11,11,0,0
2023,3,11,11,15,0
2023,3,11,11,30,0
2023,3,11,11,45,0
2023,3,11,12,0,0
2023,3,11,12,15,0
2023,3,11,12,30,0
2023,3,11,12,45,0
2023,3,11,13,0,0
2023,3,11,13,15,0
2023,3,11,13,30,0
2023,3,11,13,45,0
2023,3,11,14,0,0
2023,3,11,14,15,26
2023,3,11,14,30,54
2023,3,11,14,45,121
2023,3,11,15,0,173
2023,3,11,15,15,218
2023,3,11,15,30,279
2023,3,11,15,45,334
2023,3,11,16,0,373
2023,3,11,16,15,325
2023,3,11,16,30,472
2023,3,11,16,45,520
2023,3,11,17,0,547
2023,3,11,17,15,383
2023,3,11,17,30,550
2023,3,11,17,45,570
2023,3,11,18,0,576
2023,3,11,18,15,506
2023,3,11,18,30,612
2023,3,11,18,45,612
2023,3,11,19,0,662
2023,3,11,19,15,656
2023,3,11,19,30,698
2023,3,11,19,45,654
2023,3,11,20,0,672
2023,3,11,20,15,635
2023,3,11,20,30,664
2023,3,11,20,45,638
2023,3,11,21,0,562
2023,3,11,21,15,614
2023,3,11,21,30,606
2023,3,11,21,45,595
2023,3,11,22,0,559
2023,3,11,22,15,552
2023,3,11,22,30,401
2023,3,11,22,45,553
2023,3,11,23,0,508
2023,3,11,23,15,462
2023,3,11,23,30,412
2023,3,11,23,45,362
2023,3,12,0,0,310
2023,3,12,0,15,258
2023,3,12,0,30,204
2023,3,12,0,45,153
2023,3,12,1,0,103
2023,3,12,1,15,58
2023,3,12,1,30,22
2023,3,12,1,45,0
2023,3,12,2,0,0
2023,3,12,2,15,0
2023,3,12,2,30,0
2023,3,12,2,45,0
2023,3,12,3,0,0
2023,3,12,3,15,0
2023,3,12,3,30,0
2023,3,12,3,45,0
2023,3,12,4,0,0
2023,3,12,4,15,0
2023,3,12,4,30,0
2023,3,12,4,45,0
2023,3,12,5,0,0
2023,3,12,5,15,0
2023,3,12,5,30,0
2023,3,12,5,45,0
2023,3,12,6,0,0
2023,3,12,6,15,0
2023,3,12,6,30,0
2023,3,12,6,45,0
2023,3,12,7,0,0
2023,3,12,7,15,0
2023,3,12,7,30,0
2023,3,12,7,45,0
2023,3,12,8,0,0
2023,3,12,8,15,0
2023,3,12,8,30,0
2023,3,12,8,45,0
2023,3,12,9,0,0
2023,3,12,9,15,0
2023,3,12,9,30,0
2023,3,12,9,45,0
2023,3,12,10,0,0
2023,3,12,10,15,0
2023,3,12,10,30,0
2023,3,12,10,45,0
2023,3,12,11,0,0
2023,3,12,11,15,0
2023,3,12,11,30,0
2023,3,12,11,45,0
2023,3,12,12,0,0
2023,3,12,12,15,0
2023,3,12,12,30,0
2023,3,12,12,45,0
2023,3,12,13,0,0
2023,3,12,13,15,0
2023,3,12,13,30,0
2023,3,12,13,45,0
2023,3,12,14,0,0
2023,3,12,14,15,26
2023,3,12,14,30,44
2023,3,12,14,45,108
2023,3,12,15,0,140
2023,3,12,15,15,235
2023,3,12,15,30,269
2023,3,12,15,45,294
2023,3,12,16,0,330
2023,3,12,16,15,417
2023,3,12,16,30,477
2023,3,12,16,45,483
2023,3,12,17,0,436
2023,3,12,17,15,474
2023,3,12,17,30,669
2023,3,12,17,45,704
2023,3,12,18,0,736
2023,3,12,18,15,764
2023,3,12,18,30,788
2023,3,12,18,45,808
2023,3,12,19,0,822
2023,3,12,19,15,834
2023,3,12,19,30,842
2023,3,12,19,45,844
2023,3,12,20,0,843
2023,3,12,20,15,838
2023,3,12,20,30,829
2023,3,12,20,45,807
2023,3,12,21,0,790
2023,3,12,21,15,768
2023,3,12,21,30,597
2023,3,12,21,45,502
2023,3,12,22,0,553
2023,3,12,22,15,544
2023,3,12,22,30,480
2023,3,12,22,45,422
2023,3,12,23,0,349
2023,3,12,23,15,392
2023,3,12,23,30,350
2023,3,12,23,45,367
2023,3,13,0,0,288
2023,3,13,0,15,238
2023,3,13,0,30,177
2023,3,13,0,45,154
2023,3,13,1,0,78
2023,3,13,1,15,59
2023,3,13,1,30,23
2023,3,13,1,45,0
2023,3,13,2,0,0
2023,3,13,2,15,0
2023,3,13,2,30,0
2023,3,13,2,45,0
2023,3,13,3,0,0
2023,3,13,3,15,0
2023,3,13,3,30,0
2023,3,13,3,45,0
2023,3,13,4,0,0
2023,3,13,4,15,0
2023,3,13,4,30,0
2023,3,13,4,45,0
2023,3,13,5,0,0
2023,3,13,5,15,0
2023,3,13,5,30,0
2023,3,13,5,45,0
2023,3,13,6,0,0
2023,3,13,6,15,0
2023,3,13,6,30,0
2023,3,13,6,45,0
2023,3,13,7,0,0
2023,3,13,7,15,0
2023,3,13,7,30,0
2023,3,13,7,45,0
2023,3,13,8,0,0
2023,3,13,8,15,0
2023,3,13,8,30,0
2023,3,13,8,45,0
2023,3,13,9,0,0
2023,3,13,9,15,0
2023,3,13,9,30,0
2023,3,13,9,45,0
2023,3,13,10,0,0
2023,3,13,10,15,0
2023,3,13,10,30,0
2023,3,13,10,45,0
2023,3,13,11,0,0
2023,3,13,11,15,0
2023,3,13,11,30,0
2023,3,13,11,45,0
2023,3,13,12,0,0
2023,3,13,12,15,0
2023,3,13,12,30,0
2023,3,13,12,45,0
2023,3,13,13,0,0
2023,3,13,13,15,0
2023,3,13,13,30,0
2023,3,13,13,45,0
2023,3,13,14,0,0
2023,3,13,14,15,41
2023,3,13,14,30,83
2023,3,13,14,45,132
2023,3,13,15,0,185
2023,3,13,15,15,239
2023,3,13,15,30,293
2023,3,13,15,45,347
2023,3,13,16,0,400
2023,3,13,16,15,451
2023,3,13,16,30,501
2023,3,13,16,45,549
2023,3,13,17,0,594
2023,3,13,17,15,636
2023,3,13,17,30,674
2023,3,13,17,45,708
2023,3,13,18,0,740
2023,3,13,18,15,591
2023,3,13,18,30,792
2023,3,13,18,45,809
2023,3,13,19,0,826
2023,3,13,19,15,838
2023,3,13,19,30,846
2023,3,13,19,45,849
2023,3,13,20,0,848
2023,3,13,20,15,843
2023,3,13,20,30,833
2023,3,13,20,45,815
2023,3,13,21,0,797
2023,3,13,21,15,775
2023,3,13,21,30,752
2023,3,13,21,45,724
2023,3,13,22,0,690
2023,3,13,22,15,653
2023,3,13,22,30,613
2023,3,13,22,45,572
2023,3,13,23,0,528
2023,3,13,23,15,480
2023,3,13,23,30,429
2023,3,13,23,45,378
2023,3,14,0,0,264
2023,3,14,0,15,215
2023,3,14,0,30,190
2023,3,14,0,45,150
2023,3,14,1,0,95
2023,3,14,1,15,66
2023,3,14,1,30,16
2023,3,14,1,45,0
2023,3,14,2,0,0
2023,3,14,2,15,0
2023,3,14,2,30,0
2023,3,14,2,45,0
2023,3,14,3,0,0
2023,3,14,3,15,0
2023,3,14,3,30,0
2023,3,14,3,45,0
2023,3,14,4,0,0
2023,3,14,4,15,0
2023,3,14,4,30,0
2023,3,14,4,45,0
2023,3,14,5,0,0
2023,3,14,5,15,0
2023,3,14,5,30,0
2023,3,14,5,45,0
2023,3,14,6,0,0
2023,3,14,6,15,0
2023,3,14,6,30,0
2023,3,14,6,45,0
2023,3,14,7,0,0
2023,3,14,7,15,0
2023,3,14,7,30,0
2023,3,14,7,45,0
2023,3,14,8,0,0
2023,3,14,8,15,0
2023,3,14,8,30,0
2023,3,14,8,45,0
2023,3,14,9,0,0
2023,3,14,9,15,0
2023,3,14,9,30,0
2023,3,14,9,45,0
2023,3,14,10,0,0
2023,3,14,10,15,0
2023,3,14,10,30,0
2023,3,14,10,45,0
2023,3,14,11,0,0
2023,3,14,11,15,0
2023,3,14,11,30,0
2023,3,14,11,45,0
2023,3,14,12,0,0
2023,3,14,12,15,0
2023,3,14,12,30,0
2023,3,14,12,45,0
2023,3,14,13,0,0
2023,3,14,13,15,0
2023,3,14,13,30,0
2023,3,14,13,45,0
2023,3,14,14,0,6
2023,3,14,14,15,29
2023,3,14,14,30,61
2023,3,14,14,45,73
2023,3,14,15,0,131
2023,3,14,15,15,92
2023,3,14,15,30,82
2023,3,14,15,45,167
2023,3,14,16,0,276
2023,3,14,16,15,317
2023,3,14,16,30,220
2023,3,14,16,45,107
2023,3,14,17,0,67
2023,3,14,17,15,87
2023,3,14,17,30,148
2023,3,14,17,45,177
2023,3,14,18,0,145
2023,3,14,18,15,228
2023,3,14,18,30,163
2023,3,14,18,45,93
2023,3,14,19,0,66
2023,3,14,19,15,76
2023,3,14,19,30,104
2023,3,14,19,45,137
2023,3,14,20,0,114
2023,3,14,20,15,122
2023,3,14,20,30,63
2023,3,14,20,45,33
2023,3,14,21,0,29
2023,3,14,21,15,65
2023,3,14,21,30,56
2023,3,14,21,45,86
2023,3,14,22,0,61
2023,3,14,22,15,108
2023,3,14,22,30,74
2023,3,14,22,45,188
2023,3,14,23,0,219
2023,3,14,23,15,11
2023,3,14,23,30,74
2023,3,14,23,45,6
2023,3,15,0,0,20
2023,3,15,0,15,74
2023,3,15,0,30,4
2023,3,15,0,45,3
2023,3,15,1,0,30
2023,3,15,1,15,26
2023,3,15,1,30,16
2023,3,15,1,45,0
2023,3,15,2,0,0
2023,3,15,2,15,0
2023,3,15,2,30,0
2023,3,15,2,45,0
2023,3,15,3,0,0
2023,3,15,3,15,0
2023,3,15,3,30,0
2023,3,15,3,45,0
2023,3,15,4,0,0
2023,3,15,4,15,0
2023,3,15,4,30,0
2023,3,15,4,45,0
2023,3,15,5,0,0
2023,3,15,5,15,0
2023,3,15,5,30,0
2023,3,15,5,45,0
2023,3,15,6,0,0
2023,3,15,6,15,0
2023,3,15,6,30,0
2023,3,15,6,45,0
2023,3,15,7,0,0
2023,3,15,7,15,0
2023,3,15,7,30,0
2023,3,15,7,45,0
2023,3,15,8,0,0
2023,3,15,8,15,0
2023,3,15,8,30,0
2023,3,15,8,45,0
2023,3,15,9,0,0
2023,3,15,9,15,0
2023,3,15,9,30,0
2023,3,15,9,45,0
2023,3,15,10,0,0
2023,3,15,10,15,0
2023,3,15,10,30,0
2023,3,15,10,45,0
2023,3,15,11,0,0
2023,3,15,11,15,0
2023,3,15,11,30,0
2023,3,15,11,45,0
2023,3,15,12,0,0
2023,3,15,12,15,0
2023,3,15,12,30,0
2023,3,15,12,45,0
2023,3,15,13,0,0
2023,3,15,13,15,0
2023,3,15,13,30,0
2023,3,15,13,45,0
2023,3,15,14,0,5
2023,3,15,14,15,21
2023,3,15,14,30,29
2023,3,15,14,45,126
2023,3,15,15,0,113
2023,3,15,15,15,202
2023,3,15,15,30,35
2023,3,15,15,45,14
2023,3,15,16,0,8
2023,3,15,16,15,30
2023,3,15,16,30,34
2023,3,15,16,45,406
2023,3,15,17,0,386
2023,3,15,17,15,486
2023,3,15,17,30,574
2023,3,15,17,45,618
2023,3,15,18,0,528
2023,3,15,18,15,763
2023,3,15,18,30,701
2023,3,15,18,45,487
2023,3,15,19,0,668
2023,3,15,19,15,668
2023,3,15,19,30,390
2023,3,15,19,45,575
2023,3,15,20,0,737
2023,3,15,20,15,664
2023,3,15,20,30,541
2023,3,15,20,45,660
2023,3,15,21,0,655
2023,3,15,21,15,575
2023,3,15,21,30,114
2023,3,15,21,45,232
2023,3,15,22,0,123
2023,3,15,22,15,105
2023,3,15,22,30,65
2023,3,15,22,45,49
2023,3,15,23,0,65
2023,3,15,23,15,169
2023,3,15,23,30,69
2023,3,15,23,45,171
2023,3,16,0,0,172
2023,3,16,0,15,128
2023,3,16,0,30,68
2023,3,16,0,45,54
2023,3,16,1,0,24
2023,3,16,1,15,21
2023,3,16,1,30,12
2023,3,16,1,45,0
2023,3,16,2,0,0
2023,3,16,2,15,0
2023,3,16,2,30,0
2023,3,16,2,45,0
2023,3,16,3,0,0
2023,3,16,3,15,0
2023,3,16,3,30,0
2023,3,16,3,45,0
2023,3,16,4,0,0
2023,3,16,4,15,0
2023,3,16,4,30,0
2023,3,16,4,45,0
2023,3,16,5,0,0
2023,3,16,5,15,0
2023,3,16,5,30,0
2023,3,16,5,45,0
2023,3,16,6,0,0
2023,3,16,6,15,0
2023,3,16,6,30,0
2023,3,16,6,45,0
2023,3,16,7,0,0
2023,3,16,7,15,0
2023,3,16,7,30,0
2023,3,16,7,45,0
2023,3,16,8,0,0
2023,3,16,8,15,0
2023,3,16,8,30,0
2023,3,16,8,45,0
2023,3,16,9,0,0
2023,3,16,9,15,0
2023,3,16,9,30,0
2023,3,16,9,45,0
2023,3,16,10,0,0
2023,3,16,10,15,0
2023,3,16,10,30,0
2023,3,16,10,45,0
2023,3,16,11,0,0
2023,3,16,11,15,0
2023,3,16,11,30,0
2023,3,16,11,45,0
2023,3,16,12,0,0
2023,3,16,12,15,0
2023,3,16,12,30,0
2023,3,16,12,45,0
2023,3,16,13,0,0
2023,3,16,13,15,0
2023,3,16,13,30,0
2023,3,16,13,45,0
2023,3,16,14,0,18
2023,3,16,14,15,54
2023,3,16,14,30,100
2023,3,16,14,45,151
2023,3,16,15,0,206
2023,3,16,15,15,262
2023,3,16,15,30,318
2023,3,16,15,45,374
2023,3,16,16,0,428
2023,3,16,16,15,481
2023,3,16,16,30,532
2023,3,16,16,45,580
2023,3,16,17,0,626
2023,3,16,17,15,668
2023,3,16,17,30,708
2023,3,16,17,45,744
2023,3,16,18,0,777
2023,3,16,18,15,806
2023,3,16,18,30,830
2023,3,16,18,45,850
2023,3,16,19,0,867
2023,3,16,19,15,879
2023,3,16,19,30,887
2023,3,16,19,45,889
2023,3,16,20,0,888
2023,3,16,20,15,793
2023,3,16,20,30,873
2023,3,16,20,45,855
2023,3,16,21,0,836
2023,3,16,21,15,813
2023,3,16,21,30,787
2023,3,16,21,45,756
2023,3,16,22,0,722
2023,3,16,22,15,684
2023,3,16,22,30,643
2023,3,16,22,45,599
2023,3,16,23,0,551
2023,3,16,23,15,502
2023,3,16,23,30,450
2023,3,16,23,45,397
2023,3,17,0,0,342
2023,3,17,0,15,286
2023,3,17,0,30,230
2023,3,17,0,45,176
2023,3,17,1,0,122
2023,3,17,1,15,73
2023,3,17,1,30,33
2023,3,17,1,45,0
2023,3,17,2,0,0
2023,3,17,2,15,0
2023,3,17,2,30,0
2023,3,17,2,45,0
2023,3,17,3,0,0
2023,3,17,3,15,0
2023,3,17,3,30,0
2023,3,17,3,45,0
2023,3,17,4,0,0
2023,3,17,4,15,0
2023,3,17,4,30,0
2023,3,17,4,45,0
2023,3,17,5,0,0
2023,3,17,5,15,0
2023,3,17,5,30,0
2023,3,17,5,45,0
2023,3,17,6,0,0
2023,3,17,6,15,0
2023,3,17,6,30,0
2023,3,17,6,45,0
2023,3,17,7,0,0
2023,3,17,7,15,0
2023,3,17,7,30,0
2023,3,17,7,45,0
2023,3,17,8,0,0
2023,3,17,8,15,0
2023,3,17,8,30,0
2023,3,17,8,45,0
2023,3,17,9,0,0
2023,3,17,9,15,0
2023,3,17,9,30,0
2023,3,17,9,45,0
2023,3,17,10,0,0
2023,3,17,10,15,0
2023,3,17,10,30,0
2023,3,17,10,45,0
2023,3,17,11,0,0
2023,3,17,11,15,0
2023,3,17,11,30,0
2023,3,17,11,45,0
2023,3,17,12,0,0
2023,3,17,12,15,0
2023,3,17,12,30,0
2023,3,17,12,45,0
2023,3,17,13,0,0
2023,3,17,13,15,0
2023,3,17,13,30,0
2023,3,17,13,45,0
2023,3,17,14,0,21
2023,3,17,14,15,57
2023,3,17,14,30,104
2023,3,17,14,45,156
2023,3,17,15,0,210
2023,3,17,15,15,267
2023,3,17,15,30,323
2023,3,17,15,45,378
2023,3,17,16,0,433
2023,3,17,16,15,485
2023,3,17,16,30,536
2023,3,17,16,45,585
2023,3,17,17,0,631
2023,3,17,17,15,674
2023,3,17,17,30,713
2023,3,17,17,45,748
2023,3,17,18,0,780
2023,3,17,18,15,809
2023,3,17,18,30,833
2023,3,17,18,45,854
2023,3,17,19,0,871
2023,3,17,19,15,882
2023,3,17,19,30,890
2023,3,17,19,45,894
2023,3,17,20,0,893
2023,3,17,20,15,887
2023,3,17,20,30,884
2023,3,17,20,45,869
2023,3,17,21,0,850
2023,3,17,21,15,827
2023,3,17,21,30,800
2023,3,17,21,45,770
2023,3,17,22,0,735
2023,3,17,22,15,697
2023,3,17,22,30,656
2023,3,17,22,45,612
2023,3,17,23,0,564
2023,3,17,23,15,514
2023,3,17,23,30,462
2023,3,17,23,45,408
2023,3,18,0,0,353
2023,3,18,0,15,296
2023,3,18,0,30,240
2023,3,18,0,45,184
2023,3,18,1,0,130
2023,3,18,1,15,79
2023,3,18,1,30,36
2023,3,18,1,45,0
2023,3,18,2,0,0
2023,3,18,2,15,0
2023,3,18,2,30,0
2023,3,18,2,45,0
2023,3,18,3,0,0
2023,3,18,3,15,0
2023,3,18,3,30,0
2023,3,18,3,45,0
2023,3,18,4,0,0
2023,3,18,4,15,0
2023,3,18,4,30,0
2023,3,18,4,45,0
2023,3,18,5,0,0
2023,3,18,5,15,0
2023,3,18,5,30,0
2023,3,18,5,45,0
2023,3,18,6,0,0
2023,3,18,6,15,0
2023,3,18,6,30,0
2023,3,18,6,45,0
2023,3,18,7,0,0
2023,3,18,7,15,0
2023,3,18,7,30,0
2023,3,18,7,45,0
2023,3,18,8,0,0
2023,3,18,8,15,0
2023,3,18,8,30,0
2023,3,18,8,45,0
2023,3,18,9,0,0
2023,3,18,9,15,0
2023,3,18,9,30,0
2023,3,18,9,45,0
2023,3,18,10,0,0
2023,3,18,10,15,0
2023,3,18,10,30,0
2023,3,18,10,45,0
2023,3,18,11,0,0
2023,3,18,11,15,0
2023,3,18,11,30,0
2023,3,18,11,45,0
2023,3,18,12,0,0
2023,3,18,12,15,0
2023,3,18,12,30,0
2023,3,18,12,45,0
2023,3,18,13,0,0
2023,3,18,13,15,0
2023,3,18,13,30,0
2023,3,18,13,45,0
2023,3,18,14,0,25
2023,3,18,14,15,64
2023,3,18,14,30,112
2023,3,18,14,45,164
2023,3,18,15,0,220
2023,3,18,15,15,276
2023,3,18,15,30,333
2023,3,18,15,45,389
2023,3,18,16,0,443
2023,3,18,16,15,479
2023,3,18,16,30,434
2023,3,18,16,45,469
2023,3,18,17,0,528
2023,3,18,17,15,547
2023,3,18,17,30,677
2023,3,18,17,45,760
2023,3,18,18,0,746
2023,3,18,18,15,821
2023,3,18,18,30,846
2023,3,18,18,45,868
2023,3,18,19,0,884
2023,3,18,19,15,896
2023,3,18,19,30,903
2023,3,18,19,45,908
2023,3,18,20,0,907
2023,3,18,20,15,901
2023,3,18,20,30,891
2023,3,18,20,45,875
2023,3,18,21,0,856
2023,3,18,21,15,833
2023,3,18,21,30,806
2023,3,18,21,45,775
2023,3,18,22,0,740
2023,3,18,22,15,702
2023,3,18,22,30,660
2023,3,18,22,45,616
2023,3,18,23,0,568
2023,3,18,23,15,518
2023,3,18,23,30,466
2023,3,18,23,45,410
2023,3,19,0,0,354
2023,3,19,0,15,298
2023,3,19,0,30,241
2023,3,19,0,45,183
2023,3,19,1,0,130
2023,3,19,1,15,80
2023,3,19,1,30,30
2023,3,19,1,45,0
2023,3,19,2,0,0
2023,3,19,2,15,0
2023,3,19,2,30,0
2023,3,19,2,45,0
2023,3,19,3,0,0
2023,3,19,3,15,0
2023,3,19,3,30,0
2023,3,19,3,45,0
2023,3,19,4,0,0
2023,3,19,4,15,0
2023,3,19,4,30,0
2023,3,19,4,45,0
2023,3,19,5,0,0
2023,3,19,5,15,0
2023,3,19,5,30,0
2023,3,19,5,45,0
2023,3,19,6,0,0
2023,3,19,6,15,0
2023,3,19,6,30,0
2023,3,19,6,45,0
2023,3,19,7,0,0
2023,3,19,7,15,0
2023,3,19,7,30,0
2023,3,19,7,45,0
2023,3,19,8,0,0
2023,3,19,8,15,0
2023,3,19,8,30,0
2023,3,19,8,45,0
2023,3,19,9,0,0
2023,3,19,9,15,0
2023,3,19,9,30,0
2023,3,19,9,45,0
2023,3,19,10,0,0
2023,3,19,10,15,0
2023,3,19,10,30,0
2023,3,19,10,45,0
2023,3,19,11,0,0
2023,3,19,11,15,0
2023,3,19,11,30,0
2023,3,19,11,45,0
2023,3,19,12,0,0
2023,3,19,12,15,0
2023,3,19,12,30,0
2023,3,19,12,45,0
2023,3,19,13,0,0
2023,3,19,13,15,0
2023,3,19,13,30,0
2023,3,19,13,45,0
2023,3,19,14,0,10
2023,3,19,14,15,24
2023,3,19,14,30,33
2023,3,19,14,45,64
2023,3,19,15,0,77
2023,3,19,15,15,55
2023,3,19,15,30,48
2023,3,19,15,45,72
2023,3,19,16,0,65
2023,3,19,16,15,94
2023,3,19,16,30,123
2023,3,19,16,45,109
2023,3,19,17,0,197
2023,3,19,17,15,242
2023,3,19,17,30,229
2023,3,19,17,45,238
2023,3,19,18,0,332
2023,3,19,18,15,292
2023,3,19,18,30,407
2023,3,19,18,45,344
2023,3,19,19,0,389
2023,3,19,19,15,446
2023,3,19,19,30,540
2023,3,19,19,45,373
2023,3,19,20,0,182
2023,3,19,20,15,62
2023,3,19,20,30,134
2023,3,19,20,45,212
2023,3,19,21,0,198
2023,3,19,21,15,267
2023,3,19,21,30,35
2023,3,19,21,45,170
2023,3,19,22,0,113
2023,3,19,22,15,112
2023,3,19,22,30,94
2023,3,19,22,45,250
2023,3,19,23,0,260
2023,3,19,23,15,236
2023,3,19,23,30,106
2023,3,19,23,45,161
2023,3,20,0,0,182
2023,3,20,0,15,11
2023,3,20,0,30,65
2023,3,20,0,45,67
2023,3,20,1,0,6
2023,3,20,1,15,52
2023,3,20,1,30,23
2023,3,20,1,45,0
2023,3,20,2,0,0
2023,3,20,2,15,0
2023,3,20,2,30,0
2023,3,20,2,45,0
2023,3,20,3,0,0
2023,3,20,3,15,0
2023,3,20,3,30,0
2023,3,20,3,45,0
2023,3,20,4,0,0
2023,3,20,4,15,0
2023,3,20,4,30,0
2023,3,20,4,45,0
2023,3,20,5,0,0
2023,3,20,5,15,0
2023,3,20,5,30,0
2023,3,20,5,45,0
2023,3,20,6,0,0
2023,3,20,6,15,0
2023,3,20,6,30,0
2023,3,20,6,45,0
2023,3,20,7,0,0
2023,3,20,7,15,0
2023,3,20,7,30,0
2023,3,20,7,45,0
2023,3,20,8,0,0
2023,3,20,8,15,0
2023,3,20,8,30,0
2023,3,20,8,45,0
2023,3,20,9,0,0
2023,3,20,9,15,0
2023,3,20,9,30,0
2023,3,20,9,45,0
2023,3,20,10,0,0
2023,3,20,10,15,0
2023,3,20,10,30,0
2023,3,20,10,45,0
2023,3,20,11,0,0
2023,3,20,11,15,0
2023,3,20,11,30,0
2023,3,20,11,45,0
2023,3,20,12,0,0
2023,3,20,12,15,0
2023,3,20,12,30,0
2023,3,20,12,45,0
2023,3,20,13,0,0
2023,3,20,13,15,0
2023,3,20,13,30,0
2023,3,20,13,45,0
2023,3,20,14,0,14
2023,3,20,14,15,30
2023,3,20,14,30,52
2023,3,20,14,45,59
2023,3,20,15,0,32
2023,3,20,15,15,52
2023,3,20,15,30,74
2023,3,20,15,45,110
2023,3,20,16,0,170
2023,3,20,16,15,208
2023,3,20,16,30,367
2023,3,20,16,45,394
2023,3,20,17,0,390
2023,3,20,17,15,432
2023,3,20,17,30,525
2023,3,20,17,45,514
2023,3,20,18,0,454
2023,3,20,18,15,388
2023,3,20,18,30,424
2023,3,20,18,45,507
2023,3,20,19,0,646
2023,3,20,19,15,668
2023,3,20,19,30,782
2023,3,20,19,45,737
2023,3,20,20,0,763
2023,3,20,20,15,787
2023,3,20,20,30,653
2023,3,20,20,45,786
2023,3,20,21,0,704
2023,3,20,21,15,692
2023,3,20,21,30,634
2023,3,20,21,45,642
2023,3,20,22,0,620
2023,3,20,22,15,568
2023,3,20,22,30,537
2023,3,20,22,45,421
2023,3,20,23,0,548
2023,3,20,23,15,499
2023,3,20,23,30,448
2023,3,20,23,45,396
2023,3,21,0,0,342
2023,3,21,0,15,288
2023,3,21,0,30,233
2023,3,21,0,45,181
2023,3,21,1,0,129
2023,3,21,1,15,80
2023,3,21,1,30,39
2023,3,21,1,45,0
2023,3,21,2,0,0
2023,3,21,2,15,0
2023,3,21,2,30,0
2023,3,21,2,45,0
2023,3,21,3,0,0
2023,3,21,3,15,0
2023,3,21,3,30,0
2023,3,21,3,45,0
2023,3,21,4,0,0
2023,3,21,4,15,0
2023,3,21,4,30,0
2023,3,21,4,45,0
2023,3,21,5,0,0
2023,3,21,5,15,0
2023,3,21,5,30,0
2023,3,21,5,45,0
2023,3,21,6,0,0
2023,3,21,6,15,0
2023,3,21,6,30,0
2023,3,21,6,45,0
2023,3,21,7,0,0
2023,3,21,7,15,0
2023,3,21,7,30,0
2023,3,21,7,45,0
2023,3,21,8,0,0
2023,3,21,8,15,0
2023,3,21,8,30,0
2023,3,21,8,45,0
2023,3,21,9,0,0
2023,3,21,9,15,0
2023,3,21,9,30,0
2023,3,21,9,45,0
2023,3,21,10,0,0
2023,3,21,10,15,0
2023,3,21,10,30,0
2023,3,21,10,45,0
2023,3,21,11,0,0
2023,3,21,11,15,0
2023,3,21,11,30,0
2023,3,21,11,45,0
2023,3,21,12,0,0
2023,3,21,12,15,0
2023,3,21,12,30,0
2023,3,21,12,45,0
2023,3,21,13,0,0
2023,3,21,13,15,0
2023,3,21,13,30,0
2023,3,21,13,45,0
2023,3,21,14,0,12
2023,3,21,14,15,16
2023,3,21,14,30,96
2023,3,21,14,45,108
2023,3,21,15,0,45
2023,3,21,15,15,77
2023,3,21,15,30,55
2023,3,21,15,45,119
2023,3,21,16,0,134
2023,3,21,16,15,172
2023,3,21,16,30,94
2023,3,21,16,45,116
2023,3,21,17,0,236
2023,3,21,17,15,78
2023,3,21,17,30,157
2023,3,21,17,45,96
2023,3,21,18,0,214
2023,3,21,18,15,115
2023,3,21,18,30,120
2023,3,21,18,45,113
2023,3,21,19,0,369
2023,3,21,19,15,176
2023,3,21,19,30,368
2023,3,21,19,45,292
2023,3,21,20,0,97
2023,3,21,20,15,254
2023,3,21,20,30,70
2023,3,21,20,45,148
2023,3,21,21,0,39
2023,3,21,21,15,38
2023,3,21,21,30,37
2023,3,21,21,45,281
2023,3,21,22,0,77
2023,3,21,22,15,276
2023,3,21,22,30,43
2023,3,21,22,45,448
2023,3,21,23,0,541
2023,3,21,23,15,493
2023,3,21,23,30,443
2023,3,21,23,45,386
2023,3,22,0,0,296
2023,3,22,0,15,279
2023,3,22,0,30,227
2023,3,22,0,45,175
2023,3,22,1,0,125
2023,3,22,1,15,78
2023,3,22,1,30,38
2023,3,22,1,45,0
2023,3,22,2,0,0
2023,3,22,2,15,0
2023,3,22,2,30,0
2023,3,22,2,45,0
2023,3,22,3,0,0
2023,3,22,3,15,0
2023,3,22,3,30,0
2023,3,22,3,45,0
2023,3,22,4,0,0
2023,3,22,4,15,0
2023,3,22,4,30,0
2023,3,22,4,45,0
2023,3,22,5,0,0
2023,3,22,5,15,0
2023,3,22,5,30,0
2023,3,22,5,45,0
2023,3,22,6,0,0
2023,3,22,6,15,0
2023,3,22,6,30,0
2023,3,22,6,45,0
2023,3,22,7,0,0
2023,3,22,7,15,0
2023,3,22,7,30,0
2023,3,22,7,45,0
2023,3,22,8,0,0
2023,3,22,8,15,0
2023,3,22,8,30,0
2023,3,22,8,45,0
2023,3,22,9,0,0
2023,3,22,9,15,0
2023,3,22,9,30,0
2023,3,22,9,45,0
2023,3,22,10,0,0
2023,3,22,10,15,0
2023,3,22,10,30,0
2023,3,22,10,45,0
2023,3,22,11,0,0
2023,3,22,11,15,0
2023,3,22,11,30,0
2023,3,22,11,45,0
2023,3,22,12,0,0
2023,3,22,12,15,0
2023,3,22,12,30,0
2023,3,22,12,45,0
2023,3,22,13,0,0
2023,3,22,13,15,0
2023,3,22,13,30,0
2023,3,22,13,45,0
2023,3,22,14,0,20
2023,3,22,14,15,45
2023,3,22,14,30,76
2023,3,22,14,45,33
2023,3,22,15,0,173
2023,3,22,15,15,297
2023,3,22,15,30,343
2023,3,22,15,45,409
2023,3,22,16,0,463
2023,3,22,16,15,515
2023,3,22,16,30,566
2023,3,22,16,45,614
2023,3,22,17,0,659
2023,3,22,17,15,701
2023,3,22,17,30,740
2023,3,22,17,45,771
2023,3,22,18,0,803
2023,3,22,18,15,831
2023,3,22,18,30,855
2023,3,22,18,45,874
2023,3,22,19,0,890
2023,3,22,19,15,901
2023,3,22,19,30,908
2023,3,22,19,45,911
2023,3,22,20,0,909
2023,3,22,20,15,903
2023,3,22,20,30,889
2023,3,22,20,45,873
2023,3,22,21,0,854
2023,3,22,21,15,831
2023,3,22,21,30,804
2023,3,22,21,45,773
2023,3,22,22,0,735
2023,3,22,22,15,540
2023,3,22,22,30,656
2023,3,22,22,45,611
2023,3,22,23,0,562
2023,3,22,23,15,512
2023,3,22,23,30,461
2023,3,22,23,45,407
2023,3,23,0,0,353
2023,3,23,0,15,240
2023,3,23,0,30,177
2023,3,23,0,45,37
2023,3,23,1,0,109
2023,3,23,1,15,42
2023,3,23,1,30,29
2023,3,23,1,45,7
2023,3,23,2,0,0
2023,3,23,2,15,0
2023,3,23,2,30,0
2023,3,23,2,45,0
2023,3,23,3,0,0
2023,3,23,3,15,0
2023,3,23,3,30,0
2023,3,23,3,45,0
2023,3,23,4,0,0
2023,3,23,4,15,0
2023,3,23,4,30,0
2023,3,23,4,45,0
2023,3,23,5,0,0
2023,3,23,5,15,0
2023,3,23,5,30,0
2023,3,23,5,45,0
2023,3,23,6,0,0
2023,3,23,6,15,0
2023,3,23,6,30,0
2023,3,23,6,45,0
2023,3,23,7,0,0
2023,3,23,7,15,0
2023,3,23,7,30,0
2023,3,23,7,45,0
2023,3,23,8,0,0
2023,3,23,8,15,0
2023,3,23,8,30,0
2023,3,23,8,45,0
2023,3,23,9,0,0
2023,3,23,9,15,0
2023,3,23,9,30,0
2023,3,23,9,45,0
2023,3,23,10,0,0
2023,3,23,10,15,0
2023,3,23,10,30,0
2023,3,23,10,45,0
2023,3,23,11,0,0
2023,3,23,11,15,0
2023,3,23,11,30,0
2023,3,23,11,45,0
2023,3,23,12,0,0
2023,3,23,12,15,0
2023,3,23,12,30,0
2023,3,23,12,45,0
2023,3,23,13,0,0
2023,3,23,13,15,0
2023,3,23,13,30,0
2023,3,23,13,45,0
2023,3,23,14,0,23
2023,3,23,14,15,45
2023,3,23,14,30,92
2023,3,23,14,45,151
2023,3,23,15,0,237
2023,3,23,15,15,292
2023,3,23,15,30,347
2023,3,23,15,45,402
2023,3,23,16,0,455
2023,3,23,16,15,506
2023,3,23,16,30,558
2023,3,23,16,45,606
2023,3,23,17,0,650
2023,3,23,17,15,692
2023,3,23,17,30,730
2023,3,23,17,45,759
2023,3,23,18,0,791
2023,3,23,18,15,818
2023,3,23,18,30,842
2023,3,23,18,45,861
2023,3,23,19,0,699
2023,3,23,19,15,483
2023,3,23,19,30,809
2023,3,23,19,45,544
2023,3,23,20,0,687
2023,3,23,20,15,889
2023,3,23,20,30,879
2023,3,23,20,45,298
2023,3,23,21,0,171
2023,3,23,21,15,541
2023,3,23,21,30,153
2023,3,23,21,45,343
2023,3,23,22,0,67
2023,3,23,22,15,32
2023,3,23,22,30,428
2023,3,23,22,45,427
2023,3,23,23,0,560
2023,3,23,23,15,511
2023,3,23,23,30,191
2023,3,23,23,45,345
2023,3,24,0,0,6
2023,3,24,0,15,220
2023,3,24,0,30,149
2023,3,24,0,45,7
2023,3,24,1,0,41
2023,3,24,1,15,64
2023,3,24,1,30,32
2023,3,24,1,45,7
2023,3,24,2,0,0
2023,3,24,2,15,0
2023,3,24,2,30,0
2023,3,24,2,45,0
2023,3,24,3,0,0
2023,3,24,3,15,0
2023,3,24,3,30,0
2023,3,24,3,45,0
2023,3,24,4,0,0
2023,3,24,4,15,0
2023,3,24,4,30,0
2023,3,24,4,45,0
2023,3,24,5,0,0
2023,3,24,5,15,0
2023,3,24,5,30,0
2023,3,24,5,45,0
2023,3,24,6,0,0
2023,3,24,6,15,0
2023,3,24,6,30,0
2023,3,24,6,45,0
2023,3,24,7,0,0
2023,3,24,7,15,0
2023,3,24,7,30,0
2023,3,24,7,45,0
2023,3,24,8,0,0
2023,3,24,8,15,0
2023,3,24,8,30,0
2023,3,24,8,45,0
2023,3,24,9,0,0
2023,3,24,9,15,0
2023,3,24,9,30,0
2023,3,24,9,45,0
2023,3,24,10,0,0
2023,3,24,10,15,0
2023,3,24,10,30,0
2023,3,24,10,45,0
2023,3,24,11,0,0
2023,3,24,11,15,0
2023,3,24,11,30,0
2023,3,24,11,45,0
2023,3,24,12,0,0
2023,3,24,12,15,0
2023,3,24,12,30,0
2023,3,24,12,45,0
2023,3,24,13,0,0
2023,3,24,13,15,0
2023,3,24,13,30,0
2023,3,24,13,45,12
2023,3,24,14,0,42
2023,3,24,14,15,85
2023,3,24,14,30,135
2023,3,24,14,45,188
2023,3,24,15,0,244
2023,3,24,15,15,300
2023,3,24,15,30,356
2023,3,24,15,45,412
2023,3,24,16,0,466
2023,3,24,16,15,518
2023,3,24,16,30,569
2023,3,24,16,45,617
2023,3,24,17,0,662
2023,3,24,17,15,704
2023,3,24,17,30,743
2023,3,24,17,45,774
2023,3,24,18,0,805
2023,3,24,18,15,833
2023,3,24,18,30,857
2023,3,24,18,45,879
2023,3,24,19,0,894
2023,3,24,19,15,906
2023,3,24,19,30,913
2023,3,24,19,45,916
2023,3,24,20,0,915
2023,3,24,20,15,909
2023,3,24,20,30,898
2023,3,24,20,45,875
2023,3,24,21,0,855
2023,3,24,21,15,832
2023,3,24,21,30,805
2023,3,24,21,45,778
2023,3,24,22,0,743
2023,3,24,22,15,705
2023,3,24,22,30,663
2023,3,24,22,45,622
2023,3,24,23,0,326
2023,3,24,23,15,529
2023,3,24,23,30,429
2023,3,24,23,45,424
2023,3,25,0,0,369
2023,3,25,0,15,312
2023,3,25,0,30,256
2023,3,25,0,45,201
2023,3,25,1,0,81
2023,3,25,1,15,79
2023,3,25,1,30,50
2023,3,25,1,45,16
2023,3,25,2,0,0
2023,3,25,2,15,0
2023,3,25,2,30,0
2023,3,25,2,45,0
2023,3,25,3,0,0
2023,3,25,3,15,0
2023,3,25,3,30,0
2023,3,25,3,45,0
2023,3,25,4,0,0
2023,3,25,4,15,0
2023,3,25,4,30,0
2023,3,25,4,45,0
2023,3,25,5,0,0
2023,3,25,5,15,0
2023,3,25,5,30,0
2023,3,25,5,45,0
2023,3,25,6,0,0
2023,3,25,6,15,0
2023,3,25,6,30,0
2023,3,25,6,45,0
2023,3,25,7,0,0
2023,3,25,7,15,0
2023,3,25,7,30,0
2023,3,25,7,45,0
2023,3,25,8,0,0
2023,3,25,8,15,0
2023,3,25,8,30,0
2023,3,25,8,45,0
2023,3,25,9,0,0
2023,3,25,9,15,0
2023,3,25,9,30,0
2023,3,25,9,45,0
2023,3,25,10,0,0
2023,3,25,10,15,0
2023,3,25,10,30,0
2023,3,25,10,45,0
2023,3,25,11,0,0
2023,3,25,11,15,0
2023,3,25,11,30,0
2023,3,25,11,45,0
2023,3,25,12,0,0
2023,3,25,12,15,0
2023,3,25,12,30,0
2023,3,25,12,45,0
2023,3,25,13,0,0
2023,3,25,13,15,0
2023,3,25,13,30,0
2023,3,25,13,45,9
2023,3,25,14,0,36
2023,3,25,14,15,73
2023,3,25,14,30,134
2023,3,25,14,45,179
2023,3,25,15,0,207
2023,3,25,15,15,246
2023,3,25,15,30,328
2023,3,25,15,45,369
2023,3,25,16,0,350
2023,3,25,16,15,382
2023,3,25,16,30,489
2023,3,25,16,45,547
2023,3,25,17,0,661
2023,3,25,17,15,658
2023,3,25,17,30,732
2023,3,25,17,45,402
2023,3,25,18,0,738
2023,3,25,18,15,829
2023,3,25,18,30,853
2023,3,25,18,45,874
2023,3,25,19,0,889
2023,3,25,19,15,900
2023,3,25,19,30,907
2023,3,25,19,45,913
2023,3,25,20,0,910
2023,3,25,20,15,904
2023,3,25,20,30,893
2023,3,25,20,45,873
2023,3,25,21,0,854
2023,3,25,21,15,830
2023,3,25,21,30,803
2023,3,25,21,45,774
2023,3,25,22,0,739
2023,3,25,22,15,701
2023,3,25,22,30,659
2023,3,25,22,45,616
2023,3,25,23,0,568
2023,3,25,23,15,519
2023,3,25,23,30,467
2023,3,25,23,45,401
2023,3,26,0,0,328
2023,3,26,0,15,248
2023,3,26,0,30,248
2023,3,26,0,45,194
2023,3,26,1,0,141
2023,3,26,1,15,91
2023,3,26,1,30,48
2023,3,26,1,45,16
2023,3,26,2,0,0
2023,3,26,2,15,0
2023,3,26,2,30,0
2023,3,26,2,45,0
2023,3,26,3,0,0
2023,3,26,3,15,0
2023,3,26,3,30,0
2023,3,26,3,45,0
2023,3,26,4,0,0
2023,3,26,4,15,0
2023,3,26,4,30,0
2023,3,26,4,45,0
2023,3,26,5,0,0
2023,3,26,5,15,0
2023,3,26,5,30,0
2023,3,26,5,45,0
2023,3,26,6,0,0
2023,3,26,6,15,0
2023,3,26,6,30,0
2023,3,26,6,45,0
2023,3,26,7,0,0
2023,3,26,7,15,0
2023,3,26,7,30,0
2023,3,26,7,45,0
2023,3,26,8,0,0
2023,3,26,8,15,0
2023,3,26,8,30,0
2023,3,26,8,45,0
2023,3,26,9,0,0
2023,3,26,9,15,0
2023,3,26,9,30,0
2023,3,26,9,45,0
2023,3,26,10,0,0
2023,3,26,10,15,0
2023,3,26,10,30,0
2023,3,26,10,45,0
2023,3,26,11,0,0
2023,3,26,11,15,0
2023,3,26,11,30,0
2023,3,26,11,45,0
2023,3,26,12,0,0
2023,3,26,12,15,0
2023,3,26,12,30,0
2023,3,26,12,45,0
2023,3,26,13,0,0
2023,3,26,13,15,0
2023,3,26,13,30,0
2023,3,26,13,45,9
2023,3,26,14,0,31
2023,3,26,14,15,57
2023,3,26,14,30,20
2023,3,26,14,45,147
2023,3,26,15,0,203
2023,3,26,15,15,309
2023,3,26,15,30,365
2023,3,26,15,45,421
2023,3,26,16,0,474
2023,3,26,16,15,527
2023,3,26,16,30,577
2023,3,26,16,45,625
2023,3,26,17,0,669
2023,3,26,17,15,711
2023,3,26,17,30,750
2023,3,26,17,45,785
2023,3,26,18,0,817
2023,3,26,18,15,845
2023,3,26,18,30,868
2023,3,26,18,45,888
2023,3,26,19,0,903
2023,3,26,19,15,914
2023,3,26,19,30,921
2023,3,26,19,45,917
2023,3,26,20,0,916
2023,3,26,20,15,878
2023,3,26,20,30,899
2023,3,26,20,45,759
2023,3,26,21,0,863
2023,3,26,21,15,297
2023,3,26,21,30,324
2023,3,26,21,45,100
2023,3,26,22,0,297
2023,3,26,22,15,643
2023,3,26,22,30,29
2023,3,26,22,45,413
2023,3,26,23,0,372
2023,3,26,23,15,429
2023,3,26,23,30,480
2023,3,26,23,45,429
2023,3,27,0,0,377
2023,3,27,0,15,320
2023,3,27,0,30,263
2023,3,27,0,45,209
2023,3,27,1,0,153
2023,3,27,1,15,101
2023,3,27,1,30,56
2023,3,27,1,45,20
2023,3,27,2,0,0
2023,3,27,2,15,0
2023,3,27,2,30,0
2023,3,27,2,45,0
2023,3,27,3,0,0
2023,3,27,3,15,0
2023,3,27,3,30,0
2023,3,27,3,45,0
2023,3,27,4,0,0
2023,3,27,4,15,0
2023,3,27,4,30,0
2023,3,27,4,45,0
2023,3,27,5,0,0
2023,3,27,5,15,0
2023,3,27,5,30,0
2023,3,27,5,45,0
2023,3,27,6,0,0
2023,3,27,6,15,0
2023,3,27,6,30,0
2023,3,27,6,45,0
2023,3,27,7,0,0
2023,3,27,7,15,0
2023,3,27,7,30,0
2023,3,27,7,45,0
2023,3,27,8,0,0
2023,3,27,8,15,0
2023,3,27,8,30,0
2023,3,27,8,45,0
2023,3,27,9,0,0
2023,3,27,9,15,0
2023,3,27,9,30,0
2023,3,27,9,45,0
2023,3,27,10,0,0
2023,3,27,10,15,0
2023,3,27,10,30,0
2023,3,27,10,45,0
2023,3,27,11,0,0
2023,3,27,11,15,0
2023,3,27,11,30,0
2023,3,27,11,45,0
2023,3,27,12,0,0
2023,3,27,12,15,0
2023,3,27,12,30,0
2023,3,27,12,45,0
2023,3,27,13,0,0
2023,3,27,13,15,0
2023,3,27,13,30,0
2023,3,27,13,45,21
2023,3,27,14,0,60
2023,3,27,14,15,108
2023,3,27,14,30,162
2023,3,27,14,45,218
2023,3,27,15,0,276
2023,3,27,15,15,334
2023,3,27,15,30,392
2023,3,27,15,45,447
2023,3,27,16,0,503
2023,3,27,16,15,556
2023,3,27,16,30,607
2023,3,27,16,45,655
2023,3,27,17,0,701
2023,3,27,17,15,743
2023,3,27,17,30,782
2023,3,27,17,45,819
2023,3,27,18,0,850
2023,3,27,18,15,878
2023,3,27,18,30,902
2023,3,27,18,45,923
2023,3,27,19,0,938
2023,3,27,19,15,949
2023,3,27,19,30,956
2023,3,27,19,45,959
2023,3,27,20,0,957
2023,3,27,20,15,951
2023,3,27,20,30,940
2023,3,27,20,45,925
2023,3,27,21,0,897
2023,3,27,21,15,874
2023,3,27,21,30,846
2023,3,27,21,45,815
2023,3,27,22,0,780
2023,3,27,22,15,741
2023,3,27,22,30,699
2023,3,27,22,45,654
2023,3,27,23,0,606
2023,3,27,23,15,555
2023,3,27,23,30,502
2023,3,27,23,45,448
2023,3,28,0,0,392
2023,3,28,0,15,335
2023,3,28,0,30,277
2023,3,28,0,45,220
2023,3,28,1,0,164
2023,3,28,1,15,110
2023,3,28,1,30,61
2023,3,28,1,45,23
2023,3,28,2,0,0
2023,3,28,2,15,0
2023,3,28,2,30,0
2023,3,28,2,45,0
2023,3,28,3,0,0
2023,3,28,3,15,0
2023,3,28,3,30,0
2023,3,28,3,45,0
2023,3,28,4,0,0
2023,3,28,4,15,0
2023,3,28,4,30,0
2023,3,28,4,45,0
2023,3,28,5,0,0
2023,3,28,5,15,0
2023,3,28,5,30,0
2023,3,28,5,45,0
2023,3,28,6,0,0
2023,3,28,6,15,0
2023,3,28,6,30,0
2023,3,28,6,45,0
2023,3,28,7,0,0
2023,3,28,7,15,0
2023,3,28,7,30,0
2023,3,28,7,45,0
2023,3,28,8,0,0
2023,3,28,8,15,0
2023,3,28,8,30,0
2023,3,28,8,45,0
2023,3,28,9,0,0
2023,3,28,9,15,0
2023,3,28,9,30,0
2023,3,28,9,45,0
2023,3,28,10,0,0
2023,3,28,10,15,0
2023,3,28,10,30,0
2023,3,28,10,45,0
2023,3,28,11,0,0
2023,3,28,11,15,0
2023,3,28,11,30,0
2023,3,28,11,45,0
2023,3,28,12,0,0
2023,3,28,12,15,0
2023,3,28,12,30,0
2023,3,28,12,45,0
2023,3,28,13,0,0
2023,3,28,13,15,0
2023,3,28,13,30,0
2023,3,28,13,45,22
2023,3,28,14,0,59
2023,3,28,14,15,106
2023,3,28,14,30,158
2023,3,28,14,45,213
2023,3,28,15,0,269
2023,3,28,15,15,325
2023,3,28,15,30,381
2023,3,28,15,45,437
2023,3,28,16,0,490
2023,3,28,16,15,542
2023,3,28,16,30,592
2023,3,28,16,45,640
2023,3,28,17,0,684
2023,3,28,17,15,726
2023,3,28,17,30,764
2023,3,28,17,45,798
2023,3,28,18,0,829
2023,3,28,18,15,857
2023,3,28,18,30,880
2023,3,28,18,45,899
2023,3,28,19,0,914
2023,3,28,19,15,925
2023,3,28,19,30,932
2023,3,28,19,45,934
2023,3,28,20,0,932
2023,3,28,20,15,925
2023,3,28,20,30,914
2023,3,28,20,45,898
2023,3,28,21,0,767
2023,3,28,21,15,719
2023,3,28,21,30,828
2023,3,28,21,45,671
2023,3,28,22,0,603
2023,3,28,22,15,639
2023,3,28,22,30,683
2023,3,28,22,45,638
2023,3,28,23,0,530
2023,3,28,23,15,358
2023,3,28,23,30,490
2023,3,28,23,45,436
2023,3,29,0,0,381
2023,3,29,0,15,325
2023,3,29,0,30,269
2023,3,29,0,45,212
2023,3,29,1,0,158
2023,3,29,1,15,106
2023,3,29,1,30,59
2023,3,29,1,45,22
2023,3,29,2,0,0
2023,3,29,2,15,0
2023,3,29,2,30,0
2023,3,29,2,45,0
2023,3,29,3,0,0
2023,3,29,3,15,0
2023,3,29,3,30,0
2023,3,29,3,45,0
2023,3,29,4,0,0
2023,3,29,4,15,0
2023,3,29,4,30,0
2023,3,29,4,45,0
2023,3,29,5,0,0
2023,3,29,5,15,0
2023,3,29,5,30,0
2023,3,29,5,45,0
2023,3,29,6,0,0
2023,3,29,6,15,0
2023,3,29,6,30,0
2023,3,29,6,45,0
2023,3,29,7,0,0
2023,3,29,7,15,0
2023,3,29,7,30,0
2023,3,29,7,45,0
2023,3,29,8,0,0
2023,3,29,8,15,0
2023,3,29,8,30,0
2023,3,29,8,45,0
2023,3,29,9,0,0
2023,3,29,9,15,0
2023,3,29,9,30,0
2023,3,29,9,45,0
2023,3,29,10,0,0
2023,3,29,10,15,0
2023,3,29,10,30,0
2023,3,29,10,45,0
2023,3,29,11,0,0
2023,3,29,11,15,0
2023,3,29,11,30,0
2023,3,29,11,45,0
2023,3,29,12,0,0
2023,3,29,12,15,0
2023,3,29,12,30,0
2023,3,29,12,45,0
2023,3,29,13,0,0
2023,3,29,13,15,0
2023,3,29,13,30,0
2023,3,29,13,45,12
2023,3,29,14,0,30
2023,3,29,14,15,46
2023,3,29,14,30,91
2023,3,29,14,45,78
2023,3,29,15,0,137
2023,3,29,15,15,293
2023,3,29,15,30,272
2023,3,29,15,45,318
2023,3,29,16,0,473
2023,3,29,16,15,407
2023,3,29,16,30,429
2023,3,29,16,45,259
2023,3,29,17,0,389
2023,3,29,17,15,677
2023,3,29,17,30,698
2023,3,29,17,45,787
2023,3,29,18,0,704
2023,3,29,18,15,766
2023,3,29,18,30,612
2023,3,29,18,45,722
2023,3,29,19,0,752
2023,3,29,19,15,853
2023,3,29,19,30,878
2023,3,29,19,45,760
2023,3,29,20,0,825
2023,3,29,20,15,771
2023,3,29,20,30,742
2023,3,29,20,45,540
2023,3,29,21,0,209
2023,3,29,21,15,626
2023,3,29,21,30,451
2023,3,29,21,45,36
2023,3,29,22,0,194
2023,3,29,22,15,179
2023,3,29,22,30,31
2023,3,29,22,45,28
2023,3,29,23,0,54
2023,3,29,23,15,366
2023,3,29,23,30,188
2023,3,29,23,45,18
2023,3,30,0,0,23
2023,3,30,0,15,12
2023,3,30,0,30,10
2023,3,30,0,45,7
2023,3,30,1,0,6
2023,3,30,1,15,43
2023,3,30,1,30,33
2023,3,30,1,45,13
2023,3,30,2,0,0
2023,3,30,2,15,0
2023,3,30,2,30,0
2023,3,30,2,45,0
2023,3,30,3,0,0
2023,3,30,3,15,0
2023,3,30,3,30,0
2023,3,30,3,45,0
2023,3,30,4,0,0
2023,3,30,4,15,0
2023,3,30,4,30,0
2023,3,30,4,45,0
2023,3,30,5,0,0
2023,3,30,5,15,0
2023,3,30,5,30,0
2023,3,30,5,45,0
2023,3,30,6,0,0
2023,3,30,6,15,0
2023,3,30,6,30,0
2023,3,30,6,45,0
2023,3,30,7,0,0
2023,3,30,7,15,0
2023,3,30,7,30,0
2023,3,30,7,45,0
2023,3,30,8,0,0
2023,3,30,8,15,0
2023,3,30,8,30,0
2023,3,30,8,45,0
2023,3,30,9,0,0
2023,3,30,9,15,0
2023,3,30,9,30,0
2023,3,30,9,45,0
2023,3,30,10,0,0
2023,3,30,10,15,0
2023,3,30,10,30,0
2023,3,30,10,45,0
2023,3,30,11,0,0
2023,3,30,11,15,0
2023,3,30,11,30,0
2023,3,30,11,45,0
2023,3,30,12,0,0
2023,3,30,12,15,0
2023,3,30,12,30,0
2023,3,30,12,45,0
2023,3,30,13,0,0
2023,3,30,13,15,0
2023,3,30,13,30,0
2023,3,30,13,45,19
2023,3,30,14,0,43
2023,3,30,14,15,113
2023,3,30,14,30,165
2023,3,30,14,45,219
2023,3,30,15,0,238
2023,3,30,15,15,299
2023,3,30,15,30,336
2023,3,30,15,45,343
2023,3,30,16,0,492
2023,3,30,16,15,528
2023,3,30,16,30,567
2023,3,30,16,45,639
2023,3,30,17,0,683
2023,3,30,17,15,681
2023,3,30,17,30,709
2023,3,30,17,45,745
2023,3,30,18,0,637
2023,3,30,18,15,784
2023,3,30,18,30,752
2023,3,30,18,45,809
2023,3,30,19,0,842
2023,3,30,19,15,798
2023,3,30,19,30,793
2023,3,30,19,45,612
2023,3,30,20,0,361
2023,3,30,20,15,493
2023,3,30,20,30,356
2023,3,30,20,45,176
2023,3,30,21,0,112
2023,3,30,21,15,50
2023,3,30,21,30,112
2023,3,30,21,45,24
2023,3,30,22,0,258
2023,3,30,22,15,580
2023,3,30,22,30,469
2023,3,30,22,45,396
2023,3,30,23,0,447
2023,3,30,23,15,313
2023,3,30,23,30,235
2023,3,30,23,45,284
2023,3,31,0,0,90
2023,3,31,0,15,142
2023,3,31,0,30,9
2023,3,31,0,45,51
2023,3,31,1,0,128
2023,3,31,1,15,82
2023,3,31,1,30,39
2023,3,31,1,45,25
2023,3,31,2,0,0
2023,3,31,2,15,0
2023,3,31,2,30,0
2023,3,31,2,45,0
2023,3,31,3,0,0
2023,3,31,3,15,0
2023,3,31,3,30,0
2023,3,31,3,45,0
2023,3,31,4,0,0
2023,3,31,4,15,0
2023,3,31,4,30,0
2023,3,31,4,45,0
2023,3,31,5,0,0
2023,3,31,5,15,0
2023,3,31,5,30,0
2023,3,31,5,45,0
2023,3,31,6,0,0
2023,3,31,6,15,0
2023,3,31,6,30,0
2023,3,31,6,45,0
2023,3,31,7,0,0
2023,3,31,7,15,0
2023,3,31,7,30,0
2023,3,31,7,45,0
2023,3,31,8,0,0
2023,3,31,8,15,0
2023,3,31,8,30,0
2023,3,31,8,45,0
2023,3,31,9,0,0
2023,3,31,9,15,0
2023,3,31,9,30,0
2023,3,31,9,45,0
2023,3,31,10,0,0
2023,3,31,10,15,0
2023,3,31,10,30,0
2023,3,31,10,45,0
2023,3,31,11,0,0
2023,3,31,11,15,0
2023,3,31,11,30,0
2023,3,31,11,45,0
2023,3,31,12,0,0
2023,3,31,12,15,0
2023,3,31,12,30,0
2023,3,31,12,45,0
2023,3,31,13,0,0
2023,3,31,13,15,0
2023,3,31,13,30,0
2023,3,31,13,45,31
2023,3,31,14,0,71
2023,3,31,14,15,119
2023,3,31,14,30,172
2023,3,31,14,45,226
2023,3,31,15,0,283
2023,3,31,15,15,339
2023,3,31,15,30,396
2023,3,31,15,45,451
2023,3,31,16,0,505
2023,3,31,16,15,556
2023,3,31,16,30,606
2023,3,31,16,45,654
2023,3,31,17,0,699
2023,3,31,17,15,740
2023,3,31,17,30,778
2023,3,31,17,45,815
2023,3,31,18,0,846
2023,3,31,18,15,873
2023,3,31,18,30,896
2023,3,31,18,45,915
2023,3,31,19,0,930
2023,3,31,19,15,940
2023,3,31,19,30,947
2023,3,31,19,45,949
2023,3,31,20,0,947
2023,3,31,20,15,940
2023,3,31,20,30,929
2023,3,31,20,45,909
2023,3,31,21,0,890
2023,3,31,21,15,866
2023,3,31,21,30,838
2023,3,31,21,45,808
2023,3,31,22,0,773
2023,3,31,22,15,735
2023,3,31,22,30,697
2023,3,31,22,45,653
2023,3,31,23,0,605
2023,3,31,23,15,555
2023,3,31,23,30,503
2023,3,31,23,45,448
2023,4,1,0,0,393
2023,4,1,0,15,337
2023,4,1,0,30,280
2023,4,1,0,45,225
2023,4,1,1,0,169
2023,4,1,1,15,116
2023,4,1,1,30,67
2023,4,1,1,45,28
2023,4,1,2,0,0
2023,4,1,2,15,0
2023,4,1,2,30,0
2023,4,1,2,45,0
2023,4,1,3,0,0
2023,4,1,3,15,0
2023,4,1,3,30,0
2023,4,1,3,45,0
2023,4,1,4,0,0
2023,4,1,4,15,0
2023,4,1,4,30,0
2023,4,1,4,45,0
2023,4,1,5,0,0
2023,4,1,5,15,0
2023,4,1,5,30,0
2023,4,1,5,45,0
2023,4,1,6,0,0
2023,4,1,6,15,0
2023,4,1,6,30,0
2023,4,1,6,45,0
2023,4,1,7,0,0
2023,4,1,7,15,0
2023,4,1,7,30,0
2023,4,1,7,45,0
2023,4,1,8,0,0
2023,4,1,8,15,0
2023,4,1,8,30,0
2023,4,1,8,45,0
2023,4,1,9,0,0
2023,4,1,9,15,0
2023,4,1,9,30,0
2023,4,1,9,45,0
2023,4,1,10,0,0
2023,4,1,10,15,0
2023,4,1,10,30,0
2023,4,1,10,45,0
2023,4,1,11,0,0
2023,4,1,11,15,0
2023,4,1,11,30,0
2023,4,1,11,45,0
2023,4,1,12,0,0
2023,4,1,12,15,0
2023,4,1,12,30,0
2023,4,1,12,45,0
2023,4,1,13,0,0
2023,4,1,13,15,0
2023,4,1,13,30,0
2023,4,1,13,45,36
2023,4,1,14,0,78
2023,4,1,14,15,127
2023,4,1,14,30,181
2023,4,1,14,45,237
2023,4,1,15,0,294
2023,4,1,15,15,350
2023,4,1,15,30,406
2023,4,1,15,45,462
2023,4,1,16,0,516
2023,4,1,16,15,567
2023,4,1,16,30,617
2023,4,1,16,45,664
2023,4,1,17,0,709
2023,4,1,17,15,755
2023,4,1,17,30,793
2023,4,1,17,45,813
2023,4,1,18,0,845
2023,4,1,18,15,872
2023,4,1,18,30,895
2023,4,1,18,45,916
2023,4,1,19,0,930
2023,4,1,19,15,941
2023,4,1,19,30,947
2023,4,1,19,45,951
2023,4,1,20,0,948
2023,4,1,20,15,941
2023,4,1,20,30,930
2023,4,1,20,45,920
2023,4,1,21,0,900
2023,4,1,21,15,877
2023,4,1,21,30,849
2023,4,1,21,45,710
2023,4,1,22,0,783
2023,4,1,22,15,674
2023,4,1,22,30,566
2023,4,1,22,45,484
2023,4,1,23,0,517
2023,4,1,23,15,385
2023,4,1,23,30,507
2023,4,1,23,45,453
2023,4,2,0,0,398
2023,4,2,0,15,340
2023,4,2,0,30,283
2023,4,2,0,45,227
2023,4,2,1,0,171
2023,4,2,1,15,118
2023,4,2,1,30,69
2023,4,2,1,45,29
2023,4,2,2,0,0
2023,4,2,2,15,0
2023,4,2,2,30,0
2023,4,2,2,45,0
2023,4,2,3,0,0
2023,4,2,3,15,0
2023,4,2,3,30,0
2023,4,2,3,45,0
2023,4,2,4,0,0
2023,4,2,4,15,0
2023,4,2,4,30,0
2023,4,2,4,45,0
2023,4,2,5,0,0
2023,4,2,5,15,0
2023,4,2,5,30,0
2023,4,2,5,45,0
2023,4,2,6,0,0
2023,4,2,6,15,0
2023,4,2,6,30,0
2023,4,2,6,45,0
2023,4,2,7,0,0
2023,4,2,7,15,0
2023,4,2,7,30,0
2023,4,2,7,45,0
2023,4,2,8,0,0
2023,4,2,8,15,0
2023,4,2,8,30,0
2023,4,2,8,45,0
2023,4,2,9,0,0
2023,4,2,9,15,0
2023,4,2,9,30,0
2023,4,2,9,45,0
2023,4,2,10,0,0
2023,4,2,10,15,0
2023,4,2,10,30,0
2023,4,2,10,45,0
2023,4,2,11,0,0
2023,4,2,11,15,0
2023,4,2,11,30,0
2023,4,2,11,45,0
2023,4,2,12,0,0
2023,4,2,12,15,0
2023,4,2,12,30,0
2023,4,2,12,45,0
2023,4,2,13,0,0
2023,4,2,13,15,0
2023,4,2,13,30,0
2023,4,2,13,45,40
2023,4,2,14,0,83
2023,4,2,14,15,132
2023,4,2,14,30,186
2023,4,2,14,45,243
2023,4,2,15,0,299
2023,4,2,15,15,356
2023,4,2,15,30,412
2023,4,2,15,45,467
2023,4,2,16,0,520
2023,4,2,16,15,569
2023,4,2,16,30,618
2023,4,2,16,45,664
2023,4,2,17,0,708
2023,4,2,17,15,749
2023,4,2,17,30,787
2023,4,2,17,45,820
2023,4,2,18,0,850
2023,4,2,18,15,877
2023,4,2,18,30,900
2023,4,2,18,45,918
2023,4,2,19,0,933
2023,4,2,19,15,943
2023,4,2,19,30,945
2023,4,2,19,45,946
2023,4,2,20,0,944
2023,4,2,20,15,937
2023,4,2,20,30,926
2023,4,2,20,45,907
2023,4,2,21,0,887
2023,4,2,21,15,864
2023,4,2,21,30,836
2023,4,2,21,45,805
2023,4,2,22,0,770
2023,4,2,22,15,732
2023,4,2,22,30,691
2023,4,2,22,45,646
2023,4,2,23,0,599
2023,4,2,23,15,550
2023,4,2,23,30,498
2023,4,2,23,45,389
2023,4,3,0,0,390
2023,4,3,0,15,334
2023,4,3,0,30,278
2023,4,3,0,45,222
2023,4,3,1,0,167
2023,4,3,1,15,115
2023,4,3,1,30,68
2023,4,3,1,45,29
2023,4,3,2,0,0
2023,4,3,2,15,0
2023,4,3,2,30,0
2023,4,3,2,45,0
2023,4,3,3,0,0
2023,4,3,3,15,0
2023,4,3,3,30,0
2023,4,3,3,45,0
2023,4,3,4,0,0
2023,4,3,4,15,0
2023,4,3,4,30,0
2023,4,3,4,45,0
2023,4,3,5,0,0
2023,4,3,5,15,0
2023,4,3,5,30,0
2023,4,3,5,45,0
2023,4,3,6,0,0
2023,4,3,6,15,0
2023,4,3,6,30,0
2023,4,3,6,45,0
2023,4,3,7,0,0
2023,4,3,7,15,0
2023,4,3,7,30,0
2023,4,3,7,45,0
2023,4,3,8,0,0
2023,4,3,8,15,0
2023,4,3,8,30,0
2023,4,3,8,45,0
2023,4,3,9,0,0
2023,4,3,9,15,0
2023,4,3,9,30,0
2023,4,3,9,45,0
2023,4,3,10,0,0
2023,4,3,10,15,0
2023,4,3,10,30,0
2023,4,3,10,45,0
2023,4,3,11,0,0
2023,4,3,11,15,0
2023,4,3,11,30,0
2023,4,3,11,45,0
2023,4,3,12,0,0
2023,4,3,12,15,0
2023,4,3,12,30,0
2023,4,3,12,45,0
2023,4,3,13,0,0
2023,4,3,13,15,0
2023,4,3,13,30,0
2023,4,3,13,45,41
2023,4,3,14,0,85
2023,4,3,14,15,135
2023,4,3,14,30,189
2023,4,3,14,45,247
2023,4,3,15,0,304
2023,4,3,15,15,361
2023,4,3,15,30,417
2023,4,3,15,45,478
2023,4,3,16,0,531
2023,4,3,16,15,584
2023,4,3,16,30,633
2023,4,3,16,45,681
2023,4,3,17,0,725
2023,4,3,17,15,767
2023,4,3,17,30,805
2023,4,3,17,45,830
2023,4,3,18,0,862
2023,4,3,18,15,889
2023,4,3,18,30,912
2023,4,3,18,45,931
2023,4,3,19,0,946
2023,4,3,19,15,926
2023,4,3,19,30,224
2023,4,3,19,45,740
2023,4,3,20,0,824
2023,4,3,20,15,839
2023,4,3,20,30,815
2023,4,3,20,45,796
2023,4,3,21,0,767
2023,4,3,21,15,737
2023,4,3,21,30,689
2023,4,3,21,45,716
2023,4,3,22,0,784
2023,4,3,22,15,565
2023,4,3,22,30,484
2023,4,3,22,45,429
2023,4,3,23,0,293
2023,4,3,23,15,28
2023,4,3,23,30,274
2023,4,3,23,45,56
2023,4,4,0,0,115
2023,4,4,0,15,157
2023,4,4,0,30,144
2023,4,4,0,45,86
2023,4,4,1,0,128
2023,4,4,1,15,28
2023,4,4,1,30,41
2023,4,4,1,45,21
2023,4,4,2,0,0
2023,4,4,2,15,0
2023,4,4,2,30,0
2023,4,4,2,45,0
2023,4,4,3,0,0
2023,4,4,3,15,0
2023,4,4,3,30,0
2023,4,4,3,45,0
2023,4,4,4,0,0
2023,4,4,4,15,0
2023,4,4,4,30,0
2023,4,4,4,45,0
2023,4,4,5,0,0
2023,4,4,5,15,0
2023,4,4,5,30,0
2023,4,4,5,45,0
2023,4,4,6,0,0
2023,4,4,6,15,0
2023,4,4,6,30,0
2023,4,4,6,45,0
2023,4,4,7,0,0
2023,4,4,7,15,0
2023,4,4,7,30,0
2023,4,4,7,45,0
2023,4,4,8,0,0
2023,4,4,8,15,0
2023,4,4,8,30,0
2023,4,4,8,45,0
2023,4,4,9,0,0
2023,4,4,9,15,0
2023,4,4,9,30,0
2023,4,4,9,45,0
2023,4,4,10,0,0
2023,4,4,10,15,0
2023,4,4,10,30,0
2023,4,4,10,45,0
2023,4,4,11,0,0
2023,4,4,11,15,0
2023,4,4,11,30,0
2023,4,4,11,45,0
2023,4,4,12,0,0
2023,4,4,12,15,0
2023,4,4,12,30,0
2023,4,4,12,45,0
2023,4,4,13,0,0
2023,4,4,13,15,0
2023,4,4,13,30,16
2023,4,4,13,45,51
2023,4,4,14,0,99
2023,4,4,14,15,152
2023,4,4,14,30,208
2023,4,4,14,45,266
2023,4,4,15,0,324
2023,4,4,15,15,383
2023,4,4,15,30,440
2023,4,4,15,45,496
2023,4,4,16,0,550
2023,4,4,16,15,597
2023,4,4,16,30,647
2023,4,4,16,45,693
2023,4,4,17,0,738
2023,4,4,17,15,779
2023,4,4,17,30,818
2023,4,4,17,45,845
2023,4,4,18,0,877
2023,4,4,18,15,904
2023,4,4,18,30,927
2023,4,4,18,45,946
2023,4,4,19,0,960
2023,4,4,19,15,970
2023,4,4,19,30,977
2023,4,4,19,45,913
2023,4,4,20,0,976
2023,4,4,20,15,969
2023,4,4,20,30,957
2023,4,4,20,45,943
2023,4,4,21,0,923
2023,4,4,21,15,898
2023,4,4,21,30,870
2023,4,4,21,45,839
2023,4,4,22,0,803
2023,4,4,22,15,764
2023,4,4,22,30,722
2023,4,4,22,45,678
2023,4,4,23,0,629
2023,4,4,23,15,579
2023,4,4,23,30,525
2023,4,4,23,45,472
2023,4,5,0,0,415
2023,4,5,0,15,358
2023,4,5,0,30,300
2023,4,5,0,45,243
2023,4,5,1,0,186
2023,4,5,1,15,134
2023,4,5,1,30,82
2023,4,5,1,45,38
2023,4,5,2,0,0
2023,4,5,2,15,0
2023,4,5,2,30,0
2023,4,5,2,45,0
2023,4,5,3,0,0
2023,4,5,3,15,0
2023,4,5,3,30,0
2023,4,5,3,45,0
2023,4,5,4,0,0
2023,4,5,4,15,0
2023,4,5,4,30,0
2023,4,5,4,45,0
2023,4,5,5,0,0
2023,4,5,5,15,0
2023,4,5,5,30,0
2023,4,5,5,45,0
2023,4,5,6,0,0
2023,4,5,6,15,0
2023,4,5,6,30,0
2023,4,5,6,45,0
2023,4,5,7,0,0
2023,4,5,7,15,0
2023,4,5,7,30,0
2023,4,5,7,45,0
2023,4,5,8,0,0
2023,4,5,8,15,0
2023,4,5,8,30,0
2023,4,5,8,45,0
2023,4,5,9,0,0
2023,4,5,9,15,0
2023,4,5,9,30,0
2023,4,5,9,45,0
2023,4,5,10,0,0
2023,4,5,10,15,0
2023,4,5,10,30,0
2023,4,5,10,45,0
2023,4,5,11,0,0
2023,4,5,11,15,0
2023,4,5,11,30,0
2023,4,5,11,45,0
2023,4,5,12,0,0
2023,4,5,12,15,0
2023,4,5,12,30,0
2023,4,5,12,45,0
2023,4,5,13,0,0
2023,4,5,13,15,0
2023,4,5,13,30,17
2023,4,5,13,45,52
2023,4,5,14,0,98
2023,4,5,14,15,151
2023,4,5,14,30,206
2023,4,5,14,45,263
2023,4,5,15,0,321
2023,4,5,15,15,378
2023,4,5,15,30,435
2023,4,5,15,45,490
2023,4,5,16,0,544
2023,4,5,16,15,596
2023,4,5,16,30,651
2023,4,5,16,45,698
2023,4,5,17,0,743
2023,4,5,17,15,784
2023,4,5,17,30,822
2023,4,5,17,45,850
2023,4,5,18,0,881
2023,4,5,18,15,908
2023,4,5,18,30,930
2023,4,5,18,45,949
2023,4,5,19,0,964
2023,4,5,19,15,974
2023,4,5,19,30,980
2023,4,5,19,45,983
2023,4,5,20,0,980
2023,4,5,20,15,972
2023,4,5,20,30,961
2023,4,5,20,45,942
2023,4,5,21,0,922
2023,4,5,21,15,898
2023,4,5,21,30,870
2023,4,5,21,45,839
2023,4,5,22,0,803
2023,4,5,22,15,764
2023,4,5,22,30,721
2023,4,5,22,45,677
2023,4,5,23,0,628
2023,4,5,23,15,578
2023,4,5,23,30,524
2023,4,5,23,45,471
2023,4,6,0,0,415
2023,4,6,0,15,357
2023,4,6,0,30,299
2023,4,6,0,45,243
2023,4,6,1,0,186
2023,4,6,1,15,132
2023,4,6,1,30,81
2023,4,6,1,45,38
2023,4,6,2,0,0
2023,4,6,2,15,0
2023,4,6,2,30,0
2023,4,6,2,45,0
2023,4,6,3,0,0
2023,4,6,3,15,0
2023,4,6,3,30,0
2023,4,6,3,45,0
2023,4,6,4,0,0
2023,4,6,4,15,0
2023,4,6,4,30,0
2023,4,6,4,45,0
2023,4,6,5,0,0
2023,4,6,5,15,0
2023,4,6,5,30,0
2023,4,6,5,45,0
2023,4,6,6,0,0
2023,4,6,6,15,0
2023,4,6,6,30,0
2023,4,6,6,45,0
2023,4,6,7,0,0
2023,4,6,7,15,0
2023,4,6,7,30,0
2023,4,6,7,45,0
2023,4,6,8,0,0
2023,4,6,8,15,0
2023,4,6,8,30,0
2023,4,6,8,45,0
2023,4,6,9,0,0
2023,4,6,9,15,0
2023,4,6,9,30,0
2023,4,6,9,45,0
2023,4,6,10,0,0
2023,4,6,10,15,0
2023,4,6,10,30,0
2023,4,6,10,45,0
2023,4,6,11,0,0
2023,4,6,11,15,0
2023,4,6,11,30,0
2023,4,6,11,45,0
2023,4,6,12,0,0
2023,4,6,12,15,0
2023,4,6,12,30,0
2023,4,6,12,45,0
2023,4,6,13,0,0
2023,4,6,13,15,0
2023,4,6,13,30,20
2023,4,6,13,45,56
2023,4,6,14,0,103
2023,4,6,14,15,156
2023,4,6,14,30,212
2023,4,6,14,45,270
2023,4,6,15,0,328
2023,4,6,15,15,386
2023,4,6,15,30,443
2023,4,6,15,45,499
2023,4,6,16,0,554
2023,4,6,16,15,606
2023,4,6,16,30,656
2023,4,6,16,45,703
2023,4,6,17,0,748
2023,4,6,17,15,789
2023,4,6,17,30,827
2023,4,6,17,45,859
2023,4,6,18,0,890
2023,4,6,18,15,917
2023,4,6,18,30,940
2023,4,6,18,45,959
2023,4,6,19,0,974
2023,4,6,19,15,984
2023,4,6,19,30,989
2023,4,6,19,45,991
2023,4,6,20,0,988
2023,4,6,20,15,981
2023,4,6,20,30,969
2023,4,6,20,45,952
2023,4,6,21,0,931
2023,4,6,21,15,907
2023,4,6,21,30,879
2023,4,6,21,45,847
2023,4,6,22,0,812
2023,4,6,22,15,772
2023,4,6,22,30,730
2023,4,6,22,45,685
2023,4,6,23,0,637
2023,4,6,23,15,586
2023,4,6,23,30,533
2023,4,6,23,45,478
2023,4,7,0,0,422
2023,4,7,0,15,364
2023,4,7,0,30,306
2023,4,7,0,45,249
2023,4,7,1,0,192
2023,4,7,1,15,137
2023,4,7,1,30,86
2023,4,7,1,45,41
2023,4,7,2,0,0
2023,4,7,2,15,0
2023,4,7,2,30,0
2023,4,7,2,45,0
2023,4,7,3,0,0
2023,4,7,3,15,0
2023,4,7,3,30,0
2023,4,7,3,45,0
2023,4,7,4,0,0
2023,4,7,4,15,0
2023,4,7,4,30,0
2023,4,7,4,45,0
2023,4,7,5,0,0
2023,4,7,5,15,0
2023,4,7,5,30,0
2023,4,7,5,45,0
2023,4,7,6,0,0
2023,4,7,6,15,0
2023,4,7,6,30,0
2023,4,7,6,45,0
2023,4,7,7,0,0
2023,4,7,7,15,0
2023,4,7,7,30,0
2023,4,7,7,45,0
2023,4,7,8,0,0
2023,4,7,8,15,0
2023,4,7,8,30,0
2023,4,7,8,45,0
2023,4,7,9,0,0
2023,4,7,9,15,0
2023,4,7,9,30,0
2023,4,7,9,45,0
2023,4,7,10,0,0
2023,4,7,10,15,0
2023,4,7,10,30,0
2023,4,7,10,45,0
2023,4,7,11,0,0
2023,4,7,11,15,0
2023,4,7,11,30,0
2023,4,7,11,45,0
2023,4,7,12,0,0
2023,4,7,12,15,0
2023,4,7,12,30,0
2023,4,7,12,45,0
2023,4,7,13,0,0
2023,4,7,13,15,0
2023,4,7,13,30,13
2023,4,7,13,45,40
2023,4,7,14,0,62
2023,4,7,14,15,63
2023,4,7,14,30,165
2023,4,7,14,45,220
2023,4,7,15,0,242
2023,4,7,15,15,300
2023,4,7,15,30,397
2023,4,7,15,45,474
2023,4,7,16,0,533
2023,4,7,16,15,549
2023,4,7,16,30,583
2023,4,7,16,45,596
2023,4,7,17,0,625
2023,4,7,17,15,647
2023,4,7,17,30,743
2023,4,7,17,45,730
2023,4,7,18,0,758
2023,4,7,18,15,784
2023,4,7,18,30,857
2023,4,7,18,45,794
2023,4,7,19,0,788
2023,4,7,19,15,733
2023,4,7,19,30,721
2023,4,7,19,45,804
2023,4,7,20,0,961
2023,4,7,20,15,954
2023,4,7,20,30,943
2023,4,7,20,45,922
2023,4,7,21,0,902
2023,4,7,21,15,878
2023,4,7,21,30,850
2023,4,7,21,45,820
2023,4,7,22,0,784
2023,4,7,22,15,746
2023,4,7,22,30,704
2023,4,7,22,45,661
2023,4,7,23,0,613
2023,4,7,23,15,564
2023,4,7,23,30,512
2023,4,7,23,45,459
2023,4,8,0,0,362
2023,4,8,0,15,215
2023,4,8,0,30,293
2023,4,8,0,45,236
2023,4,8,1,0,84
2023,4,8,1,15,98
2023,4,8,1,30,45
2023,4,8,1,45,29
2023,4,8,2,0,0
2023,4,8,2,15,0
2023,4,8,2,30,0
2023,4,8,2,45,0
2023,4,8,3,0,0
2023,4,8,3,15,0
2023,4,8,3,30,0
2023,4,8,3,45,0
2023,4,8,4,0,0
2023,4,8,4,15,0
2023,4,8,4,30,0
2023,4,8,4,45,0
2023,4,8,5,0,0
2023,4,8,5,15,0
2023,4,8,5,30,0
2023,4,8,5,45,0
2023,4,8,6,0,0
2023,4,8,6,15,0
2023,4,8,6,30,0
2023,4,8,6,45,0
2023,4,8,7,0,0
2023,4,8,7,15,0
2023,4,8,7,30,0
2023,4,8,7,45,0
2023,4,8,8,0,0
2023,4,8,8,15,0
2023,4,8,8,30,0
2023,4,8,8,45,0
2023,4,8,9,0,0
2023,4,8,9,15,0
2023,4,8,9,30,0
2023,4,8,9,45,0
2023,4,8,10,0,0
2023,4,8,10,15,0
2023,4,8,10,30,0
2023,4,8,10,45,0
2023,4,8,11,0,0
2023,4,8,11,15,0
2023,4,8,11,30,0
2023,4,8,11,45,0
2023,4,8,12,0,0
2023,4,8,12,15,0
2023,4,8,12,30,0
2023,4,8,12,45,0
2023,4,8,13,0,0
2023,4,8,13,15,0
2023,4,8,13,30,20
2023,4,8,13,45,55
2023,4,8,14,0,98
2023,4,8,14,15,147
2023,4,8,14,30,199
2023,4,8,14,45,253
2023,4,8,15,0,307
2023,4,8,15,15,362
2023,4,8,15,30,416
2023,4,8,15,45,468
2023,4,8,16,0,520
2023,4,8,16,15,536
2023,4,8,16,30,577
2023,4,8,16,45,666
2023,4,8,17,0,708
2023,4,8,17,15,748
2023,4,8,17,30,784
2023,4,8,17,45,817
2023,4,8,18,0,847
2023,4,8,18,15,872
2023,4,8,18,30,894
2023,4,8,18,45,914
2023,4,8,19,0,928
2023,4,8,19,15,938
2023,4,8,19,30,943
2023,4,8,19,45,943
2023,4,8,20,0,940
2023,4,8,20,15,933
2023,4,8,20,30,695
2023,4,8,20,45,746
2023,4,8,21,0,766
2023,4,8,21,15,651
2023,4,8,21,30,722
2023,4,8,21,45,691
2023,4,8,22,0,629
2023,4,8,22,15,640
2023,4,8,22,30,571
2023,4,8,22,45,465
2023,4,8,23,0,522
2023,4,8,23,15,467
2023,4,8,23,30,403
2023,4,8,23,45,404
2023,4,9,0,0,341
2023,4,9,0,15,314
2023,4,9,0,30,238
2023,4,9,0,45,155
2023,4,9,1,0,88
2023,4,9,1,15,41
2023,4,9,1,30,51
2023,4,9,1,45,28
2023,4,9,2,0,5
2023,4,9,2,15,0
2023,4,9,2,30,0
2023,4,9,2,45,0
2023,4,9,3,0,0
2023,4,9,3,15,0
2023,4,9,3,30,0
2023,4,9,3,45,0
2023,4,9,4,0,0
2023,4,9,4,15,0
2023,4,9,4,30,0
2023,4,9,4,45,0
2023,4,9,5,0,0
2023,4,9,5,15,0
2023,4,9,5,30,0
2023,4,9,5,45,0
2023,4,9,6,0,0
2023,4,9,6,15,0
2023,4,9,6,30,0
2023,4,9,6,45,0
2023,4,9,7,0,0
2023,4,9,7,15,0
2023,4,9,7,30,0
2023,4,9,7,45,0
2023,4,9,8,0,0
2023,4,9,8,15,0
2023,4,9,8,30,0
2023,4,9,8,45,0
2023,4,9,9,0,0
2023,4,9,9,15,0
2023,4,9,9,30,0
2023,4,9,9,45,0
2023,4,9,10,0,0
2023,4,9,10,15,0
2023,4,9,10,30,0
2023,4,9,10,45,0
2023,4,9,11,0,0
2023,4,9,11,15,0
2023,4,9,11,30,0
2023,4,9,11,45,0
2023,4,9,12,0,0
2023,4,9,12,15,0
2023,4,9,12,30,0
2023,4,9,12,45,0
2023,4,9,13,0,0
2023,4,9,13,15,0
2023,4,9,13,30,25
2023,4,9,13,45,62
2023,4,9,14,0,108
2023,4,9,14,15,159
2023,4,9,14,30,212
2023,4,9,14,45,269
2023,4,9,15,0,324
2023,4,9,15,15,380
2023,4,9,15,30,435
2023,4,9,15,45,490
2023,4,9,16,0,542
2023,4,9,16,15,594
2023,4,9,16,30,642
2023,4,9,16,45,688
2023,4,9,17,0,731
2023,4,9,17,15,771
2023,4,9,17,30,808
2023,4,9,17,45,839
2023,4,9,18,0,869
2023,4,9,18,15,895
2023,4,9,18,30,917
2023,4,9,18,45,937
2023,4,9,19,0,951
2023,4,9,19,15,961
2023,4,9,19,30,966
2023,4,9,19,45,968
2023,4,9,20,0,964
2023,4,9,20,15,957
2023,4,9,20,30,945
2023,4,9,20,45,930
2023,4,9,21,0,911
2023,4,9,21,15,886
2023,4,9,21,30,858
2023,4,9,21,45,827
2023,4,9,22,0,792
2023,4,9,22,15,754
2023,4,9,22,30,712
2023,4,9,22,45,669
2023,4,9,23,0,624
2023,4,9,23,15,575
2023,4,9,23,30,523
2023,4,9,23,45,470
2023,4,10,0,0,415
2023,4,10,0,15,359
2023,4,10,0,30,303
2023,4,10,0,45,247
2023,4,10,1,0,192
2023,4,10,1,15,138
2023,4,10,1,30,88
2023,4,10,1,45,45
2023,4,10,2,0,13
2023,4,10,2,15,0
2023,4,10,2,30,0
2023,4,10,2,45,0
2023,4,10,3,0,0
2023,4,10,3,15,0
2023,4,10,3,30,0
2023,4,10,3,45,0
2023,4,10,4,0,0
2023,4,10,4,15,0
2023,4,10,4,30,0
2023,4,10,4,45,0
2023,4,10,5,0,0
2023,4,10,5,15,0
2023,4,10,5,30,0
2023,4,10,5,45,0
2023,4,10,6,0,0
2023,4,10,6,15,0
2023,4,10,6,30,0
2023,4,10,6,45,0
2023,4,10,7,0,0
2023,4,10,7,15,0
2023,4,10,7,30,0
2023,4,10,7,45,0
2023,4,10,8,0,0
2023,4,10,8,15,0
2023,4,10,8,30,0
2023,4,10,8,45,0
2023,4,10,9,0,0
2023,4,10,9,15,0
2023,4,10,9,30,0
2023,4,10,9,45,0
2023,4,10,10,0,0
2023,4,10,10,15,0
2023,4,10,10,30,0
2023,4,10,10,45,0
2023,4,10,11,0,0
2023,4,10,11,15,0
2023,4,10,11,30,0
2023,4,10,11,45,0
2023,4,10,12,0,0
2023,4,10,12,15,0
2023,4,10,12,30,0
2023,4,10,12,45,0
2023,4,10,13,0,0
2023,4,10,13,15,0
2023,4,10,13,30,30
2023,4,10,13,45,69
2023,4,10,14,0,117
2023,4,10,14,15,169
2023,4,10,14,30,223
2023,4,10,14,45,279
2023,4,10,15,0,336
2023,4,10,15,15,391
2023,4,10,15,30,447
2023,4,10,15,45,501
2023,4,10,16,0,553
2023,4,10,16,15,604
2023,4,10,16,30,654
2023,4,10,16,45,700
2023,4,10,17,0,743
2023,4,10,17,15,783
2023,4,10,17,30,820
2023,4,10,17,45,840
2023,4,10,18,0,869
2023,4,10,18,15,895
2023,4,10,18,30,917
2023,4,10,18,45,935
2023,4,10,19,0,949
2023,4,10,19,15,958
2023,4,10,19,30,964
2023,4,10,19,45,965
2023,4,10,20,0,962
2023,4,10,20,15,954
2023,4,10,20,30,942
2023,4,10,20,45,925
2023,4,10,21,0,905
2023,4,10,21,15,882
2023,4,10,21,30,854
2023,4,10,21,45,823
2023,4,10,22,0,787
2023,4,10,22,15,749
2023,4,10,22,30,707
2023,4,10,22,45,663
2023,4,10,23,0,616
2023,4,10,23,15,566
2023,4,10,23,30,515
2023,4,10,23,45,461
2023,4,11,0,0,406
2023,4,11,0,15,351
2023,4,11,0,30,295
2023,4,11,0,45,239
2023,4,11,1,0,185
2023,4,11,1,15,132
2023,4,11,1,30,84
2023,4,11,1,45,42
2023,4,11,2,0,12
2023,4,11,2,15,0
2023,4,11,2,30,0
2023,4,11,2,45,0
2023,4,11,3,0,0
2023,4,11,3,15,0
2023,4,11,3,30,0
2023,4,11,3,45,0
2023,4,11,4,0,0
2023,4,11,4,15,0
2023,4,11,4,30,0
2023,4,11,4,45,0
2023,4,11,5,0,0
2023,4,11,5,15,0
2023,4,11,5,30,0
2023,4,11,5,45,0
2023,4,11,6,0,0
2023,4,11,6,15,0
2023,4,11,6,30,0
2023,4,11,6,45,0
2023,4,11,7,0,0
2023,4,11,7,15,0
2023,4,11,7,30,0
2023,4,11,7,45,0
2023,4,11,8,0,0
2023,4,11,8,15,0
2023,4,11,8,30,0
2023,4,11,8,45,0
2023,4,11,9,0,0
2023,4,11,9,15,0
2023,4,11,9,30,0
2023,4,11,9,45,0
2023,4,11,10,0,0
2023,4,11,10,15,0
2023,4,11,10,30,0
2023,4,11,10,45,0
2023,4,11,11,0,0
2023,4,11,11,15,0
2023,4,11,11,30,0
2023,4,11,11,45,0
2023,4,11,12,0,0
2023,4,11,12,15,0
2023,4,11,12,30,0
2023,4,11,12,45,0
2023,4,11,13,0,0
2023,4,11,13,15,0
2023,4,11,13,30,30
2023,4,11,13,45,69
2023,4,11,14,0,117
2023,4,11,14,15,170
2023,4,11,14,30,225
2023,4,11,14,45,281
2023,4,11,15,0,338
2023,4,11,15,15,394
2023,4,11,15,30,450
2023,4,11,15,45,505
2023,4,11,16,0,557
2023,4,11,16,15,608
2023,4,11,16,30,657
2023,4,11,16,45,703
2023,4,11,17,0,746
2023,4,11,17,15,787
2023,4,11,17,30,824
2023,4,11,17,45,856
2023,4,11,18,0,885
2023,4,11,18,15,911
2023,4,11,18,30,933
2023,4,11,18,45,952
2023,4,11,19,0,966
2023,4,11,19,15,975
2023,4,11,19,30,981
2023,4,11,19,45,983
2023,4,11,20,0,980
2023,4,11,20,15,972
2023,4,11,20,30,960
2023,4,11,20,45,945
2023,4,11,21,0,925
2023,4,11,21,15,901
2023,4,11,21,30,873
2023,4,11,21,45,840
2023,4,11,22,0,805
2023,4,11,22,15,767
2023,4,11,22,30,725
2023,4,11,22,45,679
2023,4,11,23,0,632
2023,4,11,23,15,582
2023,4,11,23,30,530
2023,4,11,23,45,476
2023,4,12,0,0,421
2023,4,12,0,15,332
2023,4,12,0,30,274
2023,4,12,0,45,207
2023,4,12,1,0,172
2023,4,12,1,15,128
2023,4,12,1,30,73
2023,4,12,1,45,37
2023,4,12,2,0,10
2023,4,12,2,15,0
2023,4,12,2,30,0
2023,4,12,2,45,0
2023,4,12,3,0,0
2023,4,12,3,15,0
2023,4,12,3,30,0
2023,4,12,3,45,0
2023,4,12,4,0,0
2023,4,12,4,15,0
2023,4,12,4,30,0
2023,4,12,4,45,0
2023,4,12,5,0,0
2023,4,12,5,15,0
2023,4,12,5,30,0
2023,4,12,5,45,0
2023,4,12,6,0,0
2023,4,12,6,15,0
2023,4,12,6,30,0
2023,4,12,6,45,0
2023,4,12,7,0,0
2023,4,12,7,15,0
2023,4,12,7,30,0
2023,4,12,7,45,0
2023,4,12,8,0,0
2023,4,12,8,15,0
2023,4,12,8,30,0
2023,4,12,8,45,0
2023,4,12,9,0,0
2023,4,12,9,15,0
2023,4,12,9,30,0
2023,4,12,9,45,0
2023,4,12,10,0,0
2023,4,12,10,15,0
2023,4,12,10,30,0
2023,4,12,10,45,0
2023,4,12,11,0,0
2023,4,12,11,15,0
2023,4,12,11,30,0
2023,4,12,11,45,0
2023,4,12,12,0,0
2023,4,12,12,15,0
2023,4,12,12,30,0
2023,4,12,12,45,0
2023,4,12,13,0,0
2023,4,12,13,15,0
2023,4,12,13,30,24
2023,4,12,13,45,60
2023,4,12,14,0,113
2023,4,12,14,15,153
2023,4,12,14,30,210
2023,4,12,14,45,269
2023,4,12,15,0,340
2023,4,12,15,15,396
2023,4,12,15,30,385
2023,4,12,15,45,504
2023,4,12,16,0,548
2023,4,12,16,15,587
2023,4,12,16,30,628
2023,4,12,16,45,589
2023,4,12,17,0,564
2023,4,12,17,15,728
2023,4,12,17,30,756
2023,4,12,17,45,828
2023,4,12,18,0,836
2023,4,12,18,15,617
2023,4,12,18,30,659
2023,4,12,18,45,482
2023,4,12,19,0,815
2023,4,12,19,15,771
2023,4,12,19,30,841
2023,4,12,19,45,510
2023,4,12,20,0,540
2023,4,12,20,15,591
2023,4,12,20,30,539
2023,4,12,20,45,409
2023,4,12,21,0,348
2023,4,12,21,15,462
2023,4,12,21,30,491
2023,4,12,21,45,492
2023,4,12,22,0,597
2023,4,12,22,15,420
2023,4,12,22,30,420
2023,4,12,22,45,433
2023,4,12,23,0,240
2023,4,12,23,15,397
2023,4,12,23,30,224
2023,4,12,23,45,429
2023,4,13,0,0,291
2023,4,13,0,15,264
2023,4,13,0,30,67
2023,4,13,0,45,162
2023,4,13,1,0,64
2023,4,13,1,15,50
2023,4,13,1,30,73
2023,4,13,1,45,41
2023,4,13,2,0,11
2023,4,13,2,15,0
2023,4,13,2,30,0
2023,4,13,2,45,0
2023,4,13,3,0,0
2023,4,13,3,15,0
2023,4,13,3,30,0
2023,4,13,3,45,0
2023,4,13,4,0,0
2023,4,13,4,15,0
2023,4,13,4,30,0
2023,4,13,4,45,0
2023,4,13,5,0,0
2023,4,13,5,15,0
2023,4,13,5,30,0
2023,4,13,5,45,0
2023,4,13,6,0,0
2023,4,13,6,15,0
2023,4,13,6,30,0
2023,4,13,6,45,0
2023,4,13,7,0,0
2023,4,13,7,15,0
2023,4,13,7,30,0
2023,4,13,7,45,0
2023,4,13,8,0,0
2023,4,13,8,15,0
2023,4,13,8,30,0
2023,4,13,8,45,0
2023,4,13,9,0,0
2023,4,13,9,15,0
2023,4,13,9,30,0
2023,4,13,9,45,0
2023,4,13,10,0,0
2023,4,13,10,15,0
2023,4,13,10,30,0
2023,4,13,10,45,0
2023,4,13,11,0,0
2023,4,13,11,15,0
2023,4,13,11,30,0
2023,4,13,11,45,0
2023,4,13,12,0,0
2023,4,13,12,15,0
2023,4,13,12,30,0
2023,4,13,12,45,0
2023,4,13,13,0,0
2023,4,13,13,15,0
2023,4,13,13,30,25
2023,4,13,13,45,53
2023,4,13,14,0,125
2023,4,13,14,15,177
2023,4,13,14,30,231
2023,4,13,14,45,269
2023,4,13,15,0,342
2023,4,13,15,15,398
2023,4,13,15,30,451
2023,4,13,15,45,503
2023,4,13,16,0,555
2023,4,13,16,15,605
2023,4,13,16,30,653
2023,4,13,16,45,694
2023,4,13,17,0,737
2023,4,13,17,15,776
2023,4,13,17,30,753
2023,4,13,17,45,836
2023,4,13,18,0,865
2023,4,13,18,15,888
2023,4,13,18,30,910
2023,4,13,18,45,927
2023,4,13,19,0,940
2023,4,13,19,15,949
2023,4,13,19,30,954
2023,4,13,19,45,953
2023,4,13,20,0,950
2023,4,13,20,15,942
2023,4,13,20,30,930
2023,4,13,20,45,918
2023,4,13,21,0,898
2023,4,13,21,15,874
2023,4,13,21,30,846
2023,4,13,21,45,812
2023,4,13,22,0,778
2023,4,13,22,15,739
2023,4,13,22,30,698
2023,4,13,22,45,655
2023,4,13,23,0,101
2023,4,13,23,15,559
2023,4,13,23,30,508
2023,4,13,23,45,454
2023,4,14,0,0,400
2023,4,14,0,15,346
2023,4,14,0,30,291
2023,4,14,0,45,236
2023,4,14,1,0,182
2023,4,14,1,15,132
2023,4,14,1,30,85
2023,4,14,1,45,44
2023,4,14,2,0,14
2023,4,14,2,15,0
2023,4,14,2,30,0
2023,4,14,2,45,0
2023,4,14,3,0,0
2023,4,14,3,15,0
2023,4,14,3,30,0
2023,4,14,3,45,0
2023,4,14,4,0,0
2023,4,14,4,15,0
2023,4,14,4,30,0
2023,4,14,4,45,0
2023,4,14,5,0,0
2023,4,14,5,15,0
2023,4,14,5,30,0
2023,4,14,5,45,0
2023,4,14,6,0,0
2023,4,14,6,15,0
2023,4,14,6,30,0
2023,4,14,6,45,0
2023,4,14,7,0,0
2023,4,14,7,15,0
2023,4,14,7,30,0
2023,4,14,7,45,0
2023,4,14,8,0,0
2023,4,14,8,15,0
2023,4,14,8,30,0
2023,4,14,8,45,0
2023,4,14,9,0,0
2023,4,14,9,15,0
2023,4,14,9,30,0
2023,4,14,9,45,0
2023,4,14,10,0,0
2023,4,14,10,15,0
2023,4,14,10,30,0
2023,4,14,10,45,0
2023,4,14,11,0,0
2023,4,14,11,15,0
2023,4,14,11,30,0
2023,4,14,11,45,0
2023,4,14,12,0,0
2023,4,14,12,15,0
2023,4,14,12,30,0
2023,4,14,12,45,0
2023,4,14,13,0,0
2023,4,14,13,15,0
2023,4,14,13,30,34
2023,4,14,13,45,74
2023,4,14,14,0,121
2023,4,14,14,15,172
2023,4,14,14,30,226
2023,4,14,14,45,283
2023,4,14,15,0,338
2023,4,14,15,15,394
2023,4,14,15,30,449
2023,4,14,15,45,453
2023,4,14,16,0,468
2023,4,14,16,15,608
2023,4,14,16,30,656
2023,4,14,16,45,703
2023,4,14,17,0,746
2023,4,14,17,15,785
2023,4,14,17,30,822
2023,4,14,17,45,858
2023,4,14,18,0,887
2023,4,14,18,15,913
2023,4,14,18,30,935
2023,4,14,18,45,953
2023,4,14,19,0,966
2023,4,14,19,15,976
2023,4,14,19,30,981
2023,4,14,19,45,982
2023,4,14,20,0,978
2023,4,14,20,15,971
2023,4,14,20,30,959
2023,4,14,20,45,934
2023,4,14,21,0,914
2023,4,14,21,15,889
2023,4,14,21,30,861
2023,4,14,21,45,828
2023,4,14,22,0,793
2023,4,14,22,15,754
2023,4,14,22,30,712
2023,4,14,22,45,666
2023,4,14,23,0,619
2023,4,14,23,15,569
2023,4,14,23,30,517
2023,4,14,23,45,464
2023,4,15,0,0,409
2023,4,15,0,15,354
2023,4,15,0,30,298
2023,4,15,0,45,243
2023,4,15,1,0,189
2023,4,15,1,15,137
2023,4,15,1,30,89
2023,4,15,1,45,47
2023,4,15,2,0,15
2023,4,15,2,15,0
2023,4,15,2,30,0
2023,4,15,2,45,0
2023,4,15,3,0,0
2023,4,15,3,15,0
2023,4,15,3,30,0
2023,4,15,3,45,0
2023,4,15,4,0,0
2023,4,15,4,15,0
2023,4,15,4,30,0
2023,4,15,4,45,0
2023,4,15,5,0,0
2023,4,15,5,15,0
2023,4,15,5,30,0
2023,4,15,5,45,0
2023,4,15,6,0,0
2023,4,15,6,15,0
2023,4,15,6,30,0
2023,4,15,6,45,0
2023,4,15,7,0,0
2023,4,15,7,15,0
2023,4,15,7,30,0
2023,4,15,7,45,0
2023,4,15,8,0,0
2023,4,15,8,15,0
2023,4,15,8,30,0
2023,4,15,8,45,0
2023,4,15,9,0,0
2023,4,15,9,15,0
2023,4,15,9,30,0
2023,4,15,9,45,0
2023,4,15,10,0,0
2023,4,15,10,15,0
2023,4,15,10,30,0
2023,4,15,10,45,0
2023,4,15,11,0,0
2023,4,15,11,15,0
2023,4,15,11,30,0
2023,4,15,11,45,0
2023,4,15,12,0,0
2023,4,15,12,15,0
2023,4,15,12,30,0
2023,4,15,12,45,0
2023,4,15,13,0,0
2023,4,15,13,15,11
2023,4,15,13,30,39
2023,4,15,13,45,80
2023,4,15,14,0,128
2023,4,15,14,15,181
2023,4,15,14,30,236
2023,4,15,14,45,293
2023,4,15,15,0,349
2023,4,15,15,15,406
2023,4,15,15,30,461
2023,4,15,15,45,516
2023,4,15,16,0,569
2023,4,15,16,15,620
2023,4,15,16,30,669
2023,4,15,16,45,715
2023,4,15,17,0,758
2023,4,15,17,15,798
2023,4,15,17,30,835
2023,4,15,17,45,855
2023,4,15,18,0,885
2023,4,15,18,15,910
2023,4,15,18,30,932
2023,4,15,18,45,950
2023,4,15,19,0,963
2023,4,15,19,15,973
2023,4,15,19,30,978
2023,4,15,19,45,978
2023,4,15,20,0,976
2023,4,15,20,15,968
2023,4,15,20,30,956
2023,4,15,20,45,932
2023,4,15,21,0,912
2023,4,15,21,15,887
2023,4,15,21,30,859
2023,4,15,21,45,827
2023,4,15,22,0,791
2023,4,15,22,15,753
2023,4,15,22,30,711
2023,4,15,22,45,665
2023,4,15,23,0,618
2023,4,15,23,15,568
2023,4,15,23,30,516
2023,4,15,23,45,462
2023,4,16,0,0,408
2023,4,16,0,15,352
2023,4,16,0,30,297
2023,4,16,0,45,241
2023,4,16,1,0,187
2023,4,16,1,15,135
2023,4,16,1,30,87
2023,4,16,1,45,45
2023,4,16,2,0,15
2023,4,16,2,15,0
2023,4,16,2,30,0
2023,4,16,2,45,0
2023,4,16,3,0,0
2023,4,16,3,15,0
2023,4,16,3,30,0
2023,4,16,3,45,0
2023,4,16,4,0,0
2023,4,16,4,15,0
2023,4,16,4,30,0
2023,4,16,4,45,0
2023,4,16,5,0,0
2023,4,16,5,15,0
2023,4,16,5,30,0
2023,4,16,5,45,0
2023,4,16,6,0,0
2023,4,16,6,15,0
2023,4,16,6,30,0
2023,4,16,6,45,0
2023,4,16,7,0,0
2023,4,16,7,15,0
2023,4,16,7,30,0
2023,4,16,7,45,0
2023,4,16,8,0,0
2023,4,16,8,15,0
2023,4,16,8,30,0
2023,4,16,8,45,0
2023,4,16,9,0,0
2023,4,16,9,15,0
2023,4,16,9,30,0
2023,4,16,9,45,0
2023,4,16,10,0,0
2023,4,16,10,15,0
2023,4,16,10,30,0
2023,4,16,10,45,0
2023,4,16,11,0,0
2023,4,16,11,15,0
2023,4,16,11,30,0
2023,4,16,11,45,0
2023,4,16,12,0,0
2023,4,16,12,15,0
2023,4,16,12,30,0
2023,4,16,12,45,0
2023,4,16,13,0,0
2023,4,16,13,15,12
2023,4,16,13,30,41
2023,4,16,13,45,83
2023,4,16,14,0,131
2023,4,16,14,15,183
2023,4,16,14,30,238
2023,4,16,14,45,295
2023,4,16,15,0,351
2023,4,16,15,15,408
2023,4,16,15,30,463
2023,4,16,15,45,519
2023,4,16,16,0,571
2023,4,16,16,15,622
2023,4,16,16,30,667
2023,4,16,16,45,713
2023,4,16,17,0,755
2023,4,16,17,15,795
2023,4,16,17,30,832
2023,4,16,17,45,866
2023,4,16,18,0,895
2023,4,16,18,15,921
2023,4,16,18,30,943
2023,4,16,18,45,960
2023,4,16,19,0,974
2023,4,16,19,15,983
2023,4,16,19,30,983
2023,4,16,19,45,983
2023,4,16,20,0,979
2023,4,16,20,15,971
2023,4,16,20,30,851
2023,4,16,20,45,719
2023,4,16,21,0,705
2023,4,16,21,15,659
2023,4,16,21,30,768
2023,4,16,21,45,758
2023,4,16,22,0,632
2023,4,16,22,15,650
2023,4,16,22,30,559
2023,4,16,22,45,550
2023,4,16,23,0,484
2023,4,16,23,15,463
2023,4,16,23,30,519
2023,4,16,23,45,463
2023,4,17,0,0,414
2023,4,17,0,15,336
2023,4,17,0,30,277
2023,4,17,0,45,252
2023,4,17,1,0,197
2023,4,17,1,15,145
2023,4,17,1,30,86
2023,4,17,1,45,55
2023,4,17,2,0,21
2023,4,17,2,15,0
2023,4,17,2,30,0
2023,4,17,2,45,0
2023,4,17,3,0,0
2023,4,17,3,15,0
2023,4,17,3,30,0
2023,4,17,3,45,0
2023,4,17,4,0,0
2023,4,17,4,15,0
2023,4,17,4,30,0
2023,4,17,4,45,0
2023,4,17,5,0,0
2023,4,17,5,15,0
2023,4,17,5,30,0
2023,4,17,5,45,0
2023,4,17,6,0,0
2023,4,17,6,15,0
2023,4,17,6,30,0
2023,4,17,6,45,0
2023,4,17,7,0,0
2023,4,17,7,15,0
2023,4,17,7,30,0
2023,4,17,7,45,0
2023,4,17,8,0,0
2023,4,17,8,15,0
2023,4,17,8,30,0
2023,4,17,8,45,0
2023,4,17,9,0,0
2023,4,17,9,15,0
2023,4,17,9,30,0
2023,4,17,9,45,0
2023,4,17,10,0,0
2023,4,17,10,15,0
2023,4,17,10,30,0
2023,4,17,10,45,0
2023,4,17,11,0,0
2023,4,17,11,15,0
2023,4,17,11,30,0
2023,4,17,11,45,0
2023,4,17,12,0,0
2023,4,17,12,15,0
2023,4,17,12,30,0
2023,4,17,12,45,0
2023,4,17,13,0,0
2023,4,17,13,15,17
2023,4,17,13,30,50
2023,4,17,13,45,95
2023,4,17,14,0,145
2023,4,17,14,15,199
2023,4,17,14,30,254
2023,4,17,14,45,310
2023,4,17,15,0,367
2023,4,17,15,15,423
2023,4,17,15,30,478
2023,4,17,15,45,535
2023,4,17,16,0,587
2023,4,17,16,15,638
2023,4,17,16,30,686
2023,4,17,16,45,731
2023,4,17,17,0,774
2023,4,17,17,15,814
2023,4,17,17,30,850
2023,4,17,17,45,881
2023,4,17,18,0,910
2023,4,17,18,15,936
2023,4,17,18,30,957
2023,4,17,18,45,973
2023,4,17,19,0,987
2023,4,17,19,15,996
2023,4,17,19,30,1001
2023,4,17,19,45,1000
2023,4,17,20,0,996
2023,4,17,20,15,988
2023,4,17,20,30,976
2023,4,17,20,45,954
2023,4,17,21,0,934
2023,4,17,21,15,909
2023,4,17,21,30,881
2023,4,17,21,45,848
2023,4,17,22,0,812
2023,4,17,22,15,773
2023,4,17,22,30,728
2023,4,17,22,45,681
2023,4,17,23,0,634
2023,4,17,23,15,560
2023,4,17,23,30,460
2023,4,17,23,45,462
2023,4,18,0,0,329
2023,4,18,0,15,212
2023,4,18,0,30,293
2023,4,18,0,45,230
2023,4,18,1,0,181
2023,4,18,1,15,150
2023,4,18,1,30,101
2023,4,18,1,45,57
2023,4,18,2,0,22
2023,4,18,2,15,0
2023,4,18,2,30,0
2023,4,18,2,45,0
2023,4,18,3,0,0
2023,4,18,3,15,0
2023,4,18,3,30,0
2023,4,18,3,45,0
2023,4,18,4,0,0
2023,4,18,4,15,0
2023,4,18,4,30,0
2023,4,18,4,45,0
2023,4,18,5,0,0
2023,4,18,5,15,0
2023,4,18,5,30,0
2023,4,18,5,45,0
2023,4,18,6,0,0
2023,4,18,6,15,0
2023,4,18,6,30,0
2023,4,18,6,45,0
2023,4,18,7,0,0
2023,4,18,7,15,0
2023,4,18,7,30,0
2023,4,18,7,45,0
2023,4,18,8,0,0
2023,4,18,8,15,0
2023,4,18,8,30,0
2023,4,18,8,45,0
2023,4,18,9,0,0
2023,4,18,9,15,0
2023,4,18,9,30,0
2023,4,18,9,45,0
2023,4,18,10,0,0
2023,4,18,10,15,0
2023,4,18,10,30,0
2023,4,18,10,45,0
2023,4,18,11,0,0
2023,4,18,11,15,0
2023,4,18,11,30,0
2023,4,18,11,45,0
2023,4,18,12,0,0
2023,4,18,12,15,0
2023,4,18,12,30,0
2023,4,18,12,45,0
2023,4,18,13,0,0
2023,4,18,13,15,17
2023,4,18,13,30,49
2023,4,18,13,45,93
2023,4,18,14,0,143
2023,4,18,14,15,196
2023,4,18,14,30,252
2023,4,18,14,45,308
2023,4,18,15,0,365
2023,4,18,15,15,421
2023,4,18,15,30,477
2023,4,18,15,45,531
2023,4,18,16,0,474
2023,4,18,16,15,582
2023,4,18,16,30,682
2023,4,18,16,45,729
2023,4,18,17,0,772
2023,4,18,17,15,812
2023,4,18,17,30,848
2023,4,18,17,45,877
2023,4,18,18,0,906
2023,4,18,18,15,926
2023,4,18,18,30,947
2023,4,18,18,45,967
2023,4,18,19,0,980
2023,4,18,19,15,989
2023,4,18,19,30,988
2023,4,18,19,45,991
2023,4,18,20,0,987
2023,4,18,20,15,979
2023,4,18,20,30,967
2023,4,18,20,45,950
2023,4,18,21,0,930
2023,4,18,21,15,905
2023,4,18,21,30,873
2023,4,18,21,45,840
2023,4,18,22,0,805
2023,4,18,22,15,766
2023,4,18,22,30,725
2023,4,18,22,45,504
2023,4,18,23,0,445
2023,4,18,23,15,517
2023,4,18,23,30,374
2023,4,18,23,45,436
2023,4,19,0,0,293
2023,4,19,0,15,242
2023,4,19,0,30,296
2023,4,19,0,45,238
2023,4,19,1,0,186
2023,4,19,1,15,47
2023,4,19,1,30,52
2023,4,19,1,45,28
2023,4,19,2,0,16
2023,4,19,2,15,0
2023,4,19,2,30,0
2023,4,19,2,45,0
2023,4,19,3,0,0
2023,4,19,3,15,0
2023,4,19,3,30,0
2023,4,19,3,45,0
2023,4,19,4,0,0
2023,4,19,4,15,0
2023,4,19,4,30,0
2023,4,19,4,45,0
2023,4,19,5,0,0
2023,4,19,5,15,0
2023,4,19,5,30,0
2023,4,19,5,45,0
2023,4,19,6,0,0
2023,4,19,6,15,0
2023,4,19,6,30,0
2023,4,19,6,45,0
2023,4,19,7,0,0
2023,4,19,7,15,0
2023,4,19,7,30,0
2023,4,19,7,45,0
2023,4,19,8,0,0
2023,4,19,8,15,0
2023,4,19,8,30,0
2023,4,19,8,45,0
2023,4,19,9,0,0
2023,4,19,9,15,0
2023,4,19,9,30,0
2023,4,19,9,45,0
2023,4,19,10,0,0
2023,4,19,10,15,0
2023,4,19,10,30,0
2023,4,19,10,45,0
2023,4,19,11,0,0
2023,4,19,11,15,0
2023,4,19,11,30,0
2023,4,19,11,45,0
2023,4,19,12,0,0
2023,4,19,12,15,0
2023,4,19,12,30,0
2023,4,19,12,45,0
2023,4,19,13,0,0
2023,4,19,13,15,21
2023,4,19,13,30,55
2023,4,19,13,45,101
2023,4,19,14,0,152
2023,4,19,14,15,206
2023,4,19,14,30,263
2023,4,19,14,45,321
2023,4,19,15,0,378
2023,4,19,15,15,435
2023,4,19,15,30,491
2023,4,19,15,45,546
2023,4,19,16,0,599
2023,4,19,16,15,650
2023,4,19,16,30,698
2023,4,19,16,45,744
2023,4,19,17,0,782
2023,4,19,17,15,822
2023,4,19,17,30,864
2023,4,19,17,45,896
2023,4,19,18,0,925
2023,4,19,18,15,950
2023,4,19,18,30,972
2023,4,19,18,45,989
2023,4,19,19,0,1003
2023,4,19,19,15,1011
2023,4,19,19,30,1016
2023,4,19,19,45,1017
2023,4,19,20,0,1013
2023,4,19,20,15,1004
2023,4,19,20,30,992
2023,4,19,20,45,972
2023,4,19,21,0,951
2023,4,19,21,15,927
2023,4,19,21,30,898
2023,4,19,21,45,867
2023,4,19,22,0,831
2023,4,19,22,15,792
2023,4,19,22,30,750
2023,4,19,22,45,704
2023,4,19,23,0,656
2023,4,19,23,15,606
2023,4,19,23,30,554
2023,4,19,23,45,500
2023,4,20,0,0,444
2023,4,20,0,15,387
2023,4,20,0,30,330
2023,4,20,0,45,274
2023,4,20,1,0,218
2023,4,20,1,15,163
2023,4,20,1,30,111
2023,4,20,1,45,65
2023,4,20,2,0,27
2023,4,20,2,15,0
2023,4,20,2,30,0
2023,4,20,2,45,0
2023,4,20,3,0,0
2023,4,20,3,15,0
2023,4,20,3,30,0
2023,4,20,3,45,0
2023,4,20,4,0,0
2023,4,20,4,15,0
2023,4,20,4,30,0
2023,4,20,4,45,0
2023,4,20,5,0,0
2023,4,20,5,15,0
2023,4,20,5,30,0
2023,4,20,5,45,0
2023,4,20,6,0,0
2023,4,20,6,15,0
2023,4,20,6,30,0
2023,4,20,6,45,0
2023,4,20,7,0,0
2023,4,20,7,15,0
2023,4,20,7,30,0
2023,4,20,7,45,0
2023,4,20,8,0,0
2023,4,20,8,15,0
2023,4,20,8,30,0
2023,4,20,8,45,0
2023,4,20,9,0,0
2023,4,20,9,15,0
2023,4,20,9,30,0
2023,4,20,9,45,0
2023,4,20,10,0,0
2023,4,20,10,15,0
2023,4,20,10,30,0
2023,4,20,10,45,0
2023,4,20,11,0,0
2023,4,20,11,15,0
2023,4,20,11,30,0
2023,4,20,11,45,0
2023,4,20,12,0,0
2023,4,20,12,15,0
2023,4,20,12,30,0
2023,4,20,12,45,0
2023,4,20,13,0,0
2023,4,20,13,15,24
2023,4,20,13,30,60
2023,4,20,13,45,107
2023,4,20,14,0,158
2023,4,20,14,15,213
2023,4,20,14,30,269
2023,4,20,14,45,326
2023,4,20,15,0,383
2023,4,20,15,15,439
2023,4,20,15,30,495
2023,4,20,15,45,549
2023,4,20,16,0,602
2023,4,20,16,15,652
2023,4,20,16,30,700
2023,4,20,16,45,746
2023,4,20,17,0,788
2023,4,20,17,15,828
2023,4,20,17,30,864
2023,4,20,17,45,883
2023,4,20,18,0,912
2023,4,20,18,15,938
2023,4,20,18,30,959
2023,4,20,18,45,978
2023,4,20,19,0,991
2023,4,20,19,15,1000
2023,4,20,19,30,1004
2023,4,20,19,45,1007
2023,4,20,20,0,1003
2023,4,20,20,15,995
2023,4,20,20,30,977
2023,4,20,20,45,967
2023,4,20,21,0,947
2023,4,20,21,15,922
2023,4,20,21,30,894
2023,4,20,21,45,862
2023,4,20,22,0,827
2023,4,20,22,15,788
2023,4,20,22,30,746
2023,4,20,22,45,702
2023,4,20,23,0,655
2023,4,20,23,15,605
2023,4,20,23,30,553
2023,4,20,23,45,501
2023,4,21,0,0,446
2023,4,21,0,15,390
2023,4,21,0,30,333
2023,4,21,0,45,277
2023,4,21,1,0,221
2023,4,21,1,15,165
2023,4,21,1,30,114
2023,4,21,1,45,68
2023,4,21,2,0,30
2023,4,21,2,15,0
2023,4,21,2,30,0
2023,4,21,2,45,0
2023,4,21,3,0,0
2023,4,21,3,15,0
2023,4,21,3,30,0
2023,4,21,3,45,0
2023,4,21,4,0,0
2023,4,21,4,15,0
2023,4,21,4,30,0
2023,4,21,4,45,0
2023,4,21,5,0,0
2023,4,21,5,15,0
2023,4,21,5,30,0
2023,4,21,5,45,0
2023,4,21,6,0,0
2023,4,21,6,15,0
2023,4,21,6,30,0
2023,4,21,6,45,0
2023,4,21,7,0,0
2023,4,21,7,15,0
2023,4,21,7,30,0
2023,4,21,7,45,0
2023,4,21,8,0,0
2023,4,21,8,15,0
2023,4,21,8,30,0
2023,4,21,8,45,0
2023,4,21,9,0,0
2023,4,21,9,15,0
2023,4,21,9,30,0
2023,4,21,9,45,0
2023,4,21,10,0,0
2023,4,21,10,15,0
2023,4,21,10,30,0
2023,4,21,10,45,0
2023,4,21,11,0,0
2023,4,21,11,15,0
2023,4,21,11,30,0
2023,4,21,11,45,0
2023,4,21,12,0,0
2023,4,21,12,15,0
2023,4,21,12,30,0
2023,4,21,12,45,0
2023,4,21,13,0,0
2023,4,21,13,15,26
2023,4,21,13,30,63
2023,4,21,13,45,109
2023,4,21,14,0,160
2023,4,21,14,15,213
2023,4,21,14,30,269
2023,4,21,14,45,324
2023,4,21,15,0,379
2023,4,21,15,15,434
2023,4,21,15,30,489
2023,4,21,15,45,542
2023,4,21,16,0,593
2023,4,21,16,15,642
2023,4,21,16,30,689
2023,4,21,16,45,734
2023,4,21,17,0,726
2023,4,21,17,15,754
2023,4,21,17,30,743
2023,4,21,17,45,877
2023,4,21,18,0,906
2023,4,21,18,15,804
2023,4,21,18,30,951
2023,4,21,18,45,965
2023,4,21,19,0,863
2023,4,21,19,15,883
2023,4,21,19,30,990
2023,4,21,19,45,878
2023,4,21,20,0,987
2023,4,21,20,15,979
2023,4,21,20,30,967
2023,4,21,20,45,807
2023,4,21,21,0,927
2023,4,21,21,15,900
2023,4,21,21,30,872
2023,4,21,21,45,839
2023,4,21,22,0,805
2023,4,21,22,15,767
2023,4,21,22,30,723
2023,4,21,22,45,678
2023,4,21,23,0,632
2023,4,21,23,15,584
2023,4,21,23,30,423
2023,4,21,23,45,479
2023,4,22,0,0,426
2023,4,22,0,15,372
2023,4,22,0,30,179
2023,4,22,0,45,224
2023,4,22,1,0,129
2023,4,22,1,15,146
2023,4,22,1,30,108
2023,4,22,1,45,63
2023,4,22,2,0,28
2023,4,22,2,15,0
2023,4,22,2,30,0
2023,4,22,2,45,0
2023,4,22,3,0,0
2023,4,22,3,15,0
2023,4,22,3,30,0
2023,4,22,3,45,0
2023,4,22,4,0,0
2023,4,22,4,15,0
2023,4,22,4,30,0
2023,4,22,4,45,0
2023,4,22,5,0,0
2023,4,22,5,15,0
2023,4,22,5,30,0
2023,4,22,5,45,0
2023,4,22,6,0,0
2023,4,22,6,15,0
2023,4,22,6,30,0
2023,4,22,6,45,0
2023,4,22,7,0,0
2023,4,22,7,15,0
2023,4,22,7,30,0
2023,4,22,7,45,0
2023,4,22,8,0,0
2023,4,22,8,15,0
2023,4,22,8,30,0
2023,4,22,8,45,0
2023,4,22,9,0,0
2023,4,22,9,15,0
2023,4,22,9,30,0
2023,4,22,9,45,0
2023,4,22,10,0,0
2023,4,22,10,15,0
2023,4,22,10,30,0
2023,4,22,10,45,0
2023,4,22,11,0,0
2023,4,22,11,15,0
2023,4,22,11,30,0
2023,4,22,11,45,0
2023,4,22,12,0,0
2023,4,22,12,15,0
2023,4,22,12,30,0
2023,4,22,12,45,0
2023,4,22,13,0,0
2023,4,22,13,15,22
2023,4,22,13,30,62
2023,4,22,13,45,106
2023,4,22,14,0,155
2023,4,22,14,15,207
2023,4,22,14,30,260
2023,4,22,14,45,315
2023,4,22,15,0,370
2023,4,22,15,15,424
2023,4,22,15,30,478
2023,4,22,15,45,526
2023,4,22,16,0,580
2023,4,22,16,15,629
2023,4,22,16,30,676
2023,4,22,16,45,719
2023,4,22,17,0,760
2023,4,22,17,15,798
2023,4,22,17,30,833
2023,4,22,17,45,868
2023,4,22,18,0,896
2023,4,22,18,15,921
2023,4,22,18,30,942
2023,4,22,18,45,956
2023,4,22,19,0,867
2023,4,22,19,15,977
2023,4,22,19,30,982
2023,4,22,19,45,981
2023,4,22,20,0,979
2023,4,22,20,15,971
2023,4,22,20,30,959
2023,4,22,20,45,723
2023,4,22,21,0,808
2023,4,22,21,15,648
2023,4,22,21,30,859
2023,4,22,21,45,828
2023,4,22,22,0,796
2023,4,22,22,15,758
2023,4,22,22,30,716
2023,4,22,22,45,674
2023,4,22,23,0,628
2023,4,22,23,15,579
2023,4,22,23,30,529
2023,4,22,23,45,480
2023,4,23,0,0,426
2023,4,23,0,15,372
2023,4,23,0,30,317
2023,4,23,0,45,263
2023,4,23,1,0,209
2023,4,23,1,15,157
2023,4,23,1,30,108
2023,4,23,1,45,64
2023,4,23,2,0,28
2023,4,23,2,15,0
2023,4,23,2,30,0
2023,4,23,2,45,0
2023,4,23,3,0,0
2023,4,23,3,15,0
2023,4,23,3,30,0
2023,4,23,3,45,0
2023,4,23,4,0,0
2023,4,23,4,15,0
2023,4,23,4,30,0
2023,4,23,4,45,0
2023,4,23,5,0,0
2023,4,23,5,15,0
2023,4,23,5,30,0
2023,4,23,5,45,0
2023,4,23,6,0,0
2023,4,23,6,15,0
2023,4,23,6,30,0
2023,4,23,6,45,0
2023,4,23,7,0,0
2023,4,23,7,15,0
2023,4,23,7,30,0
2023,4,23,7,45,0
2023,4,23,8,0,0
2023,4,23,8,15,0
2023,4,23,8,30,0
2023,4,23,8,45,0
2023,4,23,9,0,0
2023,4,23,9,15,0
2023,4,23,9,30,0
2023,4,23,9,45,0
2023,4,23,10,0,0
2023,4,23,10,15,0
2023,4,23,10,30,0
2023,4,23,10,45,0
2023,4,23,11,0,0
2023,4,23,11,15,0
2023,4,23,11,30,0
2023,4,23,11,45,0
2023,4,23,12,0,0
2023,4,23,12,15,0
2023,4,23,12,30,0
2023,4,23,12,45,0
2023,4,23,13,0,0
2023,4,23,13,15,21
2023,4,23,13,30,48
2023,4,23,13,45,105
2023,4,23,14,0,153
2023,4,23,14,15,183
2023,4,23,14,30,205
2023,4,23,14,45,280
2023,4,23,15,0,367
2023,4,23,15,15,421
2023,4,23,15,30,474
2023,4,23,15,45,525
2023,4,23,16,0,576
2023,4,23,16,15,625
2023,4,23,16,30,672
2023,4,23,16,45,715
2023,4,23,17,0,654
2023,4,23,17,15,795
2023,4,23,17,30,830
2023,4,23,17,45,760
2023,4,23,18,0,881
2023,4,23,18,15,905
2023,4,23,18,30,923
2023,4,23,18,45,940
2023,4,23,19,0,699
2023,4,23,19,15,627
2023,4,23,19,30,703
2023,4,23,19,45,376
2023,4,23,20,0,446
2023,4,23,20,15,954
2023,4,23,20,30,844
2023,4,23,20,45,928
2023,4,23,21,0,908
2023,4,23,21,15,884
2023,4,23,21,30,856
2023,4,23,21,45,827
2023,4,23,22,0,792
2023,4,23,22,15,753
2023,4,23,22,30,713
2023,4,23,22,45,497
2023,4,23,23,0,577
2023,4,23,23,15,531
2023,4,23,23,30,370
2023,4,23,23,45,417
2023,4,24,0,0,373
2023,4,24,0,15,314
2023,4,24,0,30,223
2023,4,24,0,45,179
2023,4,24,1,0,163
2023,4,24,1,15,124
2023,4,24,1,30,95
2023,4,24,1,45,54
2023,4,24,2,0,26
2023,4,24,2,15,0
2023,4,24,2,30,0
2023,4,24,2,45,0
2023,4,24,3,0,0
2023,4,24,3,15,0
2023,4,24,3,30,0
2023,4,24,3,45,0
2023,4,24,4,0,0
2023,4,24,4,15,0
2023,4,24,4,30,0
2023,4,24,4,45,0
2023,4,24,5,0,0
2023,4,24,5,15,0
2023,4,24,5,30,0
2023,4,24,5,45,0
2023,4,24,6,0,0
2023,4,24,6,15,0
2023,4,24,6,30,0
2023,4,24,6,45,0
2023,4,24,7,0,0
2023,4,24,7,15,0
2023,4,24,7,30,0
2023,4,24,7,45,0
2023,4,24,8,0,0
2023,4,24,8,15,0
2023,4,24,8,30,0
2023,4,24,8,45,0
2023,4,24,9,0,0
2023,4,24,9,15,0
2023,4,24,9,30,0
2023,4,24,9,45,0
2023,4,24,10,0,0
2023,4,24,10,15,0
2023,4,24,10,30,0
2023,4,24,10,45,0
2023,4,24,11,0,0
2023,4,24,11,15,0
2023,4,24,11,30,0
2023,4,24,11,45,0
2023,4,24,12,0,0
2023,4,24,12,15,0
2023,4,24,12,30,0
2023,4,24,12,45,0
2023,4,24,13,0,0
2023,4,24,13,15,21
2023,4,24,13,30,57
2023,4,24,13,45,97
2023,4,24,14,0,144
2023,4,24,14,15,193
2023,4,24,14,30,245
2023,4,24,14,45,298
2023,4,24,15,0,352
2023,4,24,15,15,360
2023,4,24,15,30,458
2023,4,24,15,45,511
2023,4,24,16,0,561
2023,4,24,16,15,610
2023,4,24,16,30,656
2023,4,24,16,45,709
2023,4,24,17,0,750
2023,4,24,17,15,788
2023,4,24,17,30,821
2023,4,24,17,45,873
2023,4,24,18,0,901
2023,4,24,18,15,926
2023,4,24,18,30,949
2023,4,24,18,45,966
2023,4,24,19,0,979
2023,4,24,19,15,987
2023,4,24,19,30,994
2023,4,24,19,45,996
2023,4,24,20,0,992
2023,4,24,20,15,987
2023,4,24,20,30,975
2023,4,24,20,45,939
2023,4,24,21,0,923
2023,4,24,21,15,898
2023,4,24,21,30,870
2023,4,24,21,45,844
2023,4,24,22,0,809
2023,4,24,22,15,770
2023,4,24,22,30,729
2023,4,24,22,45,686
2023,4,24,23,0,642
2023,4,24,23,15,593
2023,4,24,23,30,541
2023,4,24,23,45,488
2023,4,25,0,0,434
2023,4,25,0,15,378
2023,4,25,0,30,323
2023,4,25,0,45,268
2023,4,25,1,0,214
2023,4,25,1,15,161
2023,4,25,1,30,112
2023,4,25,1,45,67
2023,4,25,2,0,30
2023,4,25,2,15,0
2023,4,25,2,30,0
2023,4,25,2,45,0
2023,4,25,3,0,0
2023,4,25,3,15,0
2023,4,25,3,30,0
2023,4,25,3,45,0
2023,4,25,4,0,0
2023,4,25,4,15,0
2023,4,25,4,30,0
2023,4,25,4,45,0
2023,4,25,5,0,0
2023,4,25,5,15,0
2023,4,25,5,30,0
2023,4,25,5,45,0
2023,4,25,6,0,0
2023,4,25,6,15,0
2023,4,25,6,30,0
2023,4,25,6,45,0
2023,4,25,7,0,0
2023,4,25,7,15,0
2023,4,25,7,30,0
2023,4,25,7,45,0
2023,4,25,8,0,0
2023,4,25,8,15,0
2023,4,25,8,30,0
2023,4,25,8,45,0
2023,4,25,9,0,0
2023,4,25,9,15,0
2023,4,25,9,30,0
2023,4,25,9,45,0
2023,4,25,10,0,0
2023,4,25,10,15,0
2023,4,25,10,30,0
2023,4,25,10,45,0
2023,4,25,11,0,0
2023,4,25,11,15,0
2023,4,25,11,30,0
2023,4,25,11,45,0
2023,4,25,12,0,0
2023,4,25,12,15,0
2023,4,25,12,30,0
2023,4,25,12,45,0
2023,4,25,13,0,0
2023,4,25,13,15,34
2023,4,25,13,30,73
2023,4,25,13,45,120
2023,4,25,14,0,172
2023,4,25,14,15,226
2023,4,25,14,30,282
2023,4,25,14,45,337
2023,4,25,15,0,394
2023,4,25,15,15,450
2023,4,25,15,30,505
2023,4,25,15,45,557
2023,4,25,16,0,608
2023,4,25,16,15,658
2023,4,25,16,30,705
2023,4,25,16,45,750
2023,4,25,17,0,792
2023,4,25,17,15,830
2023,4,25,17,30,871
2023,4,25,17,45,888
2023,4,25,18,0,916
2023,4,25,18,15,941
2023,4,25,18,30,962
2023,4,25,18,45,989
2023,4,25,19,0,1001
2023,4,25,19,15,1010
2023,4,25,19,30,1014
2023,4,25,19,45,1019
2023,4,25,20,0,1014
2023,4,25,20,15,1013
2023,4,25,20,30,1001
2023,4,25,20,45,984
2023,4,25,21,0,963
2023,4,25,21,15,938
2023,4,25,21,30,909
2023,4,25,21,45,881
2023,4,25,22,0,845
2023,4,25,22,15,806
2023,4,25,22,30,763
2023,4,25,22,45,721
2023,4,25,23,0,667
2023,4,25,23,15,617
2023,4,25,23,30,565
2023,4,25,23,45,513
2023,4,26,0,0,458
2023,4,26,0,15,402
2023,4,26,0,30,342
2023,4,26,0,45,286
2023,4,26,1,0,230
2023,4,26,1,15,176
2023,4,26,1,30,110
2023,4,26,1,45,63
2023,4,26,2,0,37
2023,4,26,2,15,0
2023,4,26,2,30,0
2023,4,26,2,45,0
2023,4,26,3,0,0
2023,4,26,3,15,0
2023,4,26,3,30,0
2023,4,26,3,45,0
2023,4,26,4,0,0
2023,4,26,4,15,0
2023,4,26,4,30,0
2023,4,26,4,45,0
2023,4,26,5,0,0
2023,4,26,5,15,0
2023,4,26,5,30,0
2023,4,26,5,45,0
2023,4,26,6,0,0
2023,4,26,6,15,0
2023,4,26,6,30,0
2023,4,26,6,45,0
2023,4,26,7,0,0
2023,4,26,7,15,0
2023,4,26,7,30,0
2023,4,26,7,45,0
2023,4,26,8,0,0
2023,4,26,8,15,0
2023,4,26,8,30,0
2023,4,26,8,45,0
2023,4,26,9,0,0
2023,4,26,9,15,0
2023,4,26,9,30,0
2023,4,26,9,45,0
2023,4,26,10,0,0
2023,4,26,10,15,0
2023,4,26,10,30,0
2023,4,26,10,45,0
2023,4,26,11,0,0
2023,4,26,11,15,0
2023,4,26,11,30,0
2023,4,26,11,45,0
2023,4,26,12,0,0
2023,4,26,12,15,0
2023,4,26,12,30,0
2023,4,26,12,45,0
2023,4,26,13,0,0
2023,4,26,13,15,36
2023,4,26,13,30,76
2023,4,26,13,45,122
2023,4,26,14,0,173
2023,4,26,14,15,227
2023,4,26,14,30,282
2023,4,26,14,45,337
2023,4,26,15,0,393
2023,4,26,15,15,449
2023,4,26,15,30,503
2023,4,26,15,45,556
2023,4,26,16,0,608
2023,4,26,16,15,657
2023,4,26,16,30,704
2023,4,26,16,45,749
2023,4,26,17,0,791
2023,4,26,17,15,829
2023,4,26,17,30,865
2023,4,26,17,45,900
2023,4,26,18,0,928
2023,4,26,18,15,953
2023,4,26,18,30,974
2023,4,26,18,45,990
2023,4,26,19,0,1003
2023,4,26,19,15,1012
2023,4,26,19,30,1016
2023,4,26,19,45,1016
2023,4,26,20,0,1012
2023,4,26,20,15,1004
2023,4,26,20,30,991
2023,4,26,20,45,965
2023,4,26,21,0,944
2023,4,26,21,15,920
2023,4,26,21,30,892
2023,4,26,21,45,861
2023,4,26,22,0,825
2023,4,26,22,15,787
2023,4,26,22,30,745
2023,4,26,22,45,701
2023,4,26,23,0,654
2023,4,26,23,15,605
2023,4,26,23,30,553
2023,4,26,23,45,501
2023,4,27,0,0,447
2023,4,27,0,15,392
2023,4,27,0,30,336
2023,4,27,0,45,281
2023,4,27,1,0,226
2023,4,27,1,15,172
2023,4,27,1,30,121
2023,4,27,1,45,75
2023,4,27,2,0,36
2023,4,27,2,15,10
2023,4,27,2,30,0
2023,4,27,2,45,0
2023,4,27,3,0,0
2023,4,27,3,15,0
2023,4,27,3,30,0
2023,4,27,3,45,0
2023,4,27,4,0,0
2023,4,27,4,15,0
2023,4,27,4,30,0
2023,4,27,4,45,0
2023,4,27,5,0,0
2023,4,27,5,15,0
2023,4,27,5,30,0
2023,4,27,5,45,0
2023,4,27,6,0,0
2023,4,27,6,15,0
2023,4,27,6,30,0
2023,4,27,6,45,0
2023,4,27,7,0,0
2023,4,27,7,15,0
2023,4,27,7,30,0
2023,4,27,7,45,0
2023,4,27,8,0,0
2023,4,27,8,15,0
2023,4,27,8,30,0
2023,4,27,8,45,0
2023,4,27,9,0,0
2023,4,27,9,15,0
2023,4,27,9,30,0
2023,4,27,9,45,0
2023,4,27,10,0,0
2023,4,27,10,15,0
2023,4,27,10,30,0
2023,4,27,10,45,0
2023,4,27,11,0,0
2023,4,27,11,15,0
2023,4,27,11,30,0
2023,4,27,11,45,0
2023,4,27,12,0,0
2023,4,27,12,15,0
2023,4,27,12,30,0
2023,4,27,12,45,0
2023,4,27,13,0,7
2023,4,27,13,15,38
2023,4,27,13,30,77
2023,4,27,13,45,124
2023,4,27,14,0,175
2023,4,27,14,15,228
2023,4,27,14,30,283
2023,4,27,14,45,340
2023,4,27,15,0,396
2023,4,27,15,15,451
2023,4,27,15,30,505
2023,4,27,15,45,559
2023,4,27,16,0,611
2023,4,27,16,15,663
2023,4,27,16,30,710
2023,4,27,16,45,755
2023,4,27,17,0,758
2023,4,27,17,15,786
2023,4,27,17,30,792
2023,4,27,17,45,827
2023,4,27,18,0,836
2023,4,27,18,15,951
2023,4,27,18,30,971
2023,4,27,18,45,987
2023,4,27,19,0,999
2023,4,27,19,15,1008
2023,4,27,19,30,900
2023,4,27,19,45,1011
2023,4,27,20,0,1007
2023,4,27,20,15,998
2023,4,27,20,30,986
2023,4,27,20,45,973
2023,4,27,21,0,952
2023,4,27,21,15,928
2023,4,27,21,30,900
2023,4,27,21,45,867
2023,4,27,22,0,832
2023,4,27,22,15,793
2023,4,27,22,30,752
2023,4,27,22,45,707
2023,4,27,23,0,660
2023,4,27,23,15,611
2023,4,27,23,30,560
2023,4,27,23,45,507
2023,4,28,0,0,453
2023,4,28,0,15,397
2023,4,28,0,30,340
2023,4,28,0,45,285
2023,4,28,1,0,230
2023,4,28,1,15,176
2023,4,28,1,30,125
2023,4,28,1,45,79
2023,4,28,2,0,33
2023,4,28,2,15,7
2023,4,28,2,30,0
2023,4,28,2,45,0
2023,4,28,3,0,0
2023,4,28,3,15,0
2023,4,28,3,30,0
2023,4,28,3,45,0
2023,4,28,4,0,0
2023,4,28,4,15,0
2023,4,28,4,30,0
2023,4,28,4,45,0
2023,4,28,5,0,0
2023,4,28,5,15,0
2023,4,28,5,30,0
2023,4,28,5,45,0
2023,4,28,6,0,0
2023,4,28,6,15,0
2023,4,28,6,30,0
2023,4,28,6,45,0
2023,4,28,7,0,0
2023,4,28,7,15,0
2023,4,28,7,30,0
2023,4,28,7,45,0
2023,4,28,8,0,0
2023,4,28,8,15,0
2023,4,28,8,30,0
2023,4,28,8,45,0
2023,4,28,9,0,0
2023,4,28,9,15,0
2023,4,28,9,30,0
2023,4,28,9,45,0
2023,4,28,10,0,0
2023,4,28,10,15,0
2023,4,28,10,30,0
2023,4,28,10,45,0
2023,4,28,11,0,0
2023,4,28,11,15,0
2023,4,28,11,30,0
2023,4,28,11,45,0
2023,4,28,12,0,0
2023,4,28,12,15,0
2023,4,28,12,30,0
2023,4,28,12,45,0
2023,4,28,13,0,12
2023,4,28,13,15,40
2023,4,28,13,30,80
2023,4,28,13,45,126
2023,4,28,14,0,177
2023,4,28,14,15,230
2023,4,28,14,30,285
2023,4,28,14,45,340
2023,4,28,15,0,395
2023,4,28,15,15,450
2023,4,28,15,30,504
2023,4,28,15,45,557
2023,4,28,16,0,608
2023,4,28,16,15,657
2023,4,28,16,30,707
2023,4,28,16,45,753
2023,4,28,17,0,795
2023,4,28,17,15,833
2023,4,28,17,30,872
2023,4,28,17,45,900
2023,4,28,18,0,928
2023,4,28,18,15,952
2023,4,28,18,30,977
2023,4,28,18,45,995
2023,4,28,19,0,1008
2023,4,28,19,15,1016
2023,4,28,19,30,1020
2023,4,28,19,45,1028
2023,4,28,20,0,1023
2023,4,28,20,15,1015
2023,4,28,20,30,1002
2023,4,28,20,45,981
2023,4,28,21,0,960
2023,4,28,21,15,935
2023,4,28,21,30,907
2023,4,28,21,45,882
2023,4,28,22,0,846
2023,4,28,22,15,807
2023,4,28,22,30,765
2023,4,28,22,45,722
2023,4,28,23,0,674
2023,4,28,23,15,624
2023,4,28,23,30,572
2023,4,28,23,45,520
2023,4,29,0,0,465
2023,4,29,0,15,409
2023,4,29,0,30,352
2023,4,29,0,45,296
2023,4,29,1,0,240
2023,4,29,1,15,185
2023,4,29,1,30,133
2023,4,29,1,45,85
2023,4,29,2,0,43
2023,4,29,2,15,14
2023,4,29,2,30,0
2023,4,29,2,45,0
2023,4,29,3,0,0
2023,4,29,3,15,0
2023,4,29,3,30,0
2023,4,29,3,45,0
2023,4,29,4,0,0
2023,4,29,4,15,0
2023,4,29,4,30,0
2023,4,29,4,45,0
2023,4,29,5,0,0
2023,4,29,5,15,0
2023,4,29,5,30,0
2023,4,29,5,45,0
2023,4,29,6,0,0
2023,4,29,6,15,0
2023,4,29,6,30,0
2023,4,29,6,45,0
2023,4,29,7,0,0
2023,4,29,7,15,0
2023,4,29,7,30,0
2023,4,29,7,45,0
2023,4,29,8,0,0
2023,4,29,8,15,0
2023,4,29,8,30,0
2023,4,29,8,45,0
2023,4,29,9,0,0
2023,4,29,9,15,0
2023,4,29,9,30,0
2023,4,29,9,45,0
2023,4,29,10,0,0
2023,4,29,10,15,0
2023,4,29,10,30,0
2023,4,29,10,45,0
2023,4,29,11,0,0
2023,4,29,11,15,0
2023,4,29,11,30,0
2023,4,29,11,45,0
2023,4,29,12,0,0
2023,4,29,12,15,0
2023,4,29,12,30,0
2023,4,29,12,45,0
2023,4,29,13,0,16
2023,4,29,13,15,46
2023,4,29,13,30,89
2023,4,29,13,45,137
2023,4,29,14,0,190
2023,4,29,14,15,245
2023,4,29,14,30,301
2023,4,29,14,45,357
2023,4,29,15,0,414
2023,4,29,15,15,469
2023,4,29,15,30,524
2023,4,29,15,45,577
2023,4,29,16,0,629
2023,4,29,16,15,678
2023,4,29,16,30,725
2023,4,29,16,45,770
2023,4,29,17,0,811
2023,4,29,17,15,850
2023,4,29,17,30,885
2023,4,29,17,45,917
2023,4,29,18,0,945
2023,4,29,18,15,969
2023,4,29,18,30,990
2023,4,29,18,45,1006
2023,4,29,19,0,1018
2023,4,29,19,15,1027
2023,4,29,19,30,1031
2023,4,29,19,45,1031
2023,4,29,20,0,1026
2023,4,29,20,15,1018
2023,4,29,20,30,1005
2023,4,29,20,45,987
2023,4,29,21,0,967
2023,4,29,21,15,942
2023,4,29,21,30,914
2023,4,29,21,45,881
2023,4,29,22,0,846
2023,4,29,22,15,807
2023,4,29,22,30,765
2023,4,29,22,45,720
2023,4,29,23,0,673
2023,4,29,23,15,624
2023,4,29,23,30,572
2023,4,29,23,45,518
2023,4,30,0,0,463
2023,4,30,0,15,408
2023,4,30,0,30,351
2023,4,30,0,45,294
2023,4,30,1,0,239
2023,4,30,1,15,185
2023,4,30,1,30,133
2023,4,30,1,45,84
2023,4,30,2,0,43
2023,4,30,2,15,14
2023,4,30,2,30,0
2023,4,30,2,45,0
2023,4,30,3,0,0
2023,4,30,3,15,0
2023,4,30,3,30,0
2023,4,30,3,45,0
2023,4,30,4,0,0
2023,4,30,4,15,0
2023,4,30,4,30,0
2023,4,30,4,45,0
2023,4,30,5,0,0
2023,4,30,5,15,0
2023,4,30,5,30,0
2023,4,30,5,45,0
2023,4,30,6,0,0
2023,4,30,6,15,0
2023,4,30,6,30,0
2023,4,30,6,45,0
2023,4,30,7,0,0
2023,4,30,7,15,0
2023,4,30,7,30,0
2023,4,30,7,45,0
2023,4,30,8,0,0
2023,4,30,8,15,0
2023,4,30,8,30,0
2023,4,30,8,45,0
2023,4,30,9,0,0
2023,4,30,9,15,0
2023,4,30,9,30,0
2023,4,30,9,45,0
2023,4,30,10,0,0
2023,4,30,10,15,0
2023,4,30,10,30,0
2023,4,30,10,45,0
2023,4,30,11,0,0
2023,4,30,11,15,0
2023,4,30,11,30,0
2023,4,30,11,45,0
2023,4,30,12,0,0
2023,4,30,12,15,0
2023,4,30,12,30,0
2023,4,30,12,45,0
2023,4,30,13,0,15
2023,4,30,13,15,44
2023,4,30,13,30,85
2023,4,30,13,45,132
2023,4,30,14,0,183
2023,4,30,14,15,236
2023,4,30,14,30,290
2023,4,30,14,45,346
2023,4,30,15,0,401
2023,4,30,15,15,456
2023,4,30,15,30,510
2023,4,30,15,45,563
2023,4,30,16,0,614
2023,4,30,16,15,660
2023,4,30,16,30,707
2023,4,30,16,45,750
2023,4,30,17,0,792
2023,4,30,17,15,829
2023,4,30,17,30,864
2023,4,30,17,45,888
2023,4,30,18,0,916
2023,4,30,18,15,865
2023,4,30,18,30,958
2023,4,30,18,45,975
2023,4,30,19,0,988
2023,4,30,19,15,996
2023,4,30,19,30,782
2023,4,30,19,45,1001
2023,4,30,20,0,993
2023,4,30,20,15,985
2023,4,30,20,30,972
2023,4,30,20,45,960
2023,4,30,21,0,939
2023,4,30,21,15,915
2023,4,30,21,30,887
2023,4,30,21,45,643
2023,4,30,22,0,624
2023,4,30,22,15,709
2023,4,30,22,30,743
2023,4,30,22,45,648
2023,4,30,23,0,652
2023,4,30,23,15,603
2023,4,30,23,30,553
2023,4,30,23,45,499
2023,5,1,0,0,447
2023,5,1,0,15,393
2023,5,1,0,30,338
2023,5,1,0,45,282
2023,5,1,1,0,229
2023,5,1,1,15,86
2023,5,1,1,30,59
2023,5,1,1,45,80
2023,5,1,2,0,41
2023,5,1,2,15,14
2023,5,1,2,30,0
2023,5,1,2,45,0
2023,5,1,3,0,0
2023,5,1,3,15,0
2023,5,1,3,30,0
2023,5,1,3,45,0
2023,5,1,4,0,0
2023,5,1,4,15,0
2023,5,1,4,30,0
2023,5,1,4,45,0
2023,5,1,5,0,0
2023,5,1,5,15,0
2023,5,1,5,30,0
2023,5,1,5,45,0
2023,5,1,6,0,0
2023,5,1,6,15,0
2023,5,1,6,30,0
2023,5,1,6,45,0
2023,5,1,7,0,0
2023,5,1,7,15,0
2023,5,1,7,30,0
2023,5,1,7,45,0
2023,5,1,8,0,0
2023,5,1,8,15,0
2023,5,1,8,30,0
2023,5,1,8,45,0
2023,5,1,9,0,0
2023,5,1,9,15,0
2023,5,1,9,30,0
2023,5,1,9,45,0
2023,5,1,10,0,0
2023,5,1,10,15,0
2023,5,1,10,30,0
2023,5,1,10,45,0
2023,5,1,11,0,0
2023,5,1,11,15,0
2023,5,1,11,30,0
2023,5,1,11,45,0
2023,5,1,12,0,0
2023,5,1,12,15,0
2023,5,1,12,30,0
2023,5,1,12,45,0
2023,5,1,13,0,17
2023,5,1,13,15,47
2023,5,1,13,30,80
2023,5,1,13,45,92
2023,5,1,14,0,186
2023,5,1,14,15,239
2023,5,1,14,30,293
2023,5,1,14,45,348
2023,5,1,15,0,403
2023,5,1,15,15,458
2023,5,1,15,30,511
2023,5,1,15,45,563
2023,5,1,16,0,614
2023,5,1,16,15,665
2023,5,1,16,30,711
2023,5,1,16,45,755
2023,5,1,17,0,795
2023,5,1,17,15,833
2023,5,1,17,30,694
2023,5,1,17,45,903
2023,5,1,18,0,931
2023,5,1,18,15,846
2023,5,1,18,30,920
2023,5,1,18,45,994
2023,5,1,19,0,922
2023,5,1,19,15,1014
2023,5,1,19,30,1018
2023,5,1,19,45,1022
2023,5,1,20,0,1017
2023,5,1,20,15,1010
2023,5,1,20,30,997
2023,5,1,20,45,977
2023,5,1,21,0,958
2023,5,1,21,15,932
2023,5,1,21,30,904
2023,5,1,21,45,875
2023,5,1,22,0,637
2023,5,1,22,15,593
2023,5,1,22,30,660
2023,5,1,22,45,624
2023,5,1,23,0,531
2023,5,1,23,15,539
2023,5,1,23,30,489
2023,5,1,23,45,449
2023,5,2,0,0,322
2023,5,2,0,15,269
2023,5,2,0,30,337
2023,5,2,0,45,181
2023,5,2,1,0,213
2023,5,2,1,15,175
2023,5,2,1,30,124
2023,5,2,1,45,81
2023,5,2,2,0,42
2023,5,2,2,15,14
2023,5,2,2,30,0
2023,5,2,2,45,0
2023,5,2,3,0,0
2023,5,2,3,15,0
2023,5,2,3,30,0
2023,5,2,3,45,0
2023,5,2,4,0,0
2023,5,2,4,15,0
2023,5,2,4,30,0
2023,5,2,4,45,0
2023,5,2,5,0,0
2023,5,2,5,15,0
2023,5,2,5,30,0
2023,5,2,5,45,0
2023,5,2,6,0,0
2023,5,2,6,15,0
2023,5,2,6,30,0
2023,5,2,6,45,0
2023,5,2,7,0,0
2023,5,2,7,15,0
2023,5,2,7,30,0
2023,5,2,7,45,0
2023,5,2,8,0,0
2023,5,2,8,15,0
2023,5,2,8,30,0
2023,5,2,8,45,0
2023,5,2,9,0,0
2023,5,2,9,15,0
2023,5,2,9,30,0
2023,5,2,9,45,0
2023,5,2,10,0,0
2023,5,2,10,15,0
2023,5,2,10,30,0
2023,5,2,10,45,0
2023,5,2,11,0,0
2023,5,2,11,15,0
2023,5,2,11,30,0
2023,5,2,11,45,0
2023,5,2,12,0,0
2023,5,2,12,15,0
2023,5,2,12,30,0
2023,5,2,12,45,0
2023,5,2,13,0,19
2023,5,2,13,15,51
2023,5,2,13,30,92
2023,5,2,13,45,140
2023,5,2,14,0,191
2023,5,2,14,15,245
2023,5,2,14,30,298
2023,5,2,14,45,353
2023,5,2,15,0,408
2023,5,2,15,15,462
2023,5,2,15,30,516
2023,5,2,15,45,567
2023,5,2,16,0,617
2023,5,2,16,15,666
2023,5,2,16,30,712
2023,5,2,16,45,754
2023,5,2,17,0,796
2023,5,2,17,15,773
2023,5,2,17,30,868
2023,5,2,17,45,900
2023,5,2,18,0,928
2023,5,2,18,15,869
2023,5,2,18,30,903
2023,5,2,18,45,987
2023,5,2,19,0,887
2023,5,2,19,15,939
2023,5,2,19,30,872
2023,5,2,19,45,931
2023,5,2,20,0,907
2023,5,2,20,15,997
2023,5,2,20,30,771
2023,5,2,20,45,967
2023,5,2,21,0,840
2023,5,2,21,15,839
2023,5,2,21,30,694
2023,5,2,21,45,775
2023,5,2,22,0,625
2023,5,2,22,15,692
2023,5,2,22,30,587
2023,5,2,22,45,650
2023,5,2,23,0,566
2023,5,2,23,15,551
2023,5,2,23,30,505
2023,5,2,23,45,454
2023,5,3,0,0,323
2023,5,3,0,15,376
2023,5,3,0,30,267
2023,5,3,0,45,199
2023,5,3,1,0,148
2023,5,3,1,15,190
2023,5,3,1,30,138
2023,5,3,1,45,67
2023,5,3,2,0,48
2023,5,3,2,15,18
2023,5,3,2,30,0
2023,5,3,2,45,0
2023,5,3,3,0,0
2023,5,3,3,15,0
2023,5,3,3,30,0
2023,5,3,3,45,0
2023,5,3,4,0,0
2023,5,3,4,15,0
2023,5,3,4,30,0
2023,5,3,4,45,0
2023,5,3,5,0,0
2023,5,3,5,15,0
2023,5,3,5,30,0
2023,5,3,5,45,0
2023,5,3,6,0,0
2023,5,3,6,15,0
2023,5,3,6,30,0
2023,5,3,6,45,0
2023,5,3,7,0,0
2023,5,3,7,15,0
2023,5,3,7,30,0
2023,5,3,7,45,0
2023,5,3,8,0,0
2023,5,3,8,15,0
2023,5,3,8,30,0
2023,5,3,8,45,0
2023,5,3,9,0,0
2023,5,3,9,15,0
2023,5,3,9,30,0
2023,5,3,9,45,0
2023,5,3,10,0,0
2023,5,3,10,15,0
2023,5,3,10,30,0
2023,5,3,10,45,0
2023,5,3,11,0,0
2023,5,3,11,15,0
2023,5,3,11,30,0
2023,5,3,11,45,0
2023,5,3,12,0,0
2023,5,3,12,15,0
2023,5,3,12,30,0
2023,5,3,12,45,0
2023,5,3,13,0,20
2023,5,3,13,15,51
2023,5,3,13,30,92
2023,5,3,13,45,139
2023,5,3,14,0,190
2023,5,3,14,15,243
2023,5,3,14,30,297
2023,5,3,14,45,352
2023,5,3,15,0,406
2023,5,3,15,15,460
2023,5,3,15,30,514
2023,5,3,15,45,566
2023,5,3,16,0,616
2023,5,3,16,15,664
2023,5,3,16,30,710
2023,5,3,16,45,754
2023,5,3,17,0,794
2023,5,3,17,15,832
2023,5,3,17,30,866
2023,5,3,17,45,841
2023,5,3,18,0,860
2023,5,3,18,15,949
2023,5,3,18,30,969
2023,5,3,18,45,988
2023,5,3,19,0,1000
2023,5,3,19,15,1008
2023,5,3,19,30,1012
2023,5,3,19,45,1013
2023,5,3,20,0,901
2023,5,3,20,15,877
2023,5,3,20,30,799
2023,5,3,20,45,830
2023,5,3,21,0,622
2023,5,3,21,15,752
2023,5,3,21,30,646
2023,5,3,21,45,785
2023,5,3,22,0,659
2023,5,3,22,15,586
2023,5,3,22,30,614
2023,5,3,22,45,610
2023,5,3,23,0,573
2023,5,3,23,15,579
2023,5,3,23,30,91
2023,5,3,23,45,472
2023,5,4,0,0,431
2023,5,4,0,15,368
2023,5,4,0,30,349
2023,5,4,0,45,293
2023,5,4,1,0,239
2023,5,4,1,15,93
2023,5,4,1,30,123
2023,5,4,1,45,83
2023,5,4,2,0,47
2023,5,4,2,15,15
2023,5,4,2,30,0
2023,5,4,2,45,0
2023,5,4,3,0,0
2023,5,4,3,15,0
2023,5,4,3,30,0
2023,5,4,3,45,0
2023,5,4,4,0,0
2023,5,4,4,15,0
2023,5,4,4,30,0
2023,5,4,4,45,0
2023,5,4,5,0,0
2023,5,4,5,15,0
2023,5,4,5,30,0
2023,5,4,5,45,0
2023,5,4,6,0,0
2023,5,4,6,15,0
2023,5,4,6,30,0
2023,5,4,6,45,0
2023,5,4,7,0,0
2023,5,4,7,15,0
2023,5,4,7,30,0
2023,5,4,7,45,0
2023,5,4,8,0,0
2023,5,4,8,15,0
2023,5,4,8,30,0
2023,5,4,8,45,0
2023,5,4,9,0,0
2023,5,4,9,15,0
2023,5,4,9,30,0
2023,5,4,9,45,0
2023,5,4,10,0,0
2023,5,4,10,15,0
2023,5,4,10,30,0
2023,5,4,10,45,0
2023,5,4,11,0,0
2023,5,4,11,15,0
2023,5,4,11,30,0
2023,5,4,11,45,0
2023,5,4,12,0,0
2023,5,4,12,15,0
2023,5,4,12,30,0
2023,5,4,12,45,0
2023,5,4,13,0,12
2023,5,4,13,15,42
2023,5,4,13,30,100
2023,5,4,13,45,149
2023,5,4,14,0,4
2023,5,4,14,15,141
2023,5,4,14,30,309
2023,5,4,14,45,365
2023,5,4,15,0,286
2023,5,4,15,15,392
2023,5,4,15,30,312
2023,5,4,15,45,112
2023,5,4,16,0,157
2023,5,4,16,15,355
2023,5,4,16,30,601
2023,5,4,16,45,364
2023,5,4,17,0,473
2023,5,4,17,15,765
2023,5,4,17,30,550
2023,5,4,17,45,434
2023,5,4,18,0,482
2023,5,4,18,15,423
2023,5,4,18,30,697
2023,5,4,18,45,261
2023,5,4,19,0,653
2023,5,4,19,15,793
2023,5,4,19,30,204
2023,5,4,19,45,784
2023,5,4,20,0,841
2023,5,4,20,15,616
2023,5,4,20,30,449
2023,5,4,20,45,766
2023,5,4,21,0,706
2023,5,4,21,15,735
2023,5,4,21,30,737
2023,5,4,21,45,777
2023,5,4,22,0,25
2023,5,4,22,15,533
2023,5,4,22,30,581
2023,5,4,22,45,653
2023,5,4,23,0,575
2023,5,4,23,15,189
2023,5,4,23,30,70
2023,5,4,23,45,10
2023,5,5,0,0,400
2023,5,5,0,15,270
2023,5,5,0,30,247
2023,5,5,0,45,11
2023,5,5,1,0,96
2023,5,5,1,15,106
2023,5,5,1,30,143
2023,5,5,1,45,95
2023,5,5,2,0,43
2023,5,5,2,15,21
2023,5,5,2,30,0
2023,5,5,2,45,0
2023,5,5,3,0,0
2023,5,5,3,15,0
2023,5,5,3,30,0
2023,5,5,3,45,0
2023,5,5,4,0,0
2023,5,5,4,15,0
2023,5,5,4,30,0
2023,5,5,4,45,0
2023,5,5,5,0,0
2023,5,5,5,15,0
2023,5,5,5,30,0
2023,5,5,5,45,0
2023,5,5,6,0,0
2023,5,5,6,15,0
2023,5,5,6,30,0
2023,5,5,6,45,0
2023,5,5,7,0,0
2023,5,5,7,15,0
2023,5,5,7,30,0
2023,5,5,7,45,0
2023,5,5,8,0,0
2023,5,5,8,15,0
2023,5,5,8,30,0
2023,5,5,8,45,0
2023,5,5,9,0,0
2023,5,5,9,15,0
2023,5,5,9,30,0
2023,5,5,9,45,0
2023,5,5,10,0,0
2023,5,5,10,15,0
2023,5,5,10,30,0
2023,5,5,10,45,0
2023,5,5,11,0,0
2023,5,5,11,15,0
2023,5,5,11,30,0
2023,5,5,11,45,0
2023,5,5,12,0,0
2023,5,5,12,15,0
2023,5,5,12,30,0
2023,5,5,12,45,0
2023,5,5,13,0,25
2023,5,5,13,15,42
2023,5,5,13,30,82
2023,5,5,13,45,113
2023,5,5,14,0,198
2023,5,5,14,15,251
2023,5,5,14,30,304
2023,5,5,14,45,360
2023,5,5,15,0,416
2023,5,5,15,15,470
2023,5,5,15,30,441
2023,5,5,15,45,513
2023,5,5,16,0,499
2023,5,5,16,15,579
2023,5,5,16,30,648
2023,5,5,16,45,763
2023,5,5,17,0,804
2023,5,5,17,15,720
2023,5,5,17,30,656
2023,5,5,17,45,903
2023,5,5,18,0,931
2023,5,5,18,15,820
2023,5,5,18,30,820
2023,5,5,18,45,862
2023,5,5,19,0,904
2023,5,5,19,15,1014
2023,5,5,19,30,1017
2023,5,5,19,45,1018
2023,5,5,20,0,804
2023,5,5,20,15,327
2023,5,5,20,30,806
2023,5,5,20,45,980
2023,5,5,21,0,868
2023,5,5,21,15,936
2023,5,5,21,30,908
2023,5,5,21,45,846
2023,5,5,22,0,842
2023,5,5,22,15,803
2023,5,5,22,30,762
2023,5,5,22,45,720
2023,5,5,23,0,398
2023,5,5,23,15,628
2023,5,5,23,30,577
2023,5,5,23,45,525
2023,5,6,0,0,472
2023,5,6,0,15,417
2023,5,6,0,30,362
2023,5,6,0,45,307
2023,5,6,1,0,252
2023,5,6,1,15,199
2023,5,6,1,30,147
2023,5,6,1,45,99
2023,5,6,2,0,57
2023,5,6,2,15,23
2023,5,6,2,30,0
2023,5,6,2,45,0
2023,5,6,3,0,0
2023,5,6,3,15,0
2023,5,6,3,30,0
2023,5,6,3,45,0
2023,5,6,4,0,0
2023,5,6,4,15,0
2023,5,6,4,30,0
2023,5,6,4,45,0
2023,5,6,5,0,0
2023,5,6,5,15,0
2023,5,6,5,30,0
2023,5,6,5,45,0
2023,5,6,6,0,0
2023,5,6,6,15,0
2023,5,6,6,30,0
2023,5,6,6,45,0
2023,5,6,7,0,0
2023,5,6,7,15,0
2023,5,6,7,30,0
2023,5,6,7,45,0
2023,5,6,8,0,0
2023,5,6,8,15,0
2023,5,6,8,30,0
2023,5,6,8,45,0
2023,5,6,9,0,0
2023,5,6,9,15,0
2023,5,6,9,30,0
2023,5,6,9,45,0
2023,5,6,10,0,0
2023,5,6,10,15,0
2023,5,6,10,30,0
2023,5,6,10,45,0
2023,5,6,11,0,0
2023,5,6,11,15,0
2023,5,6,11,30,0
2023,5,6,11,45,0
2023,5,6,12,0,0
2023,5,6,12,15,0
2023,5,6,12,30,0
2023,5,6,12,45,0
2023,5,6,13,0,27
2023,5,6,13,15,63
2023,5,6,13,30,95
2023,5,6,13,45,154
2023,5,6,14,0,204
2023,5,6,14,15,218
2023,5,6,14,30,293
2023,5,6,14,45,321
2023,5,6,15,0,386
2023,5,6,15,15,471
2023,5,6,15,30,486
2023,5,6,15,45,438
2023,5,6,16,0,467
2023,5,6,16,15,544
2023,5,6,16,30,698
2023,5,6,16,45,724
2023,5,6,17,0,662
2023,5,6,17,15,801
2023,5,6,17,30,877
2023,5,6,17,45,809
2023,5,6,18,0,937
2023,5,6,18,15,960
2023,5,6,18,30,869
2023,5,6,18,45,929
2023,5,6,19,0,1006
2023,5,6,19,15,1014
2023,5,6,19,30,940
2023,5,6,19,45,889
2023,5,6,20,0,874
2023,5,6,20,15,612
2023,5,6,20,30,887
2023,5,6,20,45,766
2023,5,6,21,0,851
2023,5,6,21,15,658
2023,5,6,21,30,749
2023,5,6,21,45,697
2023,5,6,22,0,518
2023,5,6,22,15,642
2023,5,6,22,30,595
2023,5,6,22,45,523
2023,5,6,23,0,601
2023,5,6,23,15,401
2023,5,6,23,30,343
2023,5,6,23,45,157
2023,5,7,0,0,135
2023,5,7,0,15,142
2023,5,7,0,30,224
2023,5,7,0,45,154
2023,5,7,1,0,175
2023,5,7,1,15,74
2023,5,7,1,30,79
2023,5,7,1,45,51
2023,5,7,2,0,29
2023,5,7,2,15,14
2023,5,7,2,30,0
2023,5,7,2,45,0
2023,5,7,3,0,0
2023,5,7,3,15,0
2023,5,7,3,30,0
2023,5,7,3,45,0
2023,5,7,4,0,0
2023,5,7,4,15,0
2023,5,7,4,30,0
2023,5,7,4,45,0
2023,5,7,5,0,0
2023,5,7,5,15,0
2023,5,7,5,30,0
2023,5,7,5,45,0
2023,5,7,6,0,0
2023,5,7,6,15,0
2023,5,7,6,30,0
2023,5,7,6,45,0
2023,5,7,7,0,0
2023,5,7,7,15,0
2023,5,7,7,30,0
2023,5,7,7,45,0
2023,5,7,8,0,0
2023,5,7,8,15,0
2023,5,7,8,30,0
2023,5,7,8,45,0
2023,5,7,9,0,0
2023,5,7,9,15,0
2023,5,7,9,30,0
2023,5,7,9,45,0
2023,5,7,10,0,0
2023,5,7,10,15,0
2023,5,7,10,30,0
2023,5,7,10,45,0
2023,5,7,11,0,0
2023,5,7,11,15,0
2023,5,7,11,30,0
2023,5,7,11,45,0
2023,5,7,12,0,0
2023,5,7,12,15,0
2023,5,7,12,30,0
2023,5,7,12,45,0
2023,5,7,13,0,18
2023,5,7,13,15,49
2023,5,7,13,30,106
2023,5,7,13,45,153
2023,5,7,14,0,204
2023,5,7,14,15,258
2023,5,7,14,30,312
2023,5,7,14,45,367
2023,5,7,15,0,421
2023,5,7,15,15,475
2023,5,7,15,30,527
2023,5,7,15,45,580
2023,5,7,16,0,629
2023,5,7,16,15,677
2023,5,7,16,30,722
2023,5,7,16,45,766
2023,5,7,17,0,806
2023,5,7,17,15,843
2023,5,7,17,30,877
2023,5,7,17,45,901
2023,5,7,18,0,931
2023,5,7,18,15,955
2023,5,7,18,30,975
2023,5,7,18,45,992
2023,5,7,19,0,1003
2023,5,7,19,15,1011
2023,5,7,19,30,1015
2023,5,7,19,45,1017
2023,5,7,20,0,1016
2023,5,7,20,15,1008
2023,5,7,20,30,995
2023,5,7,20,45,977
2023,5,7,21,0,956
2023,5,7,21,15,932
2023,5,7,21,30,905
2023,5,7,21,45,876
2023,5,7,22,0,842
2023,5,7,22,15,804
2023,5,7,22,30,763
2023,5,7,22,45,720
2023,5,7,23,0,674
2023,5,7,23,15,626
2023,5,7,23,30,575
2023,5,7,23,45,524
2023,5,8,0,0,471
2023,5,8,0,15,417
2023,5,8,0,30,363
2023,5,8,0,45,309
2023,5,8,1,0,255
2023,5,8,1,15,201
2023,5,8,1,30,150
2023,5,8,1,45,102
2023,5,8,2,0,59
2023,5,8,2,15,25
2023,5,8,2,30,0
2023,5,8,2,45,0
2023,5,8,3,0,0
2023,5,8,3,15,0
2023,5,8,3,30,0
2023,5,8,3,45,0
2023,5,8,4,0,0
2023,5,8,4,15,0
2023,5,8,4,30,0
2023,5,8,4,45,0
2023,5,8,5,0,0
2023,5,8,5,15,0
2023,5,8,5,30,0
2023,5,8,5,45,0
2023,5,8,6,0,0
2023,5,8,6,15,0
2023,5,8,6,30,0
2023,5,8,6,45,0
2023,5,8,7,0,0
2023,5,8,7,15,0
2023,5,8,7,30,0
2023,5,8,7,45,0
2023,5,8,8,0,0
2023,5,8,8,15,0
2023,5,8,8,30,0
2023,5,8,8,45,0
2023,5,8,9,0,0
2023,5,8,9,15,0
2023,5,8,9,30,0
2023,5,8,9,45,0
2023,5,8,10,0,0
2023,5,8,10,15,0
2023,5,8,10,30,0
2023,5,8,10,45,0
2023,5,8,11,0,0
2023,5,8,11,15,0
2023,5,8,11,30,0
2023,5,8,11,45,0
2023,5,8,12,0,0
2023,5,8,12,15,0
2023,5,8,12,30,0
2023,5,8,12,45,0
2023,5,8,13,0,32
2023,5,8,13,15,69
2023,5,8,13,30,113
2023,5,8,13,45,162
2023,5,8,14,0,214
2023,5,8,14,15,268
2023,5,8,14,30,324
2023,5,8,14,45,378
2023,5,8,15,0,433
2023,5,8,15,15,487
2023,5,8,15,30,540
2023,5,8,15,45,590
2023,5,8,16,0,640
2023,5,8,16,15,688
2023,5,8,16,30,734
2023,5,8,16,45,776
2023,5,8,17,0,816
2023,5,8,17,15,853
2023,5,8,17,30,887
2023,5,8,17,45,917
2023,5,8,18,0,944
2023,5,8,18,15,967
2023,5,8,18,30,991
2023,5,8,18,45,1004
2023,5,8,19,0,1016
2023,5,8,19,15,1024
2023,5,8,19,30,1028
2023,5,8,19,45,1023
2023,5,8,20,0,1022
2023,5,8,20,15,1014
2023,5,8,20,30,1001
2023,5,8,20,45,958
2023,5,8,21,0,938
2023,5,8,21,15,913
2023,5,8,21,30,889
2023,5,8,21,45,859
2023,5,8,22,0,824
2023,5,8,22,15,786
2023,5,8,22,30,745
2023,5,8,22,45,706
2023,5,8,23,0,659
2023,5,8,23,15,611
2023,5,8,23,30,560
2023,5,8,23,45,509
2023,5,9,0,0,459
2023,5,9,0,15,405
2023,5,9,0,30,350
2023,5,9,0,45,296
2023,5,9,1,0,242
2023,5,9,1,15,190
2023,5,9,1,30,139
2023,5,9,1,45,95
2023,5,9,2,0,53
2023,5,9,2,15,21
2023,5,9,2,30,0
2023,5,9,2,45,0
2023,5,9,3,0,0
2023,5,9,3,15,0
2023,5,9,3,30,0
2023,5,9,3,45,0
2023,5,9,4,0,0
2023,5,9,4,15,0
2023,5,9,4,30,0
2023,5,9,4,45,0
2023,5,9,5,0,0
2023,5,9,5,15,0
2023,5,9,5,30,0
2023,5,9,5,45,0
2023,5,9,6,0,0
2023,5,9,6,15,0
2023,5,9,6,30,0
2023,5,9,6,45,0
2023,5,9,7,0,0
2023,5,9,7,15,0
2023,5,9,7,30,0
2023,5,9,7,45,0
2023,5,9,8,0,0
2023,5,9,8,15,0
2023,5,9,8,30,0
2023,5,9,8,45,0
2023,5,9,9,0,0
2023,5,9,9,15,0
2023,5,9,9,30,0
2023,5,9,9,45,0
2023,5,9,10,0,0
2023,5,9,10,15,0
2023,5,9,10,30,0
2023,5,9,10,45,0
2023,5,9,11,0,0
2023,5,9,11,15,0
2023,5,9,11,30,0
2023,5,9,11,45,0
2023,5,9,12,0,0
2023,5,9,12,15,0
2023,5,9,12,30,0
2023,5,9,12,45,0
2023,5,9,13,0,33
2023,5,9,13,15,70
2023,5,9,13,30,116
2023,5,9,13,45,167
2023,5,9,14,0,220
2023,5,9,14,15,276
2023,5,9,14,30,332
2023,5,9,14,45,389
2023,5,9,15,0,445
2023,5,9,15,15,500
2023,5,9,15,30,555
2023,5,9,15,45,602
2023,5,9,16,0,653
2023,5,9,16,15,702
2023,5,9,16,30,749
2023,5,9,16,45,792
2023,5,9,17,0,833
2023,5,9,17,15,871
2023,5,9,17,30,905
2023,5,9,17,45,925
2023,5,9,18,0,953
2023,5,9,18,15,814
2023,5,9,18,30,934
2023,5,9,18,45,914
2023,5,9,19,0,926
2023,5,9,19,15,1023
2023,5,9,19,30,1027
2023,5,9,19,45,1026
2023,5,9,20,0,1022
2023,5,9,20,15,1013
2023,5,9,20,30,1001
2023,5,9,20,45,778
2023,5,9,21,0,959
2023,5,9,21,15,934
2023,5,9,21,30,906
2023,5,9,21,45,779
2023,5,9,22,0,738
2023,5,9,22,15,733
2023,5,9,22,30,673
2023,5,9,22,45,686
2023,5,9,23,0,585
2023,5,9,23,15,620
2023,5,9,23,30,570
2023,5,9,23,45,392
2023,5,10,0,0,348
2023,5,10,0,15,244
2023,5,10,0,30,270
2023,5,10,0,45,254
2023,5,10,1,0,226
2023,5,10,1,15,183
2023,5,10,1,30,51
2023,5,10,1,45,97
2023,5,10,2,0,51
2023,5,10,2,15,18
2023,5,10,2,30,0
2023,5,10,2,45,0
2023,5,10,3,0,0
2023,5,10,3,15,0
2023,5,10,3,30,0
2023,5,10,3,45,0
2023,5,10,4,0,0
2023,5,10,4,15,0
2023,5,10,4,30,0
2023,5,10,4,45,0
2023,5,10,5,0,0
2023,5,10,5,15,0
2023,5,10,5,30,0
2023,5,10,5,45,0
2023,5,10,6,0,0
2023,5,10,6,15,0
2023,5,10,6,30,0
2023,5,10,6,45,0
2023,5,10,7,0,0
2023,5,10,7,15,0
2023,5,10,7,30,0
2023,5,10,7,45,0
2023,5,10,8,0,0
2023,5,10,8,15,0
2023,5,10,8,30,0
2023,5,10,8,45,0
2023,5,10,9,0,0
2023,5,10,9,15,0
2023,5,10,9,30,0
2023,5,10,9,45,0
2023,5,10,10,0,0
2023,5,10,10,15,0
2023,5,10,10,30,0
2023,5,10,10,45,0
2023,5,10,11,0,0
2023,5,10,11,15,0
2023,5,10,11,30,0
2023,5,10,11,45,0
2023,5,10,12,0,0
2023,5,10,12,15,0
2023,5,10,12,30,0
2023,5,10,12,45,0
2023,5,10,13,0,31
2023,5,10,13,15,67
2023,5,10,13,30,110
2023,5,10,13,45,158
2023,5,10,14,0,209
2023,5,10,14,15,261
2023,5,10,14,30,315
2023,5,10,14,45,368
2023,5,10,15,0,422
2023,5,10,15,15,476
2023,5,10,15,30,529
2023,5,10,15,45,579
2023,5,10,16,0,629
2023,5,10,16,15,677
2023,5,10,16,30,722
2023,5,10,16,45,764
2023,5,10,17,0,804
2023,5,10,17,15,838
2023,5,10,17,30,872
2023,5,10,17,45,893
2023,5,10,18,0,920
2023,5,10,18,15,944
2023,5,10,18,30,963
2023,5,10,18,45,978
2023,5,10,19,0,990
2023,5,10,19,15,997
2023,5,10,19,30,1001
2023,5,10,19,45,1001
2023,5,10,20,0,968
2023,5,10,20,15,789
2023,5,10,20,30,888
2023,5,10,20,45,955
2023,5,10,21,0,935
2023,5,10,21,15,911
2023,5,10,21,30,883
2023,5,10,21,45,823
2023,5,10,22,0,817
2023,5,10,22,15,779
2023,5,10,22,30,739
2023,5,10,22,45,696
2023,5,10,23,0,651
2023,5,10,23,15,603
2023,5,10,23,30,554
2023,5,10,23,45,502
2023,5,11,0,0,450
2023,5,11,0,15,397
2023,5,11,0,30,344
2023,5,11,0,45,292
2023,5,11,1,0,239
2023,5,11,1,15,188
2023,5,11,1,30,140
2023,5,11,1,45,95
2023,5,11,2,0,55
2023,5,11,2,15,23
2023,5,11,2,30,0
2023,5,11,2,45,0
2023,5,11,3,0,0
2023,5,11,3,15,0
2023,5,11,3,30,0
2023,5,11,3,45,0
2023,5,11,4,0,0
2023,5,11,4,15,0
2023,5,11,4,30,0
2023,5,11,4,45,0
2023,5,11,5,0,0
2023,5,11,5,15,0
2023,5,11,5,30,0
2023,5,11,5,45,0
2023,5,11,6,0,0
2023,5,11,6,15,0
2023,5,11,6,30,0
2023,5,11,6,45,0
2023,5,11,7,0,0
2023,5,11,7,15,0
2023,5,11,7,30,0
2023,5,11,7,45,0
2023,5,11,8,0,0
2023,5,11,8,15,0
2023,5,11,8,30,0
2023,5,11,8,45,0
2023,5,11,9,0,0
2023,5,11,9,15,0
2023,5,11,9,30,0
2023,5,11,9,45,0
2023,5,11,10,0,0
2023,5,11,10,15,0
2023,5,11,10,30,0
2023,5,11,10,45,0
2023,5,11,11,0,0
2023,5,11,11,15,0
2023,5,11,11,30,0
2023,5,11,11,45,0
2023,5,11,12,0,0
2023,5,11,12,15,0
2023,5,11,12,30,0
2023,5,11,12,45,0
2023,5,11,13,0,32
2023,5,11,13,15,68
2023,5,11,13,30,111
2023,5,11,13,45,158
2023,5,11,14,0,209
2023,5,11,14,15,261
2023,5,11,14,30,315
2023,5,11,14,45,369
2023,5,11,15,0,423
2023,5,11,15,15,476
2023,5,11,15,30,529
2023,5,11,15,45,580
2023,5,11,16,0,629
2023,5,11,16,15,677
2023,5,11,16,30,722
2023,5,11,16,45,765
2023,5,11,17,0,808
2023,5,11,17,15,844
2023,5,11,17,30,878
2023,5,11,17,45,921
2023,5,11,18,0,947
2023,5,11,18,15,971
2023,5,11,18,30,990
2023,5,11,18,45,1006
2023,5,11,19,0,1018
2023,5,11,19,15,1026
2023,5,11,19,30,1029
2023,5,11,19,45,1029
2023,5,11,20,0,1028
2023,5,11,20,15,1020
2023,5,11,20,30,1007
2023,5,11,20,45,988
2023,5,11,21,0,969
2023,5,11,21,15,945
2023,5,11,21,30,917
2023,5,11,21,45,886
2023,5,11,22,0,851
2023,5,11,22,15,814
2023,5,11,22,30,773
2023,5,11,22,45,729
2023,5,11,23,0,681
2023,5,11,23,15,633
2023,5,11,23,30,584
2023,5,11,23,45,531
2023,5,12,0,0,479
2023,5,12,0,15,425
2023,5,12,0,30,371
2023,5,12,0,45,316
2023,5,12,1,0,262
2023,5,12,1,15,209
2023,5,12,1,30,158
2023,5,12,1,45,109
2023,5,12,2,0,66
2023,5,12,2,15,30
2023,5,12,2,30,0
2023,5,12,2,45,0
2023,5,12,3,0,0
2023,5,12,3,15,0
2023,5,12,3,30,0
2023,5,12,3,45,0
2023,5,12,4,0,0
2023,5,12,4,15,0
2023,5,12,4,30,0
2023,5,12,4,45,0
2023,5,12,5,0,0
2023,5,12,5,15,0
2023,5,12,5,30,0
2023,5,12,5,45,0
2023,5,12,6,0,0
2023,5,12,6,15,0
2023,5,12,6,30,0
2023,5,12,6,45,0
2023,5,12,7,0,0
2023,5,12,7,15,0
2023,5,12,7,30,0
2023,5,12,7,45,0
2023,5,12,8,0,0
2023,5,12,8,15,0
2023,5,12,8,30,0
2023,5,12,8,45,0
2023,5,12,9,0,0
2023,5,12,9,15,0
2023,5,12,9,30,0
2023,5,12,9,45,0
2023,5,12,10,0,0
2023,5,12,10,15,0
2023,5,12,10,30,0
2023,5,12,10,45,0
2023,5,12,11,0,0
2023,5,12,11,15,0
2023,5,12,11,30,0
2023,5,12,11,45,0
2023,5,12,12,0,0
2023,5,12,12,15,0
2023,5,12,12,30,0
2023,5,12,12,45,11
2023,5,12,13,0,36
2023,5,12,13,15,73
2023,5,12,13,30,117
2023,5,12,13,45,165
2023,5,12,14,0,216
2023,5,12,14,15,269
2023,5,12,14,30,323
2023,5,12,14,45,377
2023,5,12,15,0,431
2023,5,12,15,15,484
2023,5,12,15,30,536
2023,5,12,15,45,587
2023,5,12,16,0,636
2023,5,12,16,15,684
2023,5,12,16,30,731
2023,5,12,16,45,773
2023,5,12,17,0,813
2023,5,12,17,15,850
2023,5,12,17,30,884
2023,5,12,17,45,902
2023,5,12,18,0,929
2023,5,12,18,15,952
2023,5,12,18,30,972
2023,5,12,18,45,987
2023,5,12,19,0,998
2023,5,12,19,15,1009
2023,5,12,19,30,1013
2023,5,12,19,45,1013
2023,5,12,20,0,1009
2023,5,12,20,15,1000
2023,5,12,20,30,988
2023,5,12,20,45,964
2023,5,12,21,0,944
2023,5,12,21,15,920
2023,5,12,21,30,892
2023,5,12,21,45,862
2023,5,12,22,0,828
2023,5,12,22,15,791
2023,5,12,22,30,750
2023,5,12,22,45,709
2023,5,12,23,0,664
2023,5,12,23,15,616
2023,5,12,23,30,567
2023,5,12,23,45,519
2023,5,13,0,0,468
2023,5,13,0,15,414
2023,5,13,0,30,360
2023,5,13,0,45,309
2023,5,13,1,0,256
2023,5,13,1,15,203
2023,5,13,1,30,153
2023,5,13,1,45,103
2023,5,13,2,0,50
2023,5,13,2,15,30
2023,5,13,2,30,0
2023,5,13,2,45,0
2023,5,13,3,0,0
2023,5,13,3,15,0
2023,5,13,3,30,0
2023,5,13,3,45,0
2023,5,13,4,0,0
2023,5,13,4,15,0
2023,5,13,4,30,0
2023,5,13,4,45,0
2023,5,13,5,0,0
2023,5,13,5,15,0
2023,5,13,5,30,0
2023,5,13,5,45,0
2023,5,13,6,0,0
2023,5,13,6,15,0
2023,5,13,6,30,0
2023,5,13,6,45,0
2023,5,13,7,0,0
2023,5,13,7,15,0
2023,5,13,7,30,0
2023,5,13,7,45,0
2023,5,13,8,0,0
2023,5,13,8,15,0
2023,5,13,8,30,0
2023,5,13,8,45,0
2023,5,13,9,0,0
2023,5,13,9,15,0
2023,5,13,9,30,0
2023,5,13,9,45,0
2023,5,13,10,0,0
2023,5,13,10,15,0
2023,5,13,10,30,0
2023,5,13,10,45,0
2023,5,13,11,0,0
2023,5,13,11,15,0
2023,5,13,11,30,0
2023,5,13,11,45,0
2023,5,13,12,0,0
2023,5,13,12,15,0
2023,5,13,12,30,0
2023,5,13,12,45,13
2023,5,13,13,0,40
2023,5,13,13,15,78
2023,5,13,13,30,123
2023,5,13,13,45,173
2023,5,13,14,0,224
2023,5,13,14,15,278
2023,5,13,14,30,332
2023,5,13,14,45,385
2023,5,13,15,0,439
2023,5,13,15,15,492
2023,5,13,15,30,544
2023,5,13,15,45,595
2023,5,13,16,0,644
2023,5,13,16,15,691
2023,5,13,16,30,736
2023,5,13,16,45,779
2023,5,13,17,0,818
2023,5,13,17,15,855
2023,5,13,17,30,888
2023,5,13,17,45,920
2023,5,13,18,0,947
2023,5,13,18,15,970
2023,5,13,18,30,992
2023,5,13,18,45,1008
2023,5,13,19,0,1019
2023,5,13,19,15,1027
2023,5,13,19,30,1031
2023,5,13,19,45,1030
2023,5,13,20,0,1026
2023,5,13,20,15,1017
2023,5,13,20,30,1005
2023,5,13,20,45,982
2023,5,13,21,0,964
2023,5,13,21,15,941
2023,5,13,21,30,913
2023,5,13,21,45,881
2023,5,13,22,0,847
2023,5,13,22,15,810
2023,5,13,22,30,770
2023,5,13,22,45,725
2023,5,13,23,0,680
2023,5,13,23,15,632
2023,5,13,23,30,583
2023,5,13,23,45,531
2023,5,14,0,0,477
2023,5,14,0,15,423
2023,5,14,0,30,369
2023,5,14,0,45,315
2023,5,14,1,0,261
2023,5,14,1,15,209
2023,5,14,1,30,158
2023,5,14,1,45,110
2023,5,14,2,0,67
2023,5,14,2,15,32
2023,5,14,2,30,0
2023,5,14,2,45,0
2023,5,14,3,0,0
2023,5,14,3,15,0
2023,5,14,3,30,0
2023,5,14,3,45,0
2023,5,14,4,0,0
2023,5,14,4,15,0
2023,5,14,4,30,0
2023,5,14,4,45,0
2023,5,14,5,0,0
2023,5,14,5,15,0
2023,5,14,5,30,0
2023,5,14,5,45,0
2023,5,14,6,0,0
2023,5,14,6,15,0
2023,5,14,6,30,0
2023,5,14,6,45,0
2023,5,14,7,0,0
2023,5,14,7,15,0
2023,5,14,7,30,0
2023,5,14,7,45,0
2023,5,14,8,0,0
2023,5,14,8,15,0
2023,5,14,8,30,0
2023,5,14,8,45,0
2023,5,14,9,0,0
2023,5,14,9,15,0
2023,5,14,9,30,0
2023,5,14,9,45,0
2023,5,14,10,0,0
2023,5,14,10,15,0
2023,5,14,10,30,0
2023,5,14,10,45,0
2023,5,14,11,0,0
2023,5,14,11,15,0
2023,5,14,11,30,0
2023,5,14,11,45,0
2023,5,14,12,0,0
2023,5,14,12,15,0
2023,5,14,12,30,0
2023,5,14,12,45,12
2023,5,14,13,0,38
2023,5,14,13,15,75
2023,5,14,13,30,118
2023,5,14,13,45,165
2023,5,14,14,0,215
2023,5,14,14,15,267
2023,5,14,14,30,319
2023,5,14,14,45,373
2023,5,14,15,0,426
2023,5,14,15,15,478
2023,5,14,15,30,530
2023,5,14,15,45,582
2023,5,14,16,0,631
2023,5,14,16,15,678
2023,5,14,16,30,722
2023,5,14,16,45,765
2023,5,14,17,0,804
2023,5,14,17,15,602
2023,5,14,17,30,876
2023,5,14,17,45,907
2023,5,14,18,0,934
2023,5,14,18,15,957
2023,5,14,18,30,835
2023,5,14,18,45,991
2023,5,14,19,0,1003
2023,5,14,19,15,1011
2023,5,14,19,30,1014
2023,5,14,19,45,1011
2023,5,14,20,0,1007
2023,5,14,20,15,998
2023,5,14,20,30,986
2023,5,14,20,45,927
2023,5,14,21,0,934
2023,5,14,21,15,910
2023,5,14,21,30,883
2023,5,14,21,45,852
2023,5,14,22,0,625
2023,5,14,22,15,701
2023,5,14,22,30,744
2023,5,14,22,45,703
2023,5,14,23,0,658
2023,5,14,23,15,611
2023,5,14,23,30,562
2023,5,14,23,45,515
2023,5,15,0,0,463
2023,5,15,0,15,410
2023,5,15,0,30,359
2023,5,15,0,45,309
2023,5,15,1,0,256
2023,5,15,1,15,204
2023,5,15,1,30,154
2023,5,15,1,45,110
2023,5,15,2,0,68
2023,5,15,2,15,31
2023,5,15,2,30,0
2023,5,15,2,45,0
2023,5,15,3,0,0
2023,5,15,3,15,0
2023,5,15,3,30,0
2023,5,15,3,45,0
2023,5,15,4,0,0
2023,5,15,4,15,0
2023,5,15,4,30,0
2023,5,15,4,45,0
2023,5,15,5,0,0
2023,5,15,5,15,0
2023,5,15,5,30,0
2023,5,15,5,45,0
2023,5,15,6,0,0
2023,5,15,6,15,0
2023,5,15,6,30,0
2023,5,15,6,45,0
2023,5,15,7,0,0
2023,5,15,7,15,0
2023,5,15,7,30,0
2023,5,15,7,45,0
2023,5,15,8,0,0
2023,5,15,8,15,0
2023,5,15,8,30,0
2023,5,15,8,45,0
2023,5,15,9,0,0
2023,5,15,9,15,0
2023,5,15,9,30,0
2023,5,15,9,45,0
2023,5,15,10,0,0
2023,5,15,10,15,0
2023,5,15,10,30,0
2023,5,15,10,45,0
2023,5,15,11,0,0
2023,5,15,11,15,0
2023,5,15,11,30,0
2023,5,15,11,45,0
2023,5,15,12,0,0
2023,5,15,12,15,0
2023,5,15,12,30,0
2023,5,15,12,45,13
2023,5,15,13,0,39
2023,5,15,13,15,77
2023,5,15,13,30,120
2023,5,15,13,45,168
2023,5,15,14,0,217
2023,5,15,14,15,269
2023,5,15,14,30,322
2023,5,15,14,45,376
2023,5,15,15,0,429
2023,5,15,15,15,482
2023,5,15,15,30,533
2023,5,15,15,45,582
2023,5,15,16,0,631
2023,5,15,16,15,678
2023,5,15,16,30,722
2023,5,15,16,45,765
2023,5,15,17,0,804
2023,5,15,17,15,840
2023,5,15,17,30,874
2023,5,15,17,45,910
2023,5,15,18,0,937
2023,5,15,18,15,960
2023,5,15,18,30,979
2023,5,15,18,45,996
2023,5,15,19,0,1007
2023,5,15,19,15,1015
2023,5,15,19,30,1019
2023,5,15,19,45,1018
2023,5,15,20,0,1011
2023,5,15,20,15,1003
2023,5,15,20,30,991
2023,5,15,20,45,746
2023,5,15,21,0,945
2023,5,15,21,15,922
2023,5,15,21,30,895
2023,5,15,21,45,779
2023,5,15,22,0,829
2023,5,15,22,15,793
2023,5,15,22,30,660
2023,5,15,22,45,630
2023,5,15,23,0,491
2023,5,15,23,15,621
2023,5,15,23,30,573
2023,5,15,23,45,523
2023,5,16,0,0,432
2023,5,16,0,15,230
2023,5,16,0,30,292
2023,5,16,0,45,232
2023,5,16,1,0,249
2023,5,16,1,15,208
2023,5,16,1,30,126
2023,5,16,1,45,112
2023,5,16,2,0,70
2023,5,16,2,15,34
2023,5,16,2,30,6
2023,5,16,2,45,0
2023,5,16,3,0,0
2023,5,16,3,15,0
2023,5,16,3,30,0
2023,5,16,3,45,0
2023,5,16,4,0,0
2023,5,16,4,15,0
2023,5,16,4,30,0
2023,5,16,4,45,0
2023,5,16,5,0,0
2023,5,16,5,15,0
2023,5,16,5,30,0
2023,5,16,5,45,0
2023,5,16,6,0,0
2023,5,16,6,15,0
2023,5,16,6,30,0
2023,5,16,6,45,0
2023,5,16,7,0,0
2023,5,16,7,15,0
2023,5,16,7,30,0
2023,5,16,7,45,0
2023,5,16,8,0,0
2023,5,16,8,15,0
2023,5,16,8,30,0
2023,5,16,8,45,0
2023,5,16,9,0,0
2023,5,16,9,15,0
2023,5,16,9,30,0
2023,5,16,9,45,0
2023,5,16,10,0,0
2023,5,16,10,15,0
2023,5,16,10,30,0
2023,5,16,10,45,0
2023,5,16,11,0,0
2023,5,16,11,15,0
2023,5,16,11,30,0
2023,5,16,11,45,0
2023,5,16,12,0,0
2023,5,16,12,15,0
2023,5,16,12,30,0
2023,5,16,12,45,10
2023,5,16,13,0,30
2023,5,16,13,15,71
2023,5,16,13,30,114
2023,5,16,13,45,169
2023,5,16,14,0,219
2023,5,16,14,15,250
2023,5,16,14,30,322
2023,5,16,14,45,375
2023,5,16,15,0,376
2023,5,16,15,15,478
2023,5,16,15,30,529
2023,5,16,15,45,579
2023,5,16,16,0,626
2023,5,16,16,15,673
2023,5,16,16,30,717
2023,5,16,16,45,757
2023,5,16,17,0,796
2023,5,16,17,15,829
2023,5,16,17,30,862
2023,5,16,17,45,895
2023,5,16,18,0,921
2023,5,16,18,15,943
2023,5,16,18,30,962
2023,5,16,18,45,743
2023,5,16,19,0,497
2023,5,16,19,15,464
2023,5,16,19,30,514
2023,5,16,19,45,645
2023,5,16,20,0,64
2023,5,16,20,15,159
2023,5,16,20,30,53
2023,5,16,20,45,857
2023,5,16,21,0,719
2023,5,16,21,15,577
2023,5,16,21,30,684
2023,5,16,21,45,650
2023,5,16,22,0,830
2023,5,16,22,15,386
2023,5,16,22,30,478
2023,5,16,22,45,600
2023,5,16,23,0,229
2023,5,16,23,15,486
2023,5,16,23,30,463
2023,5,16,23,45,443
2023,5,17,0,0,421
2023,5,17,0,15,361
2023,5,17,0,30,267
2023,5,17,0,45,148
2023,5,17,1,0,226
2023,5,17,1,15,109
2023,5,17,1,30,127
2023,5,17,1,45,114
2023,5,17,2,0,52
2023,5,17,2,15,26
2023,5,17,2,30,13
2023,5,17,2,45,0
2023,5,17,3,0,0
2023,5,17,3,15,0
2023,5,17,3,30,0
2023,5,17,3,45,0
2023,5,17,4,0,0
2023,5,17,4,15,0
2023,5,17,4,30,0
2023,5,17,4,45,0
2023,5,17,5,0,0
2023,5,17,5,15,0
2023,5,17,5,30,0
2023,5,17,5,45,0
2023,5,17,6,0,0
2023,5,17,6,15,0
2023,5,17,6,30,0
2023,5,17,6,45,0
2023,5,17,7,0,0
2023,5,17,7,15,0
2023,5,17,7,30,0
2023,5,17,7,45,0
2023,5,17,8,0,0
2023,5,17,8,15,0
2023,5,17,8,30,0
2023,5,17,8,45,0
2023,5,17,9,0,0
2023,5,17,9,15,0
2023,5,17,9,30,0
2023,5,17,9,45,0
2023,5,17,10,0,0
2023,5,17,10,15,0
2023,5,17,10,30,0
2023,5,17,10,45,0
2023,5,17,11,0,0
2023,5,17,11,15,0
2023,5,17,11,30,0
2023,5,17,11,45,0
2023,5,17,12,0,0
2023,5,17,12,15,0
2023,5,17,12,30,0
2023,5,17,12,45,8
2023,5,17,13,0,33
2023,5,17,13,15,58
2023,5,17,13,30,101
2023,5,17,13,45,48
2023,5,17,14,0,136
2023,5,17,14,15,28
2023,5,17,14,30,308
2023,5,17,14,45,381
2023,5,17,15,0,433
2023,5,17,15,15,483
2023,5,17,15,30,534
2023,5,17,15,45,582
2023,5,17,16,0,630
2023,5,17,16,15,676
2023,5,17,16,30,719
2023,5,17,16,45,759
2023,5,17,17,0,796
2023,5,17,17,15,831
2023,5,17,17,30,865
2023,5,17,17,45,892
2023,5,17,18,0,918
2023,5,17,18,15,941
2023,5,17,18,30,960
2023,5,17,18,45,974
2023,5,17,19,0,985
2023,5,17,19,15,992
2023,5,17,19,30,996
2023,5,17,19,45,994
2023,5,17,20,0,990
2023,5,17,20,15,982
2023,5,17,20,30,970
2023,5,17,20,45,842
2023,5,17,21,0,824
2023,5,17,21,15,709
2023,5,17,21,30,681
2023,5,17,21,45,632
2023,5,17,22,0,615
2023,5,17,22,15,780
2023,5,17,22,30,741
2023,5,17,22,45,700
2023,5,17,23,0,656
2023,5,17,23,15,610
2023,5,17,23,30,564
2023,5,17,23,45,514
2023,5,18,0,0,464
2023,5,18,0,15,395
2023,5,18,0,30,225
2023,5,18,0,45,309
2023,5,18,1,0,217
2023,5,18,1,15,44
2023,5,18,1,30,97
2023,5,18,1,45,10
2023,5,18,2,0,30
2023,5,18,2,15,29
2023,5,18,2,30,11
2023,5,18,2,45,0
2023,5,18,3,0,0
2023,5,18,3,15,0
2023,5,18,3,30,0
2023,5,18,3,45,0
2023,5,18,4,0,0
2023,5,18,4,15,0
2023,5,18,4,30,0
2023,5,18,4,45,0
2023,5,18,5,0,0
2023,5,18,5,15,0
2023,5,18,5,30,0
2023,5,18,5,45,0
2023,5,18,6,0,0
2023,5,18,6,15,0
2023,5,18,6,30,0
2023,5,18,6,45,0
2023,5,18,7,0,0
2023,5,18,7,15,0
2023,5,18,7,30,0
2023,5,18,7,45,0
2023,5,18,8,0,0
2023,5,18,8,15,0
2023,5,18,8,30,0
2023,5,18,8,45,0
2023,5,18,9,0,0
2023,5,18,9,15,0
2023,5,18,9,30,0
2023,5,18,9,45,0
2023,5,18,10,0,0
2023,5,18,10,15,0
2023,5,18,10,30,0
2023,5,18,10,45,0
2023,5,18,11,0,0
2023,5,18,11,15,0
2023,5,18,11,30,0
2023,5,18,11,45,0
2023,5,18,12,0,0
2023,5,18,12,15,0
2023,5,18,12,30,0
2023,5,18,12,45,15
2023,5,18,13,0,43
2023,5,18,13,15,79
2023,5,18,13,30,121
2023,5,18,13,45,169
2023,5,18,14,0,218
2023,5,18,14,15,268
2023,5,18,14,30,320
2023,5,18,14,45,373
2023,5,18,15,0,425
2023,5,18,15,15,477
2023,5,18,15,30,527
2023,5,18,15,45,577
2023,5,18,16,0,625
2023,5,18,16,15,671
2023,5,18,16,30,714
2023,5,18,16,45,757
2023,5,18,17,0,796
2023,5,18,17,15,831
2023,5,18,17,30,863
2023,5,18,17,45,907
2023,5,18,18,0,933
2023,5,18,18,15,956
2023,5,18,18,30,975
2023,5,18,18,45,990
2023,5,18,19,0,1001
2023,5,18,19,15,1009
2023,5,18,19,30,1012
2023,5,18,19,45,1014
2023,5,18,20,0,1010
2023,5,18,20,15,1002
2023,5,18,20,30,990
2023,5,18,20,45,972
2023,5,18,21,0,952
2023,5,18,21,15,931
2023,5,18,21,30,905
2023,5,18,21,45,874
2023,5,18,22,0,841
2023,5,18,22,15,804
2023,5,18,22,30,765
2023,5,18,22,45,725
2023,5,18,23,0,681
2023,5,18,23,15,634
2023,5,18,23,30,586
2023,5,18,23,45,536
2023,5,19,0,0,485
2023,5,19,0,15,434
2023,5,19,0,30,381
2023,5,19,0,45,328
2023,5,19,1,0,275
2023,5,19,1,15,223
2023,5,19,1,30,172
2023,5,19,1,45,124
2023,5,19,2,0,69
2023,5,19,2,15,16
2023,5,19,2,30,8
2023,5,19,2,45,0
2023,5,19,3,0,0
2023,5,19,3,15,0
2023,5,19,3,30,0
2023,5,19,3,45,0
2023,5,19,4,0,0
2023,5,19,4,15,0
2023,5,19,4,30,0
2023,5,19,4,45,0
2023,5,19,5,0,0
2023,5,19,5,15,0
2023,5,19,5,30,0
2023,5,19,5,45,0
2023,5,19,6,0,0
2023,5,19,6,15,0
2023,5,19,6,30,0
2023,5,19,6,45,0
2023,5,19,7,0,0
2023,5,19,7,15,0
2023,5,19,7,30,0
2023,5,19,7,45,0
2023,5,19,8,0,0
2023,5,19,8,15,0
2023,5,19,8,30,0
2023,5,19,8,45,0
2023,5,19,9,0,0
2023,5,19,9,15,0
2023,5,19,9,30,0
2023,5,19,9,45,0
2023,5,19,10,0,0
2023,5,19,10,15,0
2023,5,19,10,30,0
2023,5,19,10,45,0
2023,5,19,11,0,0
2023,5,19,11,15,0
2023,5,19,11,30,0
2023,5,19,11,45,0
2023,5,19,12,0,0
2023,5,19,12,15,0
2023,5,19,12,30,0
2023,5,19,12,45,17
2023,5,19,13,0,46
2023,5,19,13,15,83
2023,5,19,13,30,127
2023,5,19,13,45,174
2023,5,19,14,0,182
2023,5,19,14,15,229
2023,5,19,14,30,328
2023,5,19,14,45,349
2023,5,19,15,0,433
2023,5,19,15,15,483
2023,5,19,15,30,534
2023,5,19,15,45,583
2023,5,19,16,0,631
2023,5,19,16,15,670
2023,5,19,16,30,720
2023,5,19,16,45,761
2023,5,19,17,0,687
2023,5,19,17,15,793
2023,5,19,17,30,528
2023,5,19,17,45,625
2023,5,19,18,0,921
2023,5,19,18,15,792
2023,5,19,18,30,962
2023,5,19,18,45,976
2023,5,19,19,0,988
2023,5,19,19,15,995
2023,5,19,19,30,999
2023,5,19,19,45,998
2023,5,19,20,0,994
2023,5,19,20,15,985
2023,5,19,20,30,973
2023,5,19,20,45,952
2023,5,19,21,0,933
2023,5,19,21,15,910
2023,5,19,21,30,883
2023,5,19,21,45,852
2023,5,19,22,0,819
2023,5,19,22,15,783
2023,5,19,22,30,745
2023,5,19,22,45,702
2023,5,19,23,0,659
2023,5,19,23,15,613
2023,5,19,23,30,565
2023,5,19,23,45,515
2023,5,20,0,0,465
2023,5,20,0,15,378
2023,5,20,0,30,356
2023,5,20,0,45,235
2023,5,20,1,0,212
2023,5,20,1,15,5
2023,5,20,1,30,46
2023,5,20,1,45,115
2023,5,20,2,0,63
2023,5,20,2,15,34
2023,5,20,2,30,10
2023,5,20,2,45,0
2023,5,20,3,0,0
2023,5,20,3,15,0
2023,5,20,3,30,0
2023,5,20,3,45,0
2023,5,20,4,0,0
2023,5,20,4,15,0
2023,5,20,4,30,0
2023,5,20,4,45,0
2023,5,20,5,0,0
2023,5,20,5,15,0
2023,5,20,5,30,0
2023,5,20,5,45,0
2023,5,20,6,0,0
2023,5,20,6,15,0
2023,5,20,6,30,0
2023,5,20,6,45,0
2023,5,20,7,0,0
2023,5,20,7,15,0
2023,5,20,7,30,0
2023,5,20,7,45,0
2023,5,20,8,0,0
2023,5,20,8,15,0
2023,5,20,8,30,0
2023,5,20,8,45,0
2023,5,20,9,0,0
2023,5,20,9,15,0
2023,5,20,9,30,0
2023,5,20,9,45,0
2023,5,20,10,0,0
2023,5,20,10,15,0
2023,5,20,10,30,0
2023,5,20,10,45,0
2023,5,20,11,0,0
2023,5,20,11,15,0
2023,5,20,11,30,0
2023,5,20,11,45,0
2023,5,20,12,0,0
2023,5,20,12,15,0
2023,5,20,12,30,0
2023,5,20,12,45,16
2023,5,20,13,0,43
2023,5,20,13,15,79
2023,5,20,13,30,121
2023,5,20,13,45,167
2023,5,20,14,0,216
2023,5,20,14,15,266
2023,5,20,14,30,316
2023,5,20,14,45,367
2023,5,20,15,0,419
2023,5,20,15,15,469
2023,5,20,15,30,519
2023,5,20,15,45,525
2023,5,20,16,0,547
2023,5,20,16,15,660
2023,5,20,16,30,577
2023,5,20,16,45,731
2023,5,20,17,0,782
2023,5,20,17,15,817
2023,5,20,17,30,848
2023,5,20,17,45,891
2023,5,20,18,0,804
2023,5,20,18,15,939
2023,5,20,18,30,873
2023,5,20,18,45,885
2023,5,20,19,0,788
2023,5,20,19,15,774
2023,5,20,19,30,582
2023,5,20,19,45,766
2023,5,20,20,0,991
2023,5,20,20,15,983
2023,5,20,20,30,971
2023,5,20,20,45,953
2023,5,20,21,0,936
2023,5,20,21,15,738
2023,5,20,21,30,716
2023,5,20,21,45,857
2023,5,20,22,0,824
2023,5,20,22,15,789
2023,5,20,22,30,750
2023,5,20,22,45,709
2023,5,20,23,0,667
2023,5,20,23,15,621
2023,5,20,23,30,573
2023,5,20,23,45,259
2023,5,21,0,0,378
2023,5,21,0,15,384
2023,5,21,0,30,267
2023,5,21,0,45,290
2023,5,21,1,0,28
2023,5,21,1,15,10
2023,5,21,1,30,4
2023,5,21,1,45,3
2023,5,21,2,0,51
2023,5,21,2,15,33
2023,5,21,2,30,12
2023,5,21,2,45,0
2023,5,21,3,0,0
2023,5,21,3,15,0
2023,5,21,3,30,0
2023,5,21,3,45,0
2023,5,21,4,0,0
2023,5,21,4,15,0
2023,5,21,4,30,0
2023,5,21,4,45,0
2023,5,21,5,0,0
2023,5,21,5,15,0
2023,5,21,5,30,0
2023,5,21,5,45,0
2023,5,21,6,0,0
2023,5,21,6,15,0
2023,5,21,6,30,0
2023,5,21,6,45,0
2023,5,21,7,0,0
2023,5,21,7,15,0
2023,5,21,7,30,0
2023,5,21,7,45,0
2023,5,21,8,0,0
2023,5,21,8,15,0
2023,5,21,8,30,0
2023,5,21,8,45,0
2023,5,21,9,0,0
2023,5,21,9,15,0
2023,5,21,9,30,0
2023,5,21,9,45,0
2023,5,21,10,0,0
2023,5,21,10,15,0
2023,5,21,10,30,0
2023,5,21,10,45,0
2023,5,21,11,0,0
2023,5,21,11,15,0
2023,5,21,11,30,0
2023,5,21,11,45,0
2023,5,21,12,0,0
2023,5,21,12,15,0
2023,5,21,12,30,0
2023,5,21,12,45,18
2023,5,21,13,0,47
2023,5,21,13,15,84
2023,5,21,13,30,125
2023,5,21,13,45,172
2023,5,21,14,0,221
2023,5,21,14,15,271
2023,5,21,14,30,322
2023,5,21,14,45,376
2023,5,21,15,0,428
2023,5,21,15,15,479
2023,5,21,15,30,528
2023,5,21,15,45,579
2023,5,21,16,0,627
2023,5,21,16,15,673
2023,5,21,16,30,716
2023,5,21,16,45,757
2023,5,21,17,0,795
2023,5,21,17,15,832
2023,5,21,17,30,865
2023,5,21,17,45,898
2023,5,21,18,0,924
2023,5,21,18,15,948
2023,5,21,18,30,967
2023,5,21,18,45,983
2023,5,21,19,0,997
2023,5,21,19,15,1005
2023,5,21,19,30,1008
2023,5,21,19,45,1009
2023,5,21,20,0,1007
2023,5,21,20,15,999
2023,5,21,20,30,986
2023,5,21,20,45,970
2023,5,21,21,0,951
2023,5,21,21,15,928
2023,5,21,21,30,901
2023,5,21,21,45,875
2023,5,21,22,0,841
2023,5,21,22,15,805
2023,5,21,22,30,766
2023,5,21,22,45,727
2023,5,21,23,0,683
2023,5,21,23,15,637
2023,5,21,23,30,589
2023,5,21,23,45,539
2023,5,22,0,0,488
2023,5,22,0,15,438
2023,5,22,0,30,385
2023,5,22,0,45,332
2023,5,22,1,0,279
2023,5,22,1,15,228
2023,5,22,1,30,177
2023,5,22,1,45,129
2023,5,22,2,0,70
2023,5,22,2,15,32
2023,5,22,2,30,13
2023,5,22,2,45,0
2023,5,22,3,0,0
2023,5,22,3,15,0
2023,5,22,3,30,0
2023,5,22,3,45,0
2023,5,22,4,0,0
2023,5,22,4,15,0
2023,5,22,4,30,0
2023,5,22,4,45,0
2023,5,22,5,0,0
2023,5,22,5,15,0
2023,5,22,5,30,0
2023,5,22,5,45,0
2023,5,22,6,0,0
2023,5,22,6,15,0
2023,5,22,6,30,0
2023,5,22,6,45,0
2023,5,22,7,0,0
2023,5,22,7,15,0
2023,5,22,7,30,0
2023,5,22,7,45,0
2023,5,22,8,0,0
2023,5,22,8,15,0
2023,5,22,8,30,0
2023,5,22,8,45,0
2023,5,22,9,0,0
2023,5,22,9,15,0
2023,5,22,9,30,0
2023,5,22,9,45,0
2023,5,22,10,0,0
2023,5,22,10,15,0
2023,5,22,10,30,0
2023,5,22,10,45,0
2023,5,22,11,0,0
2023,5,22,11,15,0
2023,5,22,11,30,0
2023,5,22,11,45,0
2023,5,22,12,0,0
2023,5,22,12,15,0
2023,5,22,12,30,0
2023,5,22,12,45,20
2023,5,22,13,0,49
2023,5,22,13,15,87
2023,5,22,13,30,130
2023,5,22,13,45,176
2023,5,22,14,0,226
2023,5,22,14,15,276
2023,5,22,14,30,328
2023,5,22,14,45,379
2023,5,22,15,0,431
2023,5,22,15,15,482
2023,5,22,15,30,532
2023,5,22,15,45,581
2023,5,22,16,0,628
2023,5,22,16,15,675
2023,5,22,16,30,719
2023,5,22,16,45,761
2023,5,22,17,0,798
2023,5,22,17,15,834
2023,5,22,17,30,866
2023,5,22,17,45,903
2023,5,22,18,0,929
2023,5,22,18,15,951
2023,5,22,18,30,970
2023,5,22,18,45,986
2023,5,22,19,0,997
2023,5,22,19,15,1007
2023,5,22,19,30,481
2023,5,22,19,45,858
2023,5,22,20,0,367
2023,5,22,20,15,40
2023,5,22,20,30,693
2023,5,22,20,45,748
2023,5,22,21,0,373
2023,5,22,21,15,746
2023,5,22,21,30,900
2023,5,22,21,45,685
2023,5,22,22,0,838
2023,5,22,22,15,802
2023,5,22,22,30,763
2023,5,22,22,45,721
2023,5,22,23,0,678
2023,5,22,23,15,632
2023,5,22,23,30,584
2023,5,22,23,45,359
2023,5,23,0,0,386
2023,5,23,0,15,298
2023,5,23,0,30,147
2023,5,23,0,45,205
2023,5,23,1,0,146
2023,5,23,1,15,43
2023,5,23,1,30,18
2023,5,23,1,45,62
2023,5,23,2,0,64
2023,5,23,2,15,31
2023,5,23,2,30,11
2023,5,23,2,45,0
2023,5,23,3,0,0
2023,5,23,3,15,0
2023,5,23,3,30,0
2023,5,23,3,45,0
2023,5,23,4,0,0
2023,5,23,4,15,0
2023,5,23,4,30,0
2023,5,23,4,45,0
2023,5,23,5,0,0
2023,5,23,5,15,0
2023,5,23,5,30,0
2023,5,23,5,45,0
2023,5,23,6,0,0
2023,5,23,6,15,0
2023,5,23,6,30,0
2023,5,23,6,45,0
2023,5,23,7,0,0
2023,5,23,7,15,0
2023,5,23,7,30,0
2023,5,23,7,45,0
2023,5,23,8,0,0
2023,5,23,8,15,0
2023,5,23,8,30,0
2023,5,23,8,45,0
2023,5,23,9,0,0
2023,5,23,9,15,0
2023,5,23,9,30,0
2023,5,23,9,45,0
2023,5,23,10,0,0
2023,5,23,10,15,0
2023,5,23,10,30,0
2023,5,23,10,45,0
2023,5,23,11,0,0
2023,5,23,11,15,0
2023,5,23,11,30,0
2023,5,23,11,45,0
2023,5,23,12,0,0
2023,5,23,12,15,0
2023,5,23,12,30,0
2023,5,23,12,45,23
2023,5,23,13,0,54
2023,5,23,13,15,94
2023,5,23,13,30,139
2023,5,23,13,45,187
2023,5,23,14,0,237
2023,5,23,14,15,289
2023,5,23,14,30,342
2023,5,23,14,45,394
2023,5,23,15,0,445
2023,5,23,15,15,497
2023,5,23,15,30,548
2023,5,23,15,45,596
2023,5,23,16,0,644
2023,5,23,16,15,689
2023,5,23,16,30,733
2023,5,23,16,45,773
2023,5,23,17,0,812
2023,5,23,17,15,847
2023,5,23,17,30,879
2023,5,23,17,45,909
2023,5,23,18,0,937
2023,5,23,18,15,960
2023,5,23,18,30,633
2023,5,23,18,45,993
2023,5,23,19,0,1004
2023,5,23,19,15,1015
2023,5,23,19,30,908
2023,5,23,19,45,1017
2023,5,23,20,0,1013
2023,5,23,20,15,1008
2023,5,23,20,30,996
2023,5,23,20,45,978
2023,5,23,21,0,961
2023,5,23,21,15,938
2023,5,23,21,30,911
2023,5,23,21,45,885
2023,5,23,22,0,852
2023,5,23,22,15,816
2023,5,23,22,30,776
2023,5,23,22,45,738
2023,5,23,23,0,693
2023,5,23,23,15,646
2023,5,23,23,30,598
2023,5,23,23,45,548
2023,5,24,0,0,497
2023,5,24,0,15,444
2023,5,24,0,30,391
2023,5,24,0,45,337
2023,5,24,1,0,284
2023,5,24,1,15,231
2023,5,24,1,30,181
2023,5,24,1,45,132
2023,5,24,2,0,87
2023,5,24,2,15,49
2023,5,24,2,30,19
2023,5,24,2,45,0
2023,5,24,3,0,0
2023,5,24,3,15,0
2023,5,24,3,30,0
2023,5,24,3,45,0
2023,5,24,4,0,0
2023,5,24,4,15,0
2023,5,24,4,30,0
2023,5,24,4,45,0
2023,5,24,5,0,0
2023,5,24,5,15,0
2023,5,24,5,30,0
2023,5,24,5,45,0
2023,5,24,6,0,0
2023,5,24,6,15,0
2023,5,24,6,30,0
2023,5,24,6,45,0
2023,5,24,7,0,0
2023,5,24,7,15,0
2023,5,24,7,30,0
2023,5,24,7,45,0
2023,5,24,8,0,0
2023,5,24,8,15,0
2023,5,24,8,30,0
2023,5,24,8,45,0
2023,5,24,9,0,0
2023,5,24,9,15,0
2023,5,24,9,30,0
2023,5,24,9,45,0
2023,5,24,10,0,0
2023,5,24,10,15,0
2023,5,24,10,30,0
2023,5,24,10,45,0
2023,5,24,11,0,0
2023,5,24,11,15,0
2023,5,24,11,30,0
2023,5,24,11,45,0
2023,5,24,12,0,0
2023,5,24,12,15,0
2023,5,24,12,30,0
2023,5,24,12,45,16
2023,5,24,13,0,42
2023,5,24,13,15,44
2023,5,24,13,30,143
2023,5,24,13,45,179
2023,5,24,14,0,229
2023,5,24,14,15,296
2023,5,24,14,30,333
2023,5,24,14,45,361
2023,5,24,15,0,404
2023,5,24,15,15,459
2023,5,24,15,30,562
2023,5,24,15,45,590
2023,5,24,16,0,661
2023,5,24,16,15,707
2023,5,24,16,30,752
2023,5,24,16,45,754
2023,5,24,17,0,831
2023,5,24,17,15,868
2023,5,24,17,30,902
2023,5,24,17,45,927
2023,5,24,18,0,954
2023,5,24,18,15,862
2023,5,24,18,30,744
2023,5,24,18,45,827
2023,5,24,19,0,867
2023,5,24,19,15,946
2023,5,24,19,30,907
2023,5,24,19,45,781
2023,5,24,20,0,1028
2023,5,24,20,15,1020
2023,5,24,20,30,1008
2023,5,24,20,45,991
2023,5,24,21,0,971
2023,5,24,21,15,948
2023,5,24,21,30,921
2023,5,24,21,45,892
2023,5,24,22,0,859
2023,5,24,22,15,822
2023,5,24,22,30,783
2023,5,24,22,45,742
2023,5,24,23,0,697
2023,5,24,23,15,651
2023,5,24,23,30,602
2023,5,24,23,45,552
2023,5,25,0,0,500
2023,5,25,0,15,448
2023,5,25,0,30,393
2023,5,25,0,45,339
2023,5,25,1,0,286
2023,5,25,1,15,233
2023,5,25,1,30,182
2023,5,25,1,45,133
2023,5,25,2,0,89
2023,5,25,2,15,50
2023,5,25,2,30,20
2023,5,25,2,45,0
2023,5,25,3,0,0
2023,5,25,3,15,0
2023,5,25,3,30,0
2023,5,25,3,45,0
2023,5,25,4,0,0
2023,5,25,4,15,0
2023,5,25,4,30,0
2023,5,25,4,45,0
2023,5,25,5,0,0
2023,5,25,5,15,0
2023,5,25,5,30,0
2023,5,25,5,45,0
2023,5,25,6,0,0
2023,5,25,6,15,0
2023,5,25,6,30,0
2023,5,25,6,45,0
2023,5,25,7,0,0
2023,5,25,7,15,0
2023,5,25,7,30,0
2023,5,25,7,45,0
2023,5,25,8,0,0
2023,5,25,8,15,0
2023,5,25,8,30,0
2023,5,25,8,45,0
2023,5,25,9,0,0
2023,5,25,9,15,0
2023,5,25,9,30,0
2023,5,25,9,45,0
2023,5,25,10,0,0
2023,5,25,10,15,0
2023,5,25,10,30,0
2023,5,25,10,45,0
2023,5,25,11,0,0
2023,5,25,11,15,0
2023,5,25,11,30,0
2023,5,25,11,45,0
2023,5,25,12,0,0
2023,5,25,12,15,0
2023,5,25,12,30,0
2023,5,25,12,45,22
2023,5,25,13,0,53
2023,5,25,13,15,92
2023,5,25,13,30,136
2023,5,25,13,45,184
2023,5,25,14,0,235
2023,5,25,14,15,288
2023,5,25,14,30,341
2023,5,25,14,45,393
2023,5,25,15,0,446
2023,5,25,15,15,499
2023,5,25,15,30,550
2023,5,25,15,45,599
2023,5,25,16,0,633
2023,5,25,16,15,668
2023,5,25,16,30,722
2023,5,25,16,45,753
2023,5,25,17,0,769
2023,5,25,17,15,761
2023,5,25,17,30,845
2023,5,25,17,45,863
2023,5,25,18,0,894
2023,5,25,18,15,855
2023,5,25,18,30,836
2023,5,25,18,45,787
2023,5,25,19,0,886
2023,5,25,19,15,916
2023,5,25,19,30,896
2023,5,25,19,45,883
2023,5,25,20,0,849
2023,5,25,20,15,824
2023,5,25,20,30,895
2023,5,25,20,45,875
2023,5,25,21,0,882
2023,5,25,21,15,804
2023,5,25,21,30,712
2023,5,25,21,45,791
2023,5,25,22,0,807
2023,5,25,22,15,738
2023,5,25,22,30,471
2023,5,25,22,45,750
2023,5,25,23,0,639
2023,5,25,23,15,596
2023,5,25,23,30,544
2023,5,25,23,45,560
2023,5,26,0,0,508
2023,5,26,0,15,455
2023,5,26,0,30,401
2023,5,26,0,45,348
2023,5,26,1,0,294
2023,5,26,1,15,241
2023,5,26,1,30,189
2023,5,26,1,45,139
2023,5,26,2,0,94
2023,5,26,2,15,54
2023,5,26,2,30,22
2023,5,26,2,45,0
2023,5,26,3,0,0
2023,5,26,3,15,0
2023,5,26,3,30,0
2023,5,26,3,45,0
2023,5,26,4,0,0
2023,5,26,4,15,0
2023,5,26,4,30,0
2023,5,26,4,45,0
2023,5,26,5,0,0
2023,5,26,5,15,0
2023,5,26,5,30,0
2023,5,26,5,45,0
2023,5,26,6,0,0
2023,5,26,6,15,0
2023,5,26,6,30,0
2023,5,26,6,45,0
2023,5,26,7,0,0
2023,5,26,7,15,0
2023,5,26,7,30,0
2023,5,26,7,45,0
2023,5,26,8,0,0
2023,5,26,8,15,0
2023,5,26,8,30,0
2023,5,26,8,45,0
2023,5,26,9,0,0
2023,5,26,9,15,0
2023,5,26,9,30,0
2023,5,26,9,45,0
2023,5,26,10,0,0
2023,5,26,10,15,0
2023,5,26,10,30,0
2023,5,26,10,45,0
2023,5,26,11,0,0
2023,5,26,11,15,0
2023,5,26,11,30,0
2023,5,26,11,45,0
2023,5,26,12,0,0
2023,5,26,12,15,0
2023,5,26,12,30,0
2023,5,26,12,45,25
2023,5,26,13,0,57
2023,5,26,13,15,98
2023,5,26,13,30,144
2023,5,26,13,45,193
2023,5,26,14,0,244
2023,5,26,14,15,297
2023,5,26,14,30,350
2023,5,26,14,45,402
2023,5,26,15,0,455
2023,5,26,15,15,508
2023,5,26,15,30,559
2023,5,26,15,45,609
2023,5,26,16,0,657
2023,5,26,16,15,703
2023,5,26,16,30,747
2023,5,26,16,45,792
2023,5,26,17,0,831
2023,5,26,17,15,867
2023,5,26,17,30,900
2023,5,26,17,45,930
2023,5,26,18,0,957
2023,5,26,18,15,980
2023,5,26,18,30,999
2023,5,26,18,45,1017
2023,5,26,19,0,1029
2023,5,26,19,15,1037
2023,5,26,19,30,1041
2023,5,26,19,45,1040
2023,5,26,20,0,1036
2023,5,26,20,15,1028
2023,5,26,20,30,1016
2023,5,26,20,45,999
2023,5,26,21,0,979
2023,5,26,21,15,956
2023,5,26,21,30,929
2023,5,26,21,45,900
2023,5,26,22,0,866
2023,5,26,22,15,830
2023,5,26,22,30,790
2023,5,26,22,45,749
2023,5,26,23,0,707
2023,5,26,23,15,660
2023,5,26,23,30,611
2023,5,26,23,45,560
2023,5,27,0,0,508
2023,5,27,0,15,455
2023,5,27,0,30,402
2023,5,27,0,45,348
2023,5,27,1,0,295
2023,5,27,1,15,242
2023,5,27,1,30,190
2023,5,27,1,45,141
2023,5,27,2,0,95
2023,5,27,2,15,55
2023,5,27,2,30,23
2023,5,27,2,45,0
2023,5,27,3,0,0
2023,5,27,3,15,0
2023,5,27,3,30,0
2023,5,27,3,45,0
2023,5,27,4,0,0
2023,5,27,4,15,0
2023,5,27,4,30,0
2023,5,27,4,45,0
2023,5,27,5,0,0
2023,5,27,5,15,0
2023,5,27,5,30,0
2023,5,27,5,45,0
2023,5,27,6,0,0
2023,5,27,6,15,0
2023,5,27,6,30,0
2023,5,27,6,45,0
2023,5,27,7,0,0
2023,5,27,7,15,0
2023,5,27,7,30,0
2023,5,27,7,45,0
2023,5,27,8,0,0
2023,5,27,8,15,0
2023,5,27,8,30,0
2023,5,27,8,45,0
2023,5,27,9,0,0
2023,5,27,9,15,0
2023,5,27,9,30,0
2023,5,27,9,45,0
2023,5,27,10,0,0
2023,5,27,10,15,0
2023,5,27,10,30,0
2023,5,27,10,45,0
2023,5,27,11,0,0
2023,5,27,11,15,0
2023,5,27,11,30,0
2023,5,27,11,45,0
2023,5,27,12,0,0
2023,5,27,12,15,0
2023,5,27,12,30,0
2023,5,27,12,45,26
2023,5,27,13,0,58
2023,5,27,13,15,98
2023,5,27,13,30,143
2023,5,27,13,45,192
2023,5,27,14,0,243
2023,5,27,14,15,295
2023,5,27,14,30,348
2023,5,27,14,45,400
2023,5,27,15,0,453
2023,5,27,15,15,505
2023,5,27,15,30,556
2023,5,27,15,45,606
2023,5,27,16,0,654
2023,5,27,16,15,700
2023,5,27,16,30,744
2023,5,27,16,45,786
2023,5,27,17,0,825
2023,5,27,17,15,861
2023,5,27,17,30,894
2023,5,27,17,45,928
2023,5,27,18,0,955
2023,5,27,18,15,977
2023,5,27,18,30,996
2023,5,27,18,45,1011
2023,5,27,19,0,1023
2023,5,27,19,15,1031
2023,5,27,19,30,1035
2023,5,27,19,45,1034
2023,5,27,20,0,1030
2023,5,27,20,15,1022
2023,5,27,20,30,1011
2023,5,27,20,45,997
2023,5,27,21,0,981
2023,5,27,21,15,958
2023,5,27,21,30,931
2023,5,27,21,45,901
2023,5,27,22,0,868
2023,5,27,22,15,832
2023,5,27,22,30,792
2023,5,27,22,45,750
2023,5,27,23,0,708
2023,5,27,23,15,662
2023,5,27,23,30,613
2023,5,27,23,45,563
2023,5,28,0,0,511
2023,5,28,0,15,459
2023,5,28,0,30,405
2023,5,28,0,45,352
2023,5,28,1,0,300
2023,5,28,1,15,247
2023,5,28,1,30,195
2023,5,28,1,45,146
2023,5,28,2,0,99
2023,5,28,2,15,58
2023,5,28,2,30,25
2023,5,28,2,45,0
2023,5,28,3,0,0
2023,5,28,3,15,0
2023,5,28,3,30,0
2023,5,28,3,45,0
2023,5,28,4,0,0
2023,5,28,4,15,0
2023,5,28,4,30,0
2023,5,28,4,45,0
2023,5,28,5,0,0
2023,5,28,5,15,0
2023,5,28,5,30,0
2023,5,28,5,45,0
2023,5,28,6,0,0
2023,5,28,6,15,0
2023,5,28,6,30,0
2023,5,28,6,45,0
2023,5,28,7,0,0
2023,5,28,7,15,0
2023,5,28,7,30,0
2023,5,28,7,45,0
2023,5,28,8,0,0
2023,5,28,8,15,0
2023,5,28,8,30,0
2023,5,28,8,45,0
2023,5,28,9,0,0
2023,5,28,9,15,0
2023,5,28,9,30,0
2023,5,28,9,45,0
2023,5,28,10,0,0
2023,5,28,10,15,0
2023,5,28,10,30,0
2023,5,28,10,45,0
2023,5,28,11,0,0
2023,5,28,11,15,0
2023,5,28,11,30,0
2023,5,28,11,45,0
2023,5,28,12,0,0
2023,5,28,12,15,0
2023,5,28,12,30,0
2023,5,28,12,45,27
2023,5,28,13,0,61
2023,5,28,13,15,102
2023,5,28,13,30,148
2023,5,28,13,45,198
2023,5,28,14,0,249
2023,5,28,14,15,302
2023,5,28,14,30,355
2023,5,28,14,45,408
2023,5,28,15,0,461
2023,5,28,15,15,516
2023,5,28,15,30,567
2023,5,28,15,45,617
2023,5,28,16,0,666
2023,5,28,16,15,712
2023,5,28,16,30,759
2023,5,28,16,45,801
2023,5,28,17,0,840
2023,5,28,17,15,876
2023,5,28,17,30,909
2023,5,28,17,45,940
2023,5,28,18,0,966
2023,5,28,18,15,989
2023,5,28,18,30,1012
2023,5,28,18,45,1027
2023,5,28,19,0,1038
2023,5,28,19,15,1046
2023,5,28,19,30,1050
2023,5,28,19,45,1049
2023,5,28,20,0,1045
2023,5,28,20,15,1037
2023,5,28,20,30,1026
2023,5,28,20,45,1007
2023,5,28,21,0,988
2023,5,28,21,15,965
2023,5,28,21,30,938
2023,5,28,21,45,908
2023,5,28,22,0,874
2023,5,28,22,15,838
2023,5,28,22,30,799
2023,5,28,22,45,756
2023,5,28,23,0,712
2023,5,28,23,15,665
2023,5,28,23,30,616
2023,5,28,23,45,566
2023,5,29,0,0,514
2023,5,29,0,15,461
2023,5,29,0,30,407
2023,5,29,0,45,353
2023,5,29,1,0,300
2023,5,29,1,15,247
2023,5,29,1,30,195
2023,5,29,1,45,145
2023,5,29,2,0,99
2023,5,29,2,15,58
2023,5,29,2,30,26
2023,5,29,2,45,0
2023,5,29,3,0,0
2023,5,29,3,15,0
2023,5,29,3,30,0
2023,5,29,3,45,0
2023,5,29,4,0,0
2023,5,29,4,15,0
2023,5,29,4,30,0
2023,5,29,4,45,0
2023,5,29,5,0,0
2023,5,29,5,15,0
2023,5,29,5,30,0
2023,5,29,5,45,0
2023,5,29,6,0,0
2023,5,29,6,15,0
2023,5,29,6,30,0
2023,5,29,6,45,0
2023,5,29,7,0,0
2023,5,29,7,15,0
2023,5,29,7,30,0
2023,5,29,7,45,0
2023,5,29,8,0,0
2023,5,29,8,15,0
2023,5,29,8,30,0
2023,5,29,8,45,0
2023,5,29,9,0,0
2023,5,29,9,15,0
2023,5,29,9,30,0
2023,5,29,9,45,0
2023,5,29,10,0,0
2023,5,29,10,15,0
2023,5,29,10,30,0
2023,5,29,10,45,0
2023,5,29,11,0,0
2023,5,29,11,15,0
2023,5,29,11,30,0
2023,5,29,11,45,0
2023,5,29,12,0,0
2023,5,29,12,15,0
2023,5,29,12,30,0
2023,5,29,12,45,28
2023,5,29,13,0,61
2023,5,29,13,15,102
2023,5,29,13,30,149
2023,5,29,13,45,198
2023,5,29,14,0,249
2023,5,29,14,15,302
2023,5,29,14,30,355
2023,5,29,14,45,408
2023,5,29,15,0,461
2023,5,29,15,15,514
2023,5,29,15,30,565
2023,5,29,15,45,615
2023,5,29,16,0,663
2023,5,29,16,15,710
2023,5,29,16,30,754
2023,5,29,16,45,795
2023,5,29,17,0,834
2023,5,29,17,15,870
2023,5,29,17,30,903
2023,5,29,17,45,926
2023,5,29,18,0,952
2023,5,29,18,15,975
2023,5,29,18,30,994
2023,5,29,18,45,1011
2023,5,29,19,0,1022
2023,5,29,19,15,1030
2023,5,29,19,30,1034
2023,5,29,19,45,1035
2023,5,29,20,0,1031
2023,5,29,20,15,1023
2023,5,29,20,30,1011
2023,5,29,20,45,986
2023,5,29,21,0,966
2023,5,29,21,15,943
2023,5,29,21,30,917
2023,5,29,21,45,888
2023,5,29,22,0,855
2023,5,29,22,15,818
2023,5,29,22,30,779
2023,5,29,22,45,740
2023,5,29,23,0,696
2023,5,29,23,15,652
2023,5,29,23,30,604
2023,5,29,23,45,556
2023,5,30,0,0,505
2023,5,30,0,15,452
2023,5,30,0,30,399
2023,5,30,0,45,348
2023,5,30,1,0,294
2023,5,30,1,15,243
2023,5,30,1,30,191
2023,5,30,1,45,143
2023,5,30,2,0,97
2023,5,30,2,15,57
2023,5,30,2,30,25
2023,5,30,2,45,0
2023,5,30,3,0,0
2023,5,30,3,15,0
2023,5,30,3,30,0
2023,5,30,3,45,0
2023,5,30,4,0,0
2023,5,30,4,15,0
2023,5,30,4,30,0
2023,5,30,4,45,0
2023,5,30,5,0,0
2023,5,30,5,15,0
2023,5,30,5,30,0
2023,5,30,5,45,0
2023,5,30,6,0,0
2023,5,30,6,15,0
2023,5,30,6,30,0
2023,5,30,6,45,0
2023,5,30,7,0,0
2023,5,30,7,15,0
2023,5,30,7,30,0
2023,5,30,7,45,0
2023,5,30,8,0,0
2023,5,30,8,15,0
2023,5,30,8,30,0
2023,5,30,8,45,0
2023,5,30,9,0,0
2023,5,30,9,15,0
2023,5,30,9,30,0
2023,5,30,9,45,0
2023,5,30,10,0,0
2023,5,30,10,15,0
2023,5,30,10,30,0
2023,5,30,10,45,0
2023,5,30,11,0,0
2023,5,30,11,15,0
2023,5,30,11,30,0
2023,5,30,11,45,0
2023,5,30,12,0,0
2023,5,30,12,15,0
2023,5,30,12,30,0
2023,5,30,12,45,23
2023,5,30,13,0,49
2023,5,30,13,15,92
2023,5,30,13,30,135
2023,5,30,13,45,181
2023,5,30,14,0,231
2023,5,30,14,15,282
2023,5,30,14,30,334
2023,5,30,14,45,385
2023,5,30,15,0,437
2023,5,30,15,15,490
2023,5,30,15,30,541
2023,5,30,15,45,590
2023,5,30,16,0,637
2023,5,30,16,15,684
2023,5,30,16,30,727
2023,5,30,16,45,768
2023,5,30,17,0,807
2023,5,30,17,15,844
2023,5,30,17,30,877
2023,5,30,17,45,937
2023,5,30,18,0,964
2023,5,30,18,15,987
2023,5,30,18,30,1006
2023,5,30,18,45,1022
2023,5,30,19,0,1034
2023,5,30,19,15,1042
2023,5,30,19,30,1046
2023,5,30,19,45,1046
2023,5,30,20,0,1042
2023,5,30,20,15,1034
2023,5,30,20,30,1022
2023,5,30,20,45,1001
2023,5,30,21,0,982
2023,5,30,21,15,959
2023,5,30,21,30,932
2023,5,30,21,45,903
2023,5,30,22,0,870
2023,5,30,22,15,834
2023,5,30,22,30,795
2023,5,30,22,45,753
2023,5,30,23,0,709
2023,5,30,23,15,662
2023,5,30,23,30,614
2023,5,30,23,45,566
2023,5,31,0,0,514
2023,5,31,0,15,462
2023,5,31,0,30,408
2023,5,31,0,45,354
2023,5,31,1,0,301
2023,5,31,1,15,248
2023,5,31,1,30,105
2023,5,31,1,45,147
2023,5,31,2,0,101
2023,5,31,2,15,60
2023,5,31,2,30,28
2023,5,31,2,45,0
2023,5,31,3,0,0
2023,5,31,3,15,0
2023,5,31,3,30,0
2023,5,31,3,45,0
2023,5,31,4,0,0
2023,5,31,4,15,0
2023,5,31,4,30,0
2023,5,31,4,45,0
2023,5,31,5,0,0
2023,5,31,5,15,0
2023,5,31,5,30,0
2023,5,31,5,45,0
2023,5,31,6,0,0
2023,5,31,6,15,0
2023,5,31,6,30,0
2023,5,31,6,45,0
2023,5,31,7,0,0
2023,5,31,7,15,0
2023,5,31,7,30,0
2023,5,31,7,45,0
2023,5,31,8,0,0
2023,5,31,8,15,0
2023,5,31,8,30,0
2023,5,31,8,45,0
2023,5,31,9,0,0
2023,5,31,9,15,0
2023,5,31,9,30,0
2023,5,31,9,45,0
2023,5,31,10,0,0
2023,5,31,10,15,0
2023,5,31,10,30,0
2023,5,31,10,45,0
2023,5,31,11,0,0
2023,5,31,11,15,0
2023,5,31,11,30,0
2023,5,31,11,45,0
2023,5,31,12,0,0
2023,5,31,12,15,0
2023,5,31,12,30,0
2023,5,31,12,45,23
2023,5,31,13,0,51
2023,5,31,13,15,100
2023,5,31,13,30,145
2023,5,31,13,45,193
2023,5,31,14,0,243
2023,5,31,14,15,295
2023,5,31,14,30,348
2023,5,31,14,45,363
2023,5,31,15,0,453
2023,5,31,15,15,505
2023,5,31,15,30,556
2023,5,31,15,45,606
2023,5,31,16,0,654
2023,5,31,16,15,700
2023,5,31,16,30,744
2023,5,31,16,45,786
2023,5,31,17,0,824
2023,5,31,17,15,860
2023,5,31,17,30,893
2023,5,31,17,45,916
2023,5,31,18,0,942
2023,5,31,18,15,965
2023,5,31,18,30,984
2023,5,31,18,45,1000
2023,5,31,19,0,1012
2023,5,31,19,15,1020
2023,5,31,19,30,1024
2023,5,31,19,45,1024
2023,5,31,20,0,1020
2023,5,31,20,15,1012
2023,5,31,20,30,1001
2023,5,31,20,45,987
2023,5,31,21,0,904
2023,5,31,21,15,945
2023,5,31,21,30,919
2023,5,31,21,45,890
2023,5,31,22,0,857
2023,5,31,22,15,821
2023,5,31,22,30,542
2023,5,31,22,45,292
2023,5,31,23,0,602
2023,5,31,23,15,333
2023,5,31,23,30,606
2023,5,31,23,45,317
2023,6,1,0,0,406
2023,6,1,0,15,456
2023,6,1,0,30,356
2023,6,1,0,45,350
2023,6,1,1,0,298
2023,6,1,1,15,246
2023,6,1,1,30,195
2023,6,1,1,45,146
2023,6,1,2,0,101
2023,6,1,2,15,60
2023,6,1,2,30,28
2023,6,1,2,45,0
2023,6,1,3,0,0
2023,6,1,3,15,0
2023,6,1,3,30,0
2023,6,1,3,45,0
2023,6,1,4,0,0
2023,6,1,4,15,0
2023,6,1,4,30,0
2023,6,1,4,45,0
2023,6,1,5,0,0
2023,6,1,5,15,0
2023,6,1,5,30,0
2023,6,1,5,45,0
2023,6,1,6,0,0
2023,6,1,6,15,0
2023,6,1,6,30,0
2023,6,1,6,45,0
2023,6,1,7,0,0
2023,6,1,7,15,0
2023,6,1,7,30,0
2023,6,1,7,45,0
2023,6,1,8,0,0
2023,6,1,8,15,0
2023,6,1,8,30,0
2023,6,1,8,45,0
2023,6,1,9,0,0
2023,6,1,9,15,0
2023,6,1,9,30,0
2023,6,1,9,45,0
2023,6,1,10,0,0
2023,6,1,10,15,0
2023,6,1,10,30,0
2023,6,1,10,45,0
2023,6,1,11,0,0
2023,6,1,11,15,0
2023,6,1,11,30,0
2023,6,1,11,45,0
2023,6,1,12,0,0
2023,6,1,12,15,0
2023,6,1,12,30,0
2023,6,1,12,45,27
2023,6,1,13,0,58
2023,6,1,13,15,97
2023,6,1,13,30,141
2023,6,1,13,45,189
2023,6,1,14,0,238
2023,6,1,14,15,289
2023,6,1,14,30,341
2023,6,1,14,45,394
2023,6,1,15,0,446
2023,6,1,15,15,497
2023,6,1,15,30,547
2023,6,1,15,45,597
2023,6,1,16,0,644
2023,6,1,16,15,690
2023,6,1,16,30,733
2023,6,1,16,45,774
2023,6,1,17,0,812
2023,6,1,17,15,848
2023,6,1,17,30,880
2023,6,1,17,45,923
2023,6,1,18,0,948
2023,6,1,18,15,971
2023,6,1,18,30,990
2023,6,1,18,45,1005
2023,6,1,19,0,1016
2023,6,1,19,15,1024
2023,6,1,19,30,1028
2023,6,1,19,45,1027
2023,6,1,20,0,1023
2023,6,1,20,15,1015
2023,6,1,20,30,1004
2023,6,1,20,45,989
2023,6,1,21,0,970
2023,6,1,21,15,950
2023,6,1,21,30,924
2023,6,1,21,45,893
2023,6,1,22,0,861
2023,6,1,22,15,825
2023,6,1,22,30,787
2023,6,1,22,45,745
2023,6,1,23,0,702
2023,6,1,23,15,400
2023,6,1,23,30,370
2023,6,1,23,45,559
2023,6,2,0,0,509
2023,6,2,0,15,458
2023,6,2,0,30,368
2023,6,2,0,45,285
2023,6,2,1,0,172
2023,6,2,1,15,97
2023,6,2,1,30,78
2023,6,2,1,45,69
2023,6,2,2,0,79
2023,6,2,2,15,44
2023,6,2,2,30,23
2023,6,2,2,45,0
2023,6,2,3,0,0
2023,6,2,3,15,0
2023,6,2,3,30,0
2023,6,2,3,45,0
2023,6,2,4,0,0
2023,6,2,4,15,0
2023,6,2,4,30,0
2023,6,2,4,45,0
2023,6,2,5,0,0
2023,6,2,5,15,0
2023,6,2,5,30,0
2023,6,2,5,45,0
2023,6,2,6,0,0
2023,6,2,6,15,0
2023,6,2,6,30,0
2023,6,2,6,45,0
2023,6,2,7,0,0
2023,6,2,7,15,0
2023,6,2,7,30,0
2023,6,2,7,45,0
2023,6,2,8,0,0
2023,6,2,8,15,0
2023,6,2,8,30,0
2023,6,2,8,45,0
2023,6,2,9,0,0
2023,6,2,9,15,0
2023,6,2,9,30,0
2023,6,2,9,45,0
2023,6,2,10,0,0
2023,6,2,10,15,0
2023,6,2,10,30,0
2023,6,2,10,45,0
2023,6,2,11,0,0
2023,6,2,11,15,0
2023,6,2,11,30,0
2023,6,2,11,45,0
2023,6,2,12,0,0
2023,6,2,12,15,0
2023,6,2,12,30,0
2023,6,2,12,45,28
2023,6,2,13,0,60
2023,6,2,13,15,100
2023,6,2,13,30,144
2023,6,2,13,45,191
2023,6,2,14,0,241
2023,6,2,14,15,292
2023,6,2,14,30,343
2023,6,2,14,45,395
2023,6,2,15,0,448
2023,6,2,15,15,499
2023,6,2,15,30,549
2023,6,2,15,45,598
2023,6,2,16,0,645
2023,6,2,16,15,690
2023,6,2,16,30,733
2023,6,2,16,45,776
2023,6,2,17,0,815
2023,6,2,17,15,850
2023,6,2,17,30,883
2023,6,2,17,45,913
2023,6,2,18,0,939
2023,6,2,18,15,962
2023,6,2,18,30,983
2023,6,2,18,45,999
2023,6,2,19,0,1011
2023,6,2,19,15,1018
2023,6,2,19,30,1022
2023,6,2,19,45,1023
2023,6,2,20,0,1019
2023,6,2,20,15,1011
2023,6,2,20,30,1000
2023,6,2,20,45,975
2023,6,2,21,0,959
2023,6,2,21,15,937
2023,6,2,21,30,911
2023,6,2,21,45,882
2023,6,2,22,0,849
2023,6,2,22,15,814
2023,6,2,22,30,775
2023,6,2,22,45,675
2023,6,2,23,0,693
2023,6,2,23,15,647
2023,6,2,23,30,601
2023,6,2,23,45,553
2023,6,3,0,0,503
2023,6,3,0,15,452
2023,6,3,0,30,400
2023,6,3,0,45,348
2023,6,3,1,0,296
2023,6,3,1,15,244
2023,6,3,1,30,195
2023,6,3,1,45,147
2023,6,3,2,0,41
2023,6,3,2,15,62
2023,6,3,2,30,29
2023,6,3,2,45,0
2023,6,3,3,0,0
2023,6,3,3,15,0
2023,6,3,3,30,0
2023,6,3,3,45,0
2023,6,3,4,0,0
2023,6,3,4,15,0
2023,6,3,4,30,0
2023,6,3,4,45,0
2023,6,3,5,0,0
2023,6,3,5,15,0
2023,6,3,5,30,0
2023,6,3,5,45,0
2023,6,3,6,0,0
2023,6,3,6,15,0
2023,6,3,6,30,0
2023,6,3,6,45,0
2023,6,3,7,0,0
2023,6,3,7,15,0
2023,6,3,7,30,0
2023,6,3,7,45,0
2023,6,3,8,0,0
2023,6,3,8,15,0
2023,6,3,8,30,0
2023,6,3,8,45,0
2023,6,3,9,0,0
2023,6,3,9,15,0
2023,6,3,9,30,0
2023,6,3,9,45,0
2023,6,3,10,0,0
2023,6,3,10,15,0
2023,6,3,10,30,0
2023,6,3,10,45,0
2023,6,3,11,0,0
2023,6,3,11,15,0
2023,6,3,11,30,0
2023,6,3,11,45,0
2023,6,3,12,0,0
2023,6,3,12,15,0
2023,6,3,12,30,0
2023,6,3,12,45,28
2023,6,3,13,0,61
2023,6,3,13,15,100
2023,6,3,13,30,145
2023,6,3,13,45,192
2023,6,3,14,0,242
2023,6,3,14,15,294
2023,6,3,14,30,346
2023,6,3,14,45,399
2023,6,3,15,0,451
2023,6,3,15,15,502
2023,6,3,15,30,553
2023,6,3,15,45,603
2023,6,3,16,0,651
2023,6,3,16,15,696
2023,6,3,16,30,740
2023,6,3,16,45,782
2023,6,3,17,0,821
2023,6,3,17,15,859
2023,6,3,17,30,892
2023,6,3,17,45,923
2023,6,3,18,0,949
2023,6,3,18,15,972
2023,6,3,18,30,991
2023,6,3,18,45,1007
2023,6,3,19,0,1018
2023,6,3,19,15,1026
2023,6,3,19,30,1030
2023,6,3,19,45,1031
2023,6,3,20,0,1027
2023,6,3,20,15,1019
2023,6,3,20,30,1008
2023,6,3,20,45,993
2023,6,3,21,0,974
2023,6,3,21,15,951
2023,6,3,21,30,925
2023,6,3,21,45,896
2023,6,3,22,0,863
2023,6,3,22,15,828
2023,6,3,22,30,789
2023,6,3,22,45,748
2023,6,3,23,0,704
2023,6,3,23,15,584
2023,6,3,23,30,609
2023,6,3,23,45,268
2023,6,4,0,0,510
2023,6,4,0,15,301
2023,6,4,0,30,23
2023,6,4,0,45,322
2023,6,4,1,0,301
2023,6,4,1,15,250
2023,6,4,1,30,199
2023,6,4,1,45,151
2023,6,4,2,0,106
2023,6,4,2,15,47
2023,6,4,2,30,26
2023,6,4,2,45,0
2023,6,4,3,0,0
2023,6,4,3,15,0
2023,6,4,3,30,0
2023,6,4,3,45,0
2023,6,4,4,0,0
2023,6,4,4,15,0
2023,6,4,4,30,0
2023,6,4,4,45,0
2023,6,4,5,0,0
2023,6,4,5,15,0
2023,6,4,5,30,0
2023,6,4,5,45,0
2023,6,4,6,0,0
2023,6,4,6,15,0
2023,6,4,6,30,0
2023,6,4,6,45,0
2023,6,4,7,0,0
2023,6,4,7,15,0
2023,6,4,7,30,0
2023,6,4,7,45,0
2023,6,4,8,0,0
2023,6,4,8,15,0
2023,6,4,8,30,0
2023,6,4,8,45,0
2023,6,4,9,0,0
2023,6,4,9,15,0
2023,6,4,9,30,0
2023,6,4,9,45,0
2023,6,4,10,0,0
2023,6,4,10,15,0
2023,6,4,10,30,0
2023,6,4,10,45,0
2023,6,4,11,0,0
2023,6,4,11,15,0
2023,6,4,11,30,0
2023,6,4,11,45,0
2023,6,4,12,0,0
2023,6,4,12,15,0
2023,6,4,12,30,0
2023,6,4,12,45,21
2023,6,4,13,0,49
2023,6,4,13,15,42
2023,6,4,13,30,139
2023,6,4,13,45,186
2023,6,4,14,0,247
2023,6,4,14,15,299
2023,6,4,14,30,351
2023,6,4,14,45,403
2023,6,4,15,0,454
2023,6,4,15,15,505
2023,6,4,15,30,556
2023,6,4,15,45,605
2023,6,4,16,0,652
2023,6,4,16,15,698
2023,6,4,16,30,741
2023,6,4,16,45,783
2023,6,4,17,0,821
2023,6,4,17,15,857
2023,6,4,17,30,890
2023,6,4,17,45,921
2023,6,4,18,0,947
2023,6,4,18,15,970
2023,6,4,18,30,989
2023,6,4,18,45,1005
2023,6,4,19,0,1016
2023,6,4,19,15,1024
2023,6,4,19,30,1028
2023,6,4,19,45,1029
2023,6,4,20,0,1025
2023,6,4,20,15,1018
2023,6,4,20,30,1006
2023,6,4,20,45,991
2023,6,4,21,0,972
2023,6,4,21,15,950
2023,6,4,21,30,924
2023,6,4,21,45,895
2023,6,4,22,0,768
2023,6,4,22,15,615
2023,6,4,22,30,597
2023,6,4,22,45,686
2023,6,4,23,0,705
2023,6,4,23,15,632
2023,6,4,23,30,555
2023,6,4,23,45,445
2023,6,5,0,0,23
2023,6,5,0,15,20
2023,6,5,0,30,265
2023,6,5,0,45,351
2023,6,5,1,0,181
2023,6,5,1,15,231
2023,6,5,1,30,202
2023,6,5,1,45,153
2023,6,5,2,0,108
2023,6,5,2,15,67
2023,6,5,2,30,33
2023,6,5,2,45,0
2023,6,5,3,0,0
2023,6,5,3,15,0
2023,6,5,3,30,0
2023,6,5,3,45,0
2023,6,5,4,0,0
2023,6,5,4,15,0
2023,6,5,4,30,0
2023,6,5,4,45,0
2023,6,5,5,0,0
2023,6,5,5,15,0
2023,6,5,5,30,0
2023,6,5,5,45,0
2023,6,5,6,0,0
2023,6,5,6,15,0
2023,6,5,6,30,0
2023,6,5,6,45,0
2023,6,5,7,0,0
2023,6,5,7,15,0
2023,6,5,7,30,0
2023,6,5,7,45,0
2023,6,5,8,0,0
2023,6,5,8,15,0
2023,6,5,8,30,0
2023,6,5,8,45,0
2023,6,5,9,0,0
2023,6,5,9,15,0
2023,6,5,9,30,0
2023,6,5,9,45,0
2023,6,5,10,0,0
2023,6,5,10,15,0
2023,6,5,10,30,0
2023,6,5,10,45,0
2023,6,5,11,0,0
2023,6,5,11,15,0
2023,6,5,11,30,0
2023,6,5,11,45,0
2023,6,5,12,0,0
2023,6,5,12,15,0
2023,6,5,12,30,0
2023,6,5,12,45,31
2023,6,5,13,0,64
2023,6,5,13,15,105
2023,6,5,13,30,150
2023,6,5,13,45,199
2023,6,5,14,0,249
2023,6,5,14,15,301
2023,6,5,14,30,354
2023,6,5,14,45,406
2023,6,5,15,0,458
2023,6,5,15,15,510
2023,6,5,15,30,561
2023,6,5,15,45,610
2023,6,5,16,0,658
2023,6,5,16,15,703
2023,6,5,16,30,747
2023,6,5,16,45,788
2023,6,5,17,0,827
2023,6,5,17,15,863
2023,6,5,17,30,896
2023,6,5,17,45,924
2023,6,5,18,0,950
2023,6,5,18,15,973
2023,6,5,18,30,992
2023,6,5,18,45,1005
2023,6,5,19,0,1017
2023,6,5,19,15,1025
2023,6,5,19,30,1030
2023,6,5,19,45,1029
2023,6,5,20,0,1026
2023,6,5,20,15,763
2023,6,5,20,30,1007
2023,6,5,20,45,989
2023,6,5,21,0,970
2023,6,5,21,15,948
2023,6,5,21,30,889
2023,6,5,21,45,893
2023,6,5,22,0,656
2023,6,5,22,15,603
2023,6,5,22,30,788
2023,6,5,22,45,747
2023,6,5,23,0,706
2023,6,5,23,15,661
2023,6,5,23,30,615
2023,6,5,23,45,564
2023,6,6,0,0,513
2023,6,6,0,15,463
2023,6,6,0,30,374
2023,6,6,0,45,318
2023,6,6,1,0,302
2023,6,6,1,15,250
2023,6,6,1,30,201
2023,6,6,1,45,146
2023,6,6,2,0,102
2023,6,6,2,15,54
2023,6,6,2,30,24
2023,6,6,2,45,4
2023,6,6,3,0,0
2023,6,6,3,15,0
2023,6,6,3,30,0
2023,6,6,3,45,0
2023,6,6,4,0,0
2023,6,6,4,15,0
2023,6,6,4,30,0
2023,6,6,4,45,0
2023,6,6,5,0,0
2023,6,6,5,15,0
2023,6,6,5,30,0
2023,6,6,5,45,0
2023,6,6,6,0,0
2023,6,6,6,15,0
2023,6,6,6,30,0
2023,6,6,6,45,0
2023,6,6,7,0,0
2023,6,6,7,15,0
2023,6,6,7,30,0
2023,6,6,7,45,0
2023,6,6,8,0,0
2023,6,6,8,15,0
2023,6,6,8,30,0
2023,6,6,8,45,0
2023,6,6,9,0,0
2023,6,6,9,15,0
2023,6,6,9,30,0
2023,6,6,9,45,0
2023,6,6,10,0,0
2023,6,6,10,15,0
2023,6,6,10,30,0
2023,6,6,10,45,0
2023,6,6,11,0,0
2023,6,6,11,15,0
2023,6,6,11,30,0
2023,6,6,11,45,0
2023,6,6,12,0,0
2023,6,6,12,15,0
2023,6,6,12,30,0
2023,6,6,12,45,29
2023,6,6,13,0,62
2023,6,6,13,15,103
2023,6,6,13,30,148
2023,6,6,13,45,196
2023,6,6,14,0,248
2023,6,6,14,15,301
2023,6,6,14,30,354
2023,6,6,14,45,407
2023,6,6,15,0,460
2023,6,6,15,15,512
2023,6,6,15,30,564
2023,6,6,15,45,613
2023,6,6,16,0,661
2023,6,6,16,15,708
2023,6,6,16,30,752
2023,6,6,16,45,793
2023,6,6,17,0,833
2023,6,6,17,15,869
2023,6,6,17,30,903
2023,6,6,17,45,935
2023,6,6,18,0,962
2023,6,6,18,15,985
2023,6,6,18,30,1004
2023,6,6,18,45,1019
2023,6,6,19,0,1031
2023,6,6,19,15,1039
2023,6,6,19,30,1044
2023,6,6,19,45,1043
2023,6,6,20,0,1040
2023,6,6,20,15,1032
2023,6,6,20,30,1021
2023,6,6,20,45,1004
2023,6,6,21,0,985
2023,6,6,21,15,966
2023,6,6,21,30,940
2023,6,6,21,45,912
2023,6,6,22,0,879
2023,6,6,22,15,843
2023,6,6,22,30,804
2023,6,6,22,45,765
2023,6,6,23,0,721
2023,6,6,23,15,675
2023,6,6,23,30,627
2023,6,6,23,45,578
2023,6,7,0,0,527
2023,6,7,0,15,474
2023,6,7,0,30,421
2023,6,7,0,45,370
2023,6,7,1,0,316
2023,6,7,1,15,263
2023,6,7,1,30,211
2023,6,7,1,45,161
2023,6,7,2,0,114
2023,6,7,2,15,71
2023,6,7,2,30,36
2023,6,7,2,45,11
2023,6,7,3,0,0
2023,6,7,3,15,0
2023,6,7,3,30,0
2023,6,7,3,45,0
2023,6,7,4,0,0
2023,6,7,4,15,0
2023,6,7,4,30,0
2023,6,7,4,45,0
2023,6,7,5,0,0
2023,6,7,5,15,0
2023,6,7,5,30,0
2023,6,7,5,45,0
2023,6,7,6,0,0
2023,6,7,6,15,0
2023,6,7,6,30,0
2023,6,7,6,45,0
2023,6,7,7,0,0
2023,6,7,7,15,0
2023,6,7,7,30,0
2023,6,7,7,45,0
2023,6,7,8,0,0
2023,6,7,8,15,0
2023,6,7,8,30,0
2023,6,7,8,45,0
2023,6,7,9,0,0
2023,6,7,9,15,0
2023,6,7,9,30,0
2023,6,7,9,45,0
2023,6,7,10,0,0
2023,6,7,10,15,0
2023,6,7,10,30,0
2023,6,7,10,45,0
2023,6,7,11,0,0
2023,6,7,11,15,0
2023,6,7,11,30,0
2023,6,7,11,45,0
2023,6,7,12,0,0
2023,6,7,12,15,0
2023,6,7,12,30,0
2023,6,7,12,45,21
2023,6,7,13,0,39
2023,6,7,13,15,75
2023,6,7,13,30,125
2023,6,7,13,45,149
2023,6,7,14,0,136
2023,6,7,14,15,89
2023,6,7,14,30,217
2023,6,7,14,45,56
2023,6,7,15,0,95
2023,6,7,15,15,117
2023,6,7,15,30,325
2023,6,7,15,45,472
2023,6,7,16,0,555
2023,6,7,16,15,525
2023,6,7,16,30,601
2023,6,7,16,45,364
2023,6,7,17,0,303
2023,6,7,17,15,455
2023,6,7,17,30,376
2023,6,7,17,45,127
2023,6,7,18,0,168
2023,6,7,18,15,184
2023,6,7,18,30,271
2023,6,7,18,45,309
2023,6,7,19,0,227
2023,6,7,19,15,447
2023,6,7,19,30,92
2023,6,7,19,45,463
2023,6,7,20,0,304
2023,6,7,20,15,325
2023,6,7,20,30,382
2023,6,7,20,45,68
2023,6,7,21,0,762
2023,6,7,21,15,812
2023,6,7,21,30,371
2023,6,7,21,45,464
2023,6,7,22,0,528
2023,6,7,22,15,661
2023,6,7,22,30,687
2023,6,7,22,45,664
2023,6,7,23,0,469
2023,6,7,23,15,466
2023,6,7,23,30,511
2023,6,7,23,45,524
2023,6,8,0,0,297
2023,6,8,0,15,20
2023,6,8,0,30,17
2023,6,8,0,45,143
2023,6,8,1,0,241
2023,6,8,1,15,10
2023,6,8,1,30,8
2023,6,8,1,45,6
2023,6,8,2,0,69
2023,6,8,2,15,48
2023,6,8,2,30,26
2023,6,8,2,45,5
2023,6,8,3,0,0
2023,6,8,3,15,0
2023,6,8,3,30,0
2023,6,8,3,45,0
2023,6,8,4,0,0
2023,6,8,4,15,0
2023,6,8,4,30,0
2023,6,8,4,45,0
2023,6,8,5,0,0
2023,6,8,5,15,0
2023,6,8,5,30,0
2023,6,8,5,45,0
2023,6,8,6,0,0
2023,6,8,6,15,0
2023,6,8,6,30,0
2023,6,8,6,45,0
2023,6,8,7,0,0
2023,6,8,7,15,0
2023,6,8,7,30,0
2023,6,8,7,45,0
2023,6,8,8,0,0
2023,6,8,8,15,0
2023,6,8,8,30,0
2023,6,8,8,45,0
2023,6,8,9,0,0
2023,6,8,9,15,0
2023,6,8,9,30,0
2023,6,8,9,45,0
2023,6,8,10,0,0
2023,6,8,10,15,0
2023,6,8,10,30,0
2023,6,8,10,45,0
2023,6,8,11,0,0
2023,6,8,11,15,0
2023,6,8,11,30,0
2023,6,8,11,45,0
2023,6,8,12,0,0
2023,6,8,12,15,0
2023,6,8,12,30,0
2023,6,8,12,45,31
2023,6,8,13,0,64
2023,6,8,13,15,104
2023,6,8,13,30,149
2023,6,8,13,45,198
2023,6,8,14,0,248
2023,6,8,14,15,299
2023,6,8,14,30,351
2023,6,8,14,45,403
2023,6,8,15,0,455
2023,6,8,15,15,507
2023,6,8,15,30,557
2023,6,8,15,45,606
2023,6,8,16,0,653
2023,6,8,16,15,699
2023,6,8,16,30,743
2023,6,8,16,45,783
2023,6,8,17,0,821
2023,6,8,17,15,857
2023,6,8,17,30,890
2023,6,8,17,45,919
2023,6,8,18,0,945
2023,6,8,18,15,968
2023,6,8,18,30,985
2023,6,8,18,45,362
2023,6,8,19,0,266
2023,6,8,19,15,650
2023,6,8,19,30,585
2023,6,8,19,45,711
2023,6,8,20,0,816
2023,6,8,20,15,148
2023,6,8,20,30,777
2023,6,8,20,45,842
2023,6,8,21,0,916
2023,6,8,21,15,643
2023,6,8,21,30,723
2023,6,8,21,45,583
2023,6,8,22,0,755
2023,6,8,22,15,361
2023,6,8,22,30,706
2023,6,8,22,45,289
2023,6,8,23,0,275
2023,6,8,23,15,556
2023,6,8,23,30,66
2023,6,8,23,45,398
2023,6,9,0,0,381
2023,6,9,0,15,172
2023,6,9,0,30,17
2023,6,9,0,45,15
2023,6,9,1,0,12
2023,6,9,1,15,161
2023,6,9,1,30,95
2023,6,9,1,45,83
2023,6,9,2,0,55
2023,6,9,2,15,73
2023,6,9,2,30,38
2023,6,9,2,45,13
2023,6,9,3,0,0
2023,6,9,3,15,0
2023,6,9,3,30,0
2023,6,9,3,45,0
2023,6,9,4,0,0
2023,6,9,4,15,0
2023,6,9,4,30,0
2023,6,9,4,45,0
2023,6,9,5,0,0
2023,6,9,5,15,0
2023,6,9,5,30,0
2023,6,9,5,45,0
2023,6,9,6,0,0
2023,6,9,6,15,0
2023,6,9,6,30,0
2023,6,9,6,45,0
2023,6,9,7,0,0
2023,6,9,7,15,0
2023,6,9,7,30,0
2023,6,9,7,45,0
2023,6,9,8,0,0
2023,6,9,8,15,0
2023,6,9,8,30,0
2023,6,9,8,45,0
2023,6,9,9,0,0
2023,6,9,9,15,0
2023,6,9,9,30,0
2023,6,9,9,45,0
2023,6,9,10,0,0
2023,6,9,10,15,0
2023,6,9,10,30,0
2023,6,9,10,45,0
2023,6,9,11,0,0
2023,6,9,11,15,0
2023,6,9,11,30,0
2023,6,9,11,45,0
2023,6,9,12,0,0
2023,6,9,12,15,0
2023,6,9,12,30,0
2023,6,9,12,45,31
2023,6,9,13,0,64
2023,6,9,13,15,103
2023,6,9,13,30,147
2023,6,9,13,45,180
2023,6,9,14,0,243
2023,6,9,14,15,293
2023,6,9,14,30,345
2023,6,9,14,45,396
2023,6,9,15,0,447
2023,6,9,15,15,498
2023,6,9,15,30,547
2023,6,9,15,45,596
2023,6,9,16,0,643
2023,6,9,16,15,688
2023,6,9,16,30,731
2023,6,9,16,45,771
2023,6,9,17,0,707
2023,6,9,17,15,845
2023,6,9,17,30,877
2023,6,9,17,45,911
2023,6,9,18,0,936
2023,6,9,18,15,959
2023,6,9,18,30,980
2023,6,9,18,45,996
2023,6,9,19,0,1007
2023,6,9,19,15,893
2023,6,9,19,30,1020
2023,6,9,19,45,462
2023,6,9,20,0,1017
2023,6,9,20,15,849
2023,6,9,20,30,837
2023,6,9,20,45,977
2023,6,9,21,0,784
2023,6,9,21,15,937
2023,6,9,21,30,912
2023,6,9,21,45,328
2023,6,9,22,0,388
2023,6,9,22,15,816
2023,6,9,22,30,626
2023,6,9,22,45,739
2023,6,9,23,0,696
2023,6,9,23,15,651
2023,6,9,23,30,605
2023,6,9,23,45,558
2023,6,10,0,0,391
2023,6,10,0,15,457
2023,6,10,0,30,223
2023,6,10,0,45,249
2023,6,10,1,0,284
2023,6,10,1,15,233
2023,6,10,1,30,194
2023,6,10,1,45,156
2023,6,10,2,0,111
2023,6,10,2,15,71
2023,6,10,2,30,29
2023,6,10,2,45,8
2023,6,10,3,0,0
2023,6,10,3,15,0
2023,6,10,3,30,0
2023,6,10,3,45,0
2023,6,10,4,0,0
2023,6,10,4,15,0
2023,6,10,4,30,0
2023,6,10,4,45,0
2023,6,10,5,0,0
2023,6,10,5,15,0
2023,6,10,5,30,0
2023,6,10,5,45,0
2023,6,10,6,0,0
2023,6,10,6,15,0
2023,6,10,6,30,0
2023,6,10,6,45,0
2023,6,10,7,0,0
2023,6,10,7,15,0
2023,6,10,7,30,0
2023,6,10,7,45,0
2023,6,10,8,0,0
2023,6,10,8,15,0
2023,6,10,8,30,0
2023,6,10,8,45,0
2023,6,10,9,0,0
2023,6,10,9,15,0
2023,6,10,9,30,0
2023,6,10,9,45,0
2023,6,10,10,0,0
2023,6,10,10,15,0
2023,6,10,10,30,0
2023,6,10,10,45,0
2023,6,10,11,0,0
2023,6,10,11,15,0
2023,6,10,11,30,0
2023,6,10,11,45,0
2023,6,10,12,0,0
2023,6,10,12,15,0
2023,6,10,12,30,0
2023,6,10,12,45,23
2023,6,10,13,0,43
2023,6,10,13,15,68
2023,6,10,13,30,31
2023,6,10,13,45,112
2023,6,10,14,0,244
2023,6,10,14,15,165
2023,6,10,14,30,298
2023,6,10,14,45,400
2023,6,10,15,0,403
2023,6,10,15,15,502
2023,6,10,15,30,444
2023,6,10,15,45,603
2023,6,10,16,0,652
2023,6,10,16,15,673
2023,6,10,16,30,741
2023,6,10,16,45,784
2023,6,10,17,0,822
2023,6,10,17,15,858
2023,6,10,17,30,890
2023,6,10,17,45,919
2023,6,10,18,0,945
2023,6,10,18,15,773
2023,6,10,18,30,902
2023,6,10,18,45,920
2023,6,10,19,0,847
2023,6,10,19,15,841
2023,6,10,19,30,809
2023,6,10,19,45,675
2023,6,10,20,0,873
2023,6,10,20,15,923
2023,6,10,20,30,729
2023,6,10,20,45,774
2023,6,10,21,0,845
2023,6,10,21,15,712
2023,6,10,21,30,831
2023,6,10,21,45,757
2023,6,10,22,0,778
2023,6,10,22,15,625
2023,6,10,22,30,671
2023,6,10,22,45,615
2023,6,10,23,0,578
2023,6,10,23,15,478
2023,6,10,23,30,344
2023,6,10,23,45,281
2023,6,11,0,0,410
2023,6,11,0,15,256
2023,6,11,0,30,269
2023,6,11,0,45,166
2023,6,11,1,0,6
2023,6,11,1,15,155
2023,6,11,1,30,173
2023,6,11,1,45,138
2023,6,11,2,0,94
2023,6,11,2,15,35
2023,6,11,2,30,24
2023,6,11,2,45,9
2023,6,11,3,0,0
2023,6,11,3,15,0
2023,6,11,3,30,0
2023,6,11,3,45,0
2023,6,11,4,0,0
2023,6,11,4,15,0
2023,6,11,4,30,0
2023,6,11,4,45,0
2023,6,11,5,0,0
2023,6,11,5,15,0
2023,6,11,5,30,0
2023,6,11,5,45,0
2023,6,11,6,0,0
2023,6,11,6,15,0
2023,6,11,6,30,0
2023,6,11,6,45,0
2023,6,11,7,0,0
2023,6,11,7,15,0
2023,6,11,7,30,0
2023,6,11,7,45,0
2023,6,11,8,0,0
2023,6,11,8,15,0
2023,6,11,8,30,0
2023,6,11,8,45,0
2023,6,11,9,0,0
2023,6,11,9,15,0
2023,6,11,9,30,0
2023,6,11,9,45,0
2023,6,11,10,0,0
2023,6,11,10,15,0
2023,6,11,10,30,0
2023,6,11,10,45,0
2023,6,11,11,0,0
2023,6,11,11,15,0
2023,6,11,11,30,0
2023,6,11,11,45,0
2023,6,11,12,0,0
2023,6,11,12,15,0
2023,6,11,12,30,0
2023,6,11,12,45,20
2023,6,11,13,0,34
2023,6,11,13,15,104
2023,6,11,13,30,96
2023,6,11,13,45,8
2023,6,11,14,0,91
2023,6,11,14,15,270
2023,6,11,14,30,171
2023,6,11,14,45,221
2023,6,11,15,0,425
2023,6,11,15,15,499
2023,6,11,15,30,542
2023,6,11,15,45,285
2023,6,11,16,0,520
2023,6,11,16,15,484
2023,6,11,16,30,600
2023,6,11,16,45,756
2023,6,11,17,0,640
2023,6,11,17,15,688
2023,6,11,17,30,845
2023,6,11,17,45,878
2023,6,11,18,0,904
2023,6,11,18,15,827
2023,6,11,18,30,774
2023,6,11,18,45,1004
2023,6,11,19,0,1017
2023,6,11,19,15,1025
2023,6,11,19,30,1027
2023,6,11,19,45,1027
2023,6,11,20,0,1023
2023,6,11,20,15,1016
2023,6,11,20,30,1005
2023,6,11,20,45,985
2023,6,11,21,0,967
2023,6,11,21,15,945
2023,6,11,21,30,920
2023,6,11,21,45,682
2023,6,11,22,0,805
2023,6,11,22,15,733
2023,6,11,22,30,508
2023,6,11,22,45,259
2023,6,11,23,0,41
2023,6,11,23,15,59
2023,6,11,23,30,194
2023,6,11,23,45,321
2023,6,12,0,0,351
2023,6,12,0,15,348
2023,6,12,0,30,105
2023,6,12,0,45,7
2023,6,12,1,0,10
2023,6,12,1,15,68
2023,6,12,1,30,32
2023,6,12,1,45,19
2023,6,12,2,0,4
2023,6,12,2,15,21
2023,6,12,2,30,18
2023,6,12,2,45,8
2023,6,12,3,0,0
2023,6,12,3,15,0
2023,6,12,3,30,0
2023,6,12,3,45,0
2023,6,12,4,0,0
2023,6,12,4,15,0
2023,6,12,4,30,0
2023,6,12,4,45,0
2023,6,12,5,0,0
2023,6,12,5,15,0
2023,6,12,5,30,0
2023,6,12,5,45,0
2023,6,12,6,0,0
2023,6,12,6,15,0
2023,6,12,6,30,0
2023,6,12,6,45,0
2023,6,12,7,0,0
2023,6,12,7,15,0
2023,6,12,7,30,0
2023,6,12,7,45,0
2023,6,12,8,0,0
2023,6,12,8,15,0
2023,6,12,8,30,0
2023,6,12,8,45,0
2023,6,12,9,0,0
2023,6,12,9,15,0
2023,6,12,9,30,0
2023,6,12,9,45,0
2023,6,12,10,0,0
2023,6,12,10,15,0
2023,6,12,10,30,0
2023,6,12,10,45,0
2023,6,12,11,0,0
2023,6,12,11,15,0
2023,6,12,11,30,0
2023,6,12,11,45,0
2023,6,12,12,0,0
2023,6,12,12,15,0
2023,6,12,12,30,0
2023,6,12,12,45,18
2023,6,12,13,0,24
2023,6,12,13,15,4
2023,6,12,13,30,10
2023,6,12,13,45,189
2023,6,12,14,0,238
2023,6,12,14,15,246
2023,6,12,14,30,338
2023,6,12,14,45,359
2023,6,12,15,0,442
2023,6,12,15,15,492
2023,6,12,15,30,541
2023,6,12,15,45,591
2023,6,12,16,0,637
2023,6,12,16,15,682
2023,6,12,16,30,642
2023,6,12,16,45,769
2023,6,12,17,0,807
2023,6,12,17,15,615
2023,6,12,17,30,873
2023,6,12,17,45,907
2023,6,12,18,0,933
2023,6,12,18,15,849
2023,6,12,18,30,513
2023,6,12,18,45,759
2023,6,12,19,0,456
2023,6,12,19,15,566
2023,6,12,19,30,535
2023,6,12,19,45,1018
2023,6,12,20,0,1015
2023,6,12,20,15,1008
2023,6,12,20,30,997
2023,6,12,20,45,976
2023,6,12,21,0,959
2023,6,12,21,15,441
2023,6,12,21,30,912
2023,6,12,21,45,882
2023,6,12,22,0,850
2023,6,12,22,15,816
2023,6,12,22,30,778
2023,6,12,22,45,736
2023,6,12,23,0,694
2023,6,12,23,15,649
2023,6,12,23,30,603
2023,6,12,23,45,553
2023,6,13,0,0,504
2023,6,13,0,15,453
2023,6,13,0,30,403
2023,6,13,0,45,350
2023,6,13,1,0,299
2023,6,13,1,15,249
2023,6,13,1,30,200
2023,6,13,1,45,152
2023,6,13,2,0,109
2023,6,13,2,15,69
2023,6,13,2,30,36
2023,6,13,2,45,12
2023,6,13,3,0,0
2023,6,13,3,15,0
2023,6,13,3,30,0
2023,6,13,3,45,0
2023,6,13,4,0,0
2023,6,13,4,15,0
2023,6,13,4,30,0
2023,6,13,4,45,0
2023,6,13,5,0,0
2023,6,13,5,15,0
2023,6,13,5,30,0
2023,6,13,5,45,0
2023,6,13,6,0,0
2023,6,13,6,15,0
2023,6,13,6,30,0
2023,6,13,6,45,0
2023,6,13,7,0,0
2023,6,13,7,15,0
2023,6,13,7,30,0
2023,6,13,7,45,0
2023,6,13,8,0,0
2023,6,13,8,15,0
2023,6,13,8,30,0
2023,6,13,8,45,0
2023,6,13,9,0,0
2023,6,13,9,15,0
2023,6,13,9,30,0
2023,6,13,9,45,0
2023,6,13,10,0,0
2023,6,13,10,15,0
2023,6,13,10,30,0
2023,6,13,10,45,0
2023,6,13,11,0,0
2023,6,13,11,15,0
2023,6,13,11,30,0
2023,6,13,11,45,0
2023,6,13,12,0,0
2023,6,13,12,15,0
2023,6,13,12,30,0
2023,6,13,12,45,30
2023,6,13,13,0,63
2023,6,13,13,15,102
2023,6,13,13,30,146
2023,6,13,13,45,193
2023,6,13,14,0,242
2023,6,13,14,15,292
2023,6,13,14,30,343
2023,6,13,14,45,395
2023,6,13,15,0,446
2023,6,13,15,15,497
2023,6,13,15,30,547
2023,6,13,15,45,596
2023,6,13,16,0,643
2023,6,13,16,15,688
2023,6,13,16,30,731
2023,6,13,16,45,772
2023,6,13,17,0,813
2023,6,13,17,15,848
2023,6,13,17,30,881
2023,6,13,17,45,926
2023,6,13,18,0,951
2023,6,13,18,15,974
2023,6,13,18,30,994
2023,6,13,18,45,1009
2023,6,13,19,0,1021
2023,6,13,19,15,1029
2023,6,13,19,30,1034
2023,6,13,19,45,1034
2023,6,13,20,0,1034
2023,6,13,20,15,1027
2023,6,13,20,30,1016
2023,6,13,20,45,994
2023,6,13,21,0,976
2023,6,13,21,15,954
2023,6,13,21,30,929
2023,6,13,21,45,901
2023,6,13,22,0,869
2023,6,13,22,15,834
2023,6,13,22,30,797
2023,6,13,22,45,756
2023,6,13,23,0,714
2023,6,13,23,15,669
2023,6,13,23,30,622
2023,6,13,23,45,574
2023,6,14,0,0,524
2023,6,14,0,15,473
2023,6,14,0,30,421
2023,6,14,0,45,369
2023,6,14,1,0,317
2023,6,14,1,15,265
2023,6,14,1,30,215
2023,6,14,1,45,166
2023,6,14,2,0,120
2023,6,14,2,15,78
2023,6,14,2,30,42
2023,6,14,2,45,15
2023,6,14,3,0,0
2023,6,14,3,15,0
2023,6,14,3,30,0
2023,6,14,3,45,0
2023,6,14,4,0,0
2023,6,14,4,15,0
2023,6,14,4,30,0
2023,6,14,4,45,0
2023,6,14,5,0,0
2023,6,14,5,15,0
2023,6,14,5,30,0
2023,6,14,5,45,0
2023,6,14,6,0,0
2023,6,14,6,15,0
2023,6,14,6,30,0
2023,6,14,6,45,0
2023,6,14,7,0,0
2023,6,14,7,15,0
2023,6,14,7,30,0
2023,6,14,7,45,0
2023,6,14,8,0,0
2023,6,14,8,15,0
2023,6,14,8,30,0
2023,6,14,8,45,0
2023,6,14,9,0,0
2023,6,14,9,15,0
2023,6,14,9,30,0
2023,6,14,9,45,0
2023,6,14,10,0,0
2023,6,14,10,15,0
2023,6,14,10,30,0
2023,6,14,10,45,0
2023,6,14,11,0,0
2023,6,14,11,15,0
2023,6,14,11,30,0
2023,6,14,11,45,0
2023,6,14,12,0,0
2023,6,14,12,15,0
2023,6,14,12,30,0
2023,6,14,12,45,32
2023,6,14,13,0,65
2023,6,14,13,15,105
2023,6,14,13,30,149
2023,6,14,13,45,197
2023,6,14,14,0,246
2023,6,14,14,15,297
2023,6,14,14,30,349
2023,6,14,14,45,400
2023,6,14,15,0,452
2023,6,14,15,15,503
2023,6,14,15,30,553
2023,6,14,15,45,602
2023,6,14,16,0,649
2023,6,14,16,15,694
2023,6,14,16,30,737
2023,6,14,16,45,778
2023,6,14,17,0,817
2023,6,14,17,15,855
2023,6,14,17,30,887
2023,6,14,17,45,917
2023,6,14,18,0,944
2023,6,14,18,15,966
2023,6,14,18,30,986
2023,6,14,18,45,1002
2023,6,14,19,0,1014
2023,6,14,19,15,963
2023,6,14,19,30,774
2023,6,14,19,45,871
2023,6,14,20,0,978
2023,6,14,20,15,1020
2023,6,14,20,30,1009
2023,6,14,20,45,985
2023,6,14,21,0,966
2023,6,14,21,15,945
2023,6,14,21,30,920
2023,6,14,21,45,888
2023,6,14,22,0,707
2023,6,14,22,15,698
2023,6,14,22,30,672
2023,6,14,22,45,461
2023,6,14,23,0,159
2023,6,14,23,15,117
2023,6,14,23,30,58
2023,6,14,23,45,352
2023,6,15,0,0,405
2023,6,15,0,15,325
2023,6,15,0,30,250
2023,6,15,0,45,311
2023,6,15,1,0,301
2023,6,15,1,15,250
2023,6,15,1,30,202
2023,6,15,1,45,154
2023,6,15,2,0,111
2023,6,15,2,15,71
2023,6,15,2,30,37
2023,6,15,2,45,12
2023,6,15,3,0,0
2023,6,15,3,15,0
2023,6,15,3,30,0
2023,6,15,3,45,0
2023,6,15,4,0,0
2023,6,15,4,15,0
2023,6,15,4,30,0
2023,6,15,4,45,0
2023,6,15,5,0,0
2023,6,15,5,15,0
2023,6,15,5,30,0
2023,6,15,5,45,0
2023,6,15,6,0,0
2023,6,15,6,15,0
2023,6,15,6,30,0
2023,6,15,6,45,0
2023,6,15,7,0,0
2023,6,15,7,15,0
2023,6,15,7,30,0
2023,6,15,7,45,0
2023,6,15,8,0,0
2023,6,15,8,15,0
2023,6,15,8,30,0
2023,6,15,8,45,0
2023,6,15,9,0,0
2023,6,15,9,15,0
2023,6,15,9,30,0
2023,6,15,9,45,0
2023,6,15,10,0,0
2023,6,15,10,15,0
2023,6,15,10,30,0
2023,6,15,10,45,0
2023,6,15,11,0,0
2023,6,15,11,15,0
2023,6,15,11,30,0
2023,6,15,11,45,0
2023,6,15,12,0,0
2023,6,15,12,15,0
2023,6,15,12,30,0
2023,6,15,12,45,26
2023,6,15,13,0,41
2023,6,15,13,15,26
2023,6,15,13,30,124
2023,6,15,13,45,190
2023,6,15,14,0,209
2023,6,15,14,15,167
2023,6,15,14,30,325
2023,6,15,14,45,390
2023,6,15,15,0,382
2023,6,15,15,15,324
2023,6,15,15,30,455
2023,6,15,15,45,482
2023,6,15,16,0,634
2023,6,15,16,15,605
2023,6,15,16,30,636
2023,6,15,16,45,655
2023,6,15,17,0,797
2023,6,15,17,15,832
2023,6,15,17,30,743
2023,6,15,17,45,897
2023,6,15,18,0,701
2023,6,15,18,15,811
2023,6,15,18,30,712
2023,6,15,18,45,751
2023,6,15,19,0,877
2023,6,15,19,15,271
2023,6,15,19,30,788
2023,6,15,19,45,659
2023,6,15,20,0,41
2023,6,15,20,15,150
2023,6,15,20,30,274
2023,6,15,20,45,807
2023,6,15,21,0,816
2023,6,15,21,15,703
2023,6,15,21,30,764
2023,6,15,21,45,740
2023,6,15,22,0,631
2023,6,15,22,15,262
2023,6,15,22,30,201
2023,6,15,22,45,20
2023,6,15,23,0,391
2023,6,15,23,15,536
2023,6,15,23,30,388
2023,6,15,23,45,265
2023,6,16,0,0,319
2023,6,16,0,15,17
2023,6,16,0,30,311
2023,6,16,0,45,337
2023,6,16,1,0,287
2023,6,16,1,15,252
2023,6,16,1,30,139
2023,6,16,1,45,96
2023,6,16,2,0,104
2023,6,16,2,15,63
2023,6,16,2,30,34
2023,6,16,2,45,11
2023,6,16,3,0,0
2023,6,16,3,15,0
2023,6,16,3,30,0
2023,6,16,3,45,0
2023,6,16,4,0,0
2023,6,16,4,15,0
2023,6,16,4,30,0
2023,6,16,4,45,0
2023,6,16,5,0,0
2023,6,16,5,15,0
2023,6,16,5,30,0
2023,6,16,5,45,0
2023,6,16,6,0,0
2023,6,16,6,15,0
2023,6,16,6,30,0
2023,6,16,6,45,0
2023,6,16,7,0,0
2023,6,16,7,15,0
2023,6,16,7,30,0
2023,6,16,7,45,0
2023,6,16,8,0,0
2023,6,16,8,15,0
2023,6,16,8,30,0
2023,6,16,8,45,0
2023,6,16,9,0,0
2023,6,16,9,15,0
2023,6,16,9,30,0
2023,6,16,9,45,0
2023,6,16,10,0,0
2023,6,16,10,15,0
2023,6,16,10,30,0
2023,6,16,10,45,0
2023,6,16,11,0,0
2023,6,16,11,15,0
2023,6,16,11,30,0
2023,6,16,11,45,0
2023,6,16,12,0,0
2023,6,16,12,15,0
2023,6,16,12,30,0
2023,6,16,12,45,15
2023,6,16,13,0,22
2023,6,16,13,15,3
2023,6,16,13,30,44
2023,6,16,13,45,83
2023,6,16,14,0,160
2023,6,16,14,15,14
2023,6,16,14,30,96
2023,6,16,14,45,127
2023,6,16,15,0,101
2023,6,16,15,15,72
2023,6,16,15,30,135
2023,6,16,15,45,164
2023,6,16,16,0,166
2023,6,16,16,15,262
2023,6,16,16,30,257
2023,6,16,16,45,309
2023,6,16,17,0,443
2023,6,16,17,15,693
2023,6,16,17,30,527
2023,6,16,17,45,208
2023,6,16,18,0,629
2023,6,16,18,15,574
2023,6,16,18,30,206
2023,6,16,18,45,141
2023,6,16,19,0,446
2023,6,16,19,15,359
2023,6,16,19,30,123
2023,6,16,19,45,129
2023,6,16,20,0,89
2023,6,16,20,15,407
2023,6,16,20,30,865
2023,6,16,20,45,967
2023,6,16,21,0,951
2023,6,16,21,15,830
2023,6,16,21,30,744
2023,6,16,21,45,422
2023,6,16,22,0,848
2023,6,16,22,15,813
2023,6,16,22,30,776
2023,6,16,22,45,738
2023,6,16,23,0,698
2023,6,16,23,15,654
2023,6,16,23,30,608
2023,6,16,23,45,561
2023,6,17,0,0,513
2023,6,17,0,15,463
2023,6,17,0,30,413
2023,6,17,0,45,363
2023,6,17,1,0,311
2023,6,17,1,15,262
2023,6,17,1,30,212
2023,6,17,1,45,165
2023,6,17,2,0,120
2023,6,17,2,15,79
2023,6,17,2,30,43
2023,6,17,2,45,17
2023,6,17,3,0,0
2023,6,17,3,15,0
2023,6,17,3,30,0
2023,6,17,3,45,0
2023,6,17,4,0,0
2023,6,17,4,15,0
2023,6,17,4,30,0
2023,6,17,4,45,0
2023,6,17,5,0,0
2023,6,17,5,15,0
2023,6,17,5,30,0
2023,6,17,5,45,0
2023,6,17,6,0,0
2023,6,17,6,15,0
2023,6,17,6,30,0
2023,6,17,6,45,0
2023,6,17,7,0,0
2023,6,17,7,15,0
2023,6,17,7,30,0
2023,6,17,7,45,0
2023,6,17,8,0,0
2023,6,17,8,15,0
2023,6,17,8,30,0
2023,6,17,8,45,0
2023,6,17,9,0,0
2023,6,17,9,15,0
2023,6,17,9,30,0
2023,6,17,9,45,0
2023,6,17,10,0,0
2023,6,17,10,15,0
2023,6,17,10,30,0
2023,6,17,10,45,0
2023,6,17,11,0,0
2023,6,17,11,15,0
2023,6,17,11,30,0
2023,6,17,11,45,0
2023,6,17,12,0,0
2023,6,17,12,15,0
2023,6,17,12,30,0
2023,6,17,12,45,33
2023,6,17,13,0,66
2023,6,17,13,15,106
2023,6,17,13,30,151
2023,6,17,13,45,199
2023,6,17,14,0,249
2023,6,17,14,15,300
2023,6,17,14,30,352
2023,6,17,14,45,404
2023,6,17,15,0,455
2023,6,17,15,15,506
2023,6,17,15,30,554
2023,6,17,15,45,603
2023,6,17,16,0,650
2023,6,17,16,15,696
2023,6,17,16,30,739
2023,6,17,16,45,779
2023,6,17,17,0,818
2023,6,17,17,15,851
2023,6,17,17,30,884
2023,6,17,17,45,910
2023,6,17,18,0,936
2023,6,17,18,15,959
2023,6,17,18,30,978
2023,6,17,18,45,994
2023,6,17,19,0,1006
2023,6,17,19,15,1015
2023,6,17,19,30,1019
2023,6,17,19,45,1020
2023,6,17,20,0,1015
2023,6,17,20,15,1008
2023,6,17,20,30,998
2023,6,17,20,45,990
2023,6,17,21,0,972
2023,6,17,21,15,950
2023,6,17,21,30,928
2023,6,17,21,45,900
2023,6,17,22,0,869
2023,6,17,22,15,834
2023,6,17,22,30,797
2023,6,17,22,45,758
2023,6,17,23,0,716
2023,6,17,23,15,673
2023,6,17,23,30,627
2023,6,17,23,45,579
2023,6,18,0,0,530
2023,6,18,0,15,479
2023,6,18,0,30,429
2023,6,18,0,45,378
2023,6,18,1,0,326
2023,6,18,1,15,274
2023,6,18,1,30,224
2023,6,18,1,45,175
2023,6,18,2,0,128
2023,6,18,2,15,85
2023,6,18,2,30,47
2023,6,18,2,45,19
2023,6,18,3,0,0
2023,6,18,3,15,0
2023,6,18,3,30,0
2023,6,18,3,45,0
2023,6,18,4,0,0
2023,6,18,4,15,0
2023,6,18,4,30,0
2023,6,18,4,45,0
2023,6,18,5,0,0
2023,6,18,5,15,0
2023,6,18,5,30,0
2023,6,18,5,45,0
2023,6,18,6,0,0
2023,6,18,6,15,0
2023,6,18,6,30,0
2023,6,18,6,45,0
2023,6,18,7,0,0
2023,6,18,7,15,0
2023,6,18,7,30,0
2023,6,18,7,45,0
2023,6,18,8,0,0
2023,6,18,8,15,0
2023,6,18,8,30,0
2023,6,18,8,45,0
2023,6,18,9,0,0
2023,6,18,9,15,0
2023,6,18,9,30,0
2023,6,18,9,45,0
2023,6,18,10,0,0
2023,6,18,10,15,0
2023,6,18,10,30,0
2023,6,18,10,45,0
2023,6,18,11,0,0
2023,6,18,11,15,0
2023,6,18,11,30,0
2023,6,18,11,45,0
2023,6,18,12,0,0
2023,6,18,12,15,0
2023,6,18,12,30,0
2023,6,18,12,45,32
2023,6,18,13,0,66
2023,6,18,13,15,106
2023,6,18,13,30,151
2023,6,18,13,45,198
2023,6,18,14,0,248
2023,6,18,14,15,299
2023,6,18,14,30,351
2023,6,18,14,45,404
2023,6,18,15,0,455
2023,6,18,15,15,506
2023,6,18,15,30,558
2023,6,18,15,45,607
2023,6,18,16,0,655
2023,6,18,16,15,702
2023,6,18,16,30,745
2023,6,18,16,45,787
2023,6,18,17,0,826
2023,6,18,17,15,864
2023,6,18,17,30,897
2023,6,18,17,45,929
2023,6,18,18,0,956
2023,6,18,18,15,979
2023,6,18,18,30,1001
2023,6,18,18,45,1016
2023,6,18,19,0,1029
2023,6,18,19,15,1037
2023,6,18,19,30,1042
2023,6,18,19,45,1043
2023,6,18,20,0,1040
2023,6,18,20,15,1033
2023,6,18,20,30,1022
2023,6,18,20,45,1004
2023,6,18,21,0,986
2023,6,18,21,15,965
2023,6,18,21,30,940
2023,6,18,21,45,915
2023,6,18,22,0,883
2023,6,18,22,15,848
2023,6,18,22,30,811
2023,6,18,22,45,771
2023,6,18,23,0,728
2023,6,18,23,15,684
2023,6,18,23,30,637
2023,6,18,23,45,588
2023,6,19,0,0,538
2023,6,19,0,15,487
2023,6,19,0,30,435
2023,6,19,0,45,381
2023,6,19,1,0,329
2023,6,19,1,15,277
2023,6,19,1,30,225
2023,6,19,1,45,175
2023,6,19,2,0,128
2023,6,19,2,15,84
2023,6,19,2,30,47
2023,6,19,2,45,18
2023,6,19,3,0,0
2023,6,19,3,15,0
2023,6,19,3,30,0
2023,6,19,3,45,0
2023,6,19,4,0,0
2023,6,19,4,15,0
2023,6,19,4,30,0
2023,6,19,4,45,0
2023,6,19,5,0,0
2023,6,19,5,15,0
2023,6,19,5,30,0
2023,6,19,5,45,0
2023,6,19,6,0,0
2023,6,19,6,15,0
2023,6,19,6,30,0
2023,6,19,6,45,0
2023,6,19,7,0,0
2023,6,19,7,15,0
2023,6,19,7,30,0
2023,6,19,7,45,0
2023,6,19,8,0,0
2023,6,19,8,15,0
2023,6,19,8,30,0
2023,6,19,8,45,0
2023,6,19,9,0,0
2023,6,19,9,15,0
2023,6,19,9,30,0
2023,6,19,9,45,0
2023,6,19,10,0,0
2023,6,19,10,15,0
2023,6,19,10,30,0
2023,6,19,10,45,0
2023,6,19,11,0,0
2023,6,19,11,15,0
2023,6,19,11,30,0
2023,6,19,11,45,0
2023,6,19,12,0,0
2023,6,19,12,15,0
2023,6,19,12,30,0
2023,6,19,12,45,34
2023,6,19,13,0,69
2023,6,19,13,15,110
2023,6,19,13,30,157
2023,6,19,13,45,206
2023,6,19,14,0,256
2023,6,19,14,15,308
2023,6,19,14,30,360
2023,6,19,14,45,413
2023,6,19,15,0,465
2023,6,19,15,15,516
2023,6,19,15,30,567
2023,6,19,15,45,615
2023,6,19,16,0,662
2023,6,19,16,15,708
2023,6,19,16,30,752
2023,6,19,16,45,792
2023,6,19,17,0,831
2023,6,19,17,15,867
2023,6,19,17,30,899
2023,6,19,17,45,925
2023,6,19,18,0,952
2023,6,19,18,15,975
2023,6,19,18,30,994
2023,6,19,18,45,1010
2023,6,19,19,0,1022
2023,6,19,19,15,1031
2023,6,19,19,30,1035
2023,6,19,19,45,1036
2023,6,19,20,0,1033
2023,6,19,20,15,1026
2023,6,19,20,30,1016
2023,6,19,20,45,1002
2023,6,19,21,0,984
2023,6,19,21,15,960
2023,6,19,21,30,935
2023,6,19,21,45,907
2023,6,19,22,0,876
2023,6,19,22,15,839
2023,6,19,22,30,802
2023,6,19,22,45,762
2023,6,19,23,0,718
2023,6,19,23,15,674
2023,6,19,23,30,628
2023,6,19,23,45,579
2023,6,20,0,0,528
2023,6,20,0,15,477
2023,6,20,0,30,425
2023,6,20,0,45,373
2023,6,20,1,0,321
2023,6,20,1,15,270
2023,6,20,1,30,220
2023,6,20,1,45,170
2023,6,20,2,0,125
2023,6,20,2,15,82
2023,6,20,2,30,46
2023,6,20,2,45,18
2023,6,20,3,0,0
2023,6,20,3,15,0
2023,6,20,3,30,0
2023,6,20,3,45,0
2023,6,20,4,0,0
2023,6,20,4,15,0
2023,6,20,4,30,0
2023,6,20,4,45,0
2023,6,20,5,0,0
2023,6,20,5,15,0
2023,6,20,5,30,0
2023,6,20,5,45,0
2023,6,20,6,0,0
2023,6,20,6,15,0
2023,6,20,6,30,0
2023,6,20,6,45,0
2023,6,20,7,0,0
2023,6,20,7,15,0
2023,6,20,7,30,0
2023,6,20,7,45,0
2023,6,20,8,0,0
2023,6,20,8,15,0
2023,6,20,8,30,0
2023,6,20,8,45,0
2023,6,20,9,0,0
2023,6,20,9,15,0
2023,6,20,9,30,0
2023,6,20,9,45,0
2023,6,20,10,0,0
2023,6,20,10,15,0
2023,6,20,10,30,0
2023,6,20,10,45,0
2023,6,20,11,0,0
2023,6,20,11,15,0
2023,6,20,11,30,0
2023,6,20,11,45,0
2023,6,20,12,0,0
2023,6,20,12,15,0
2023,6,20,12,30,0
2023,6,20,12,45,38
2023,6,20,13,0,77
2023,6,20,13,15,122
2023,6,20,13,30,171
2023,6,20,13,45,226
2023,6,20,14,0,281
2023,6,20,14,15,335
2023,6,20,14,30,391
2023,6,20,14,45,446
2023,6,20,15,0,501
2023,6,20,15,15,555
2023,6,20,15,30,608
2023,6,20,15,45,659
2023,6,20,16,0,708
2023,6,20,16,15,756
2023,6,20,16,30,794
2023,6,20,16,45,837
2023,6,20,17,0,877
2023,6,20,17,15,914
2023,6,20,17,30,948
2023,6,20,17,45,974
2023,6,20,18,0,1002
2023,6,20,18,15,1026
2023,6,20,18,30,1046
2023,6,20,18,45,1064
2023,6,20,19,0,1069
2023,6,20,19,15,1078
2023,6,20,19,30,1083
2023,6,20,19,45,1085
2023,6,20,20,0,1082
2023,6,20,20,15,1075
2023,6,20,20,30,1064
2023,6,20,20,45,1046
2023,6,20,21,0,1028
2023,6,20,21,15,1006
2023,6,20,21,30,980
2023,6,20,21,45,952
2023,6,20,22,0,920
2023,6,20,22,15,884
2023,6,20,22,30,846
2023,6,20,22,45,806
2023,6,20,23,0,762
2023,6,20,23,15,716
2023,6,20,23,30,663
2023,6,20,23,45,615
2023,6,21,0,0,564
2023,6,21,0,15,511
2023,6,21,0,30,458
2023,6,21,0,45,404
2023,6,21,1,0,350
2023,6,21,1,15,295
2023,6,21,1,30,242
2023,6,21,1,45,191
2023,6,21,2,0,141
2023,6,21,2,15,95
2023,6,21,2,30,54
2023,6,21,2,45,22
2023,6,21,3,0,0
2023,6,21,3,15,0
2023,6,21,3,30,0
2023,6,21,3,45,0
2023,6,21,4,0,0
2023,6,21,4,15,0
2023,6,21,4,30,0
2023,6,21,4,45,0
2023,6,21,5,0,0
2023,6,21,5,15,0
2023,6,21,5,30,0
2023,6,21,5,45,0
2023,6,21,6,0,0
2023,6,21,6,15,0
2023,6,21,6,30,0
2023,6,21,6,45,0
2023,6,21,7,0,0
2023,6,21,7,15,0
2023,6,21,7,30,0
2023,6,21,7,45,0
2023,6,21,8,0,0
2023,6,21,8,15,0
2023,6,21,8,30,0
2023,6,21,8,45,0
2023,6,21,9,0,0
2023,6,21,9,15,0
2023,6,21,9,30,0
2023,6,21,9,45,0
2023,6,21,10,0,0
2023,6,21,10,15,0
2023,6,21,10,30,0
2023,6,21,10,45,0
2023,6,21,11,0,0
2023,6,21,11,15,0
2023,6,21,11,30,0
2023,6,21,11,45,0
2023,6,21,12,0,0
2023,6,21,12,15,0
2023,6,21,12,30,0
2023,6,21,12,45,36
2023,6,21,13,0,73
2023,6,21,13,15,117
2023,6,21,13,30,165
2023,6,21,13,45,215
2023,6,21,14,0,268
2023,6,21,14,15,321
2023,6,21,14,30,375
2023,6,21,14,45,429
2023,6,21,15,0,483
2023,6,21,15,15,535
2023,6,21,15,30,587
2023,6,21,15,45,641
2023,6,21,16,0,690
2023,6,21,16,15,737
2023,6,21,16,30,782
2023,6,21,16,45,825
2023,6,21,17,0,864
2023,6,21,17,15,901
2023,6,21,17,30,935
2023,6,21,17,45,965
2023,6,21,18,0,992
2023,6,21,18,15,1016
2023,6,21,18,30,1036
2023,6,21,18,45,1052
2023,6,21,19,0,1065
2023,6,21,19,15,1074
2023,6,21,19,30,1079
2023,6,21,19,45,1080
2023,6,21,20,0,1077
2023,6,21,20,15,1071
2023,6,21,20,30,1060
2023,6,21,20,45,1042
2023,6,21,21,0,1023
2023,6,21,21,15,1001
2023,6,21,21,30,976
2023,6,21,21,45,948
2023,6,21,22,0,691
2023,6,21,22,15,678
2023,6,21,22,30,842
2023,6,21,22,45,802
2023,6,21,23,0,657
2023,6,21,23,15,654
2023,6,21,23,30,664
2023,6,21,23,45,615
2023,6,22,0,0,564
2023,6,22,0,15,511
2023,6,22,0,30,458
2023,6,22,0,45,404
2023,6,22,1,0,350
2023,6,22,1,15,296
2023,6,22,1,30,242
2023,6,22,1,45,160
2023,6,22,2,0,104
2023,6,22,2,15,74
2023,6,22,2,30,54
2023,6,22,2,45,22
2023,6,22,3,0,0
2023,6,22,3,15,0
2023,6,22,3,30,0
2023,6,22,3,45,0
2023,6,22,4,0,0
2023,6,22,4,15,0
2023,6,22,4,30,0
2023,6,22,4,45,0
2023,6,22,5,0,0
2023,6,22,5,15,0
2023,6,22,5,30,0
2023,6,22,5,45,0
2023,6,22,6,0,0
2023,6,22,6,15,0
2023,6,22,6,30,0
2023,6,22,6,45,0
2023,6,22,7,0,0
2023,6,22,7,15,0
2023,6,22,7,30,0
2023,6,22,7,45,0
2023,6,22,8,0,0
2023,6,22,8,15,0
2023,6,22,8,30,0
2023,6,22,8,45,0
2023,6,22,9,0,0
2023,6,22,9,15,0
2023,6,22,9,30,0
2023,6,22,9,45,0
2023,6,22,10,0,0
2023,6,22,10,15,0
2023,6,22,10,30,0
2023,6,22,10,45,0
2023,6,22,11,0,0
2023,6,22,11,15,0
2023,6,22,11,30,0
2023,6,22,11,45,0
2023,6,22,12,0,0
2023,6,22,12,15,0
2023,6,22,12,30,0
2023,6,22,12,45,33
2023,6,22,13,0,68
2023,6,22,13,15,109
2023,6,22,13,30,157
2023,6,22,13,45,206
2023,6,22,14,0,257
2023,6,22,14,15,301
2023,6,22,14,30,344
2023,6,22,14,45,415
2023,6,22,15,0,468
2023,6,22,15,15,414
2023,6,22,15,30,514
2023,6,22,15,45,619
2023,6,22,16,0,667
2023,6,22,16,15,713
2023,6,22,16,30,720
2023,6,22,16,45,798
2023,6,22,17,0,838
2023,6,22,17,15,874
2023,6,22,17,30,907
2023,6,22,17,45,934
2023,6,22,18,0,961
2023,6,22,18,15,878
2023,6,22,18,30,1004
2023,6,22,18,45,1021
2023,6,22,19,0,1034
2023,6,22,19,15,1043
2023,6,22,19,30,1048
2023,6,22,19,45,1049
2023,6,22,20,0,1047
2023,6,22,20,15,1040
2023,6,22,20,30,1030
2023,6,22,20,45,1017
2023,6,22,21,0,1003
2023,6,22,21,15,981
2023,6,22,21,30,956
2023,6,22,21,45,928
2023,6,22,22,0,899
2023,6,22,22,15,864
2023,6,22,22,30,830
2023,6,22,22,45,790
2023,6,22,23,0,747
2023,6,22,23,15,704
2023,6,22,23,30,657
2023,6,22,23,45,612
2023,6,23,0,0,560
2023,6,23,0,15,508
2023,6,23,0,30,455
2023,6,23,0,45,404
2023,6,23,1,0,349
2023,6,23,1,15,296
2023,6,23,1,30,242
2023,6,23,1,45,189
2023,6,23,2,0,139
2023,6,23,2,15,93
2023,6,23,2,30,53
2023,6,23,2,45,21
2023,6,23,3,0,0
2023,6,23,3,15,0
2023,6,23,3,30,0
2023,6,23,3,45,0
2023,6,23,4,0,0
2023,6,23,4,15,0
2023,6,23,4,30,0
2023,6,23,4,45,0
2023,6,23,5,0,0
2023,6,23,5,15,0
2023,6,23,5,30,0
2023,6,23,5,45,0
2023,6,23,6,0,0
2023,6,23,6,15,0
2023,6,23,6,30,0
2023,6,23,6,45,0
2023,6,23,7,0,0
2023,6,23,7,15,0
2023,6,23,7,30,0
2023,6,23,7,45,0
2023,6,23,8,0,0
2023,6,23,8,15,0
2023,6,23,8,30,0
2023,6,23,8,45,0
2023,6,23,9,0,0
2023,6,23,9,15,0
2023,6,23,9,30,0
2023,6,23,9,45,0
2023,6,23,10,0,0
2023,6,23,10,15,0
2023,6,23,10,30,0
2023,6,23,10,45,0
2023,6,23,11,0,0
2023,6,23,11,15,0
2023,6,23,11,30,0
2023,6,23,11,45,0
2023,6,23,12,0,0
2023,6,23,12,15,0
2023,6,23,12,30,0
2023,6,23,12,45,32
2023,6,23,13,0,67
2023,6,23,13,15,110
2023,6,23,13,30,157
2023,6,23,13,45,207
2023,6,23,14,0,259
2023,6,23,14,15,313
2023,6,23,14,30,367
2023,6,23,14,45,421
2023,6,23,15,0,474
2023,6,23,15,15,527
2023,6,23,15,30,579
2023,6,23,15,45,630
2023,6,23,16,0,679
2023,6,23,16,15,726
2023,6,23,16,30,771
2023,6,23,16,45,814
2023,6,23,17,0,854
2023,6,23,17,15,891
2023,6,23,17,30,925
2023,6,23,17,45,956
2023,6,23,18,0,984
2023,6,23,18,15,1008
2023,6,23,18,30,1028
2023,6,23,18,45,1045
2023,6,23,19,0,1058
2023,6,23,19,15,1067
2023,6,23,19,30,1072
2023,6,23,19,45,1074
2023,6,23,20,0,1071
2023,6,23,20,15,1065
2023,6,23,20,30,1054
2023,6,23,20,45,1040
2023,6,23,21,0,1022
2023,6,23,21,15,1000
2023,6,23,21,30,974
2023,6,23,21,45,946
2023,6,23,22,0,914
2023,6,23,22,15,885
2023,6,23,22,30,846
2023,6,23,22,45,806
2023,6,23,23,0,762
2023,6,23,23,15,716
2023,6,23,23,30,668
2023,6,23,23,45,619
2023,6,24,0,0,567
2023,6,24,0,15,515
2023,6,24,0,30,461
2023,6,24,0,45,407
2023,6,24,1,0,353
2023,6,24,1,15,298
2023,6,24,1,30,245
2023,6,24,1,45,193
2023,6,24,2,0,143
2023,6,24,2,15,97
2023,6,24,2,30,55
2023,6,24,2,45,23
2023,6,24,3,0,0
2023,6,24,3,15,0
2023,6,24,3,30,0
2023,6,24,3,45,0
2023,6,24,4,0,0
2023,6,24,4,15,0
2023,6,24,4,30,0
2023,6,24,4,45,0
2023,6,24,5,0,0
2023,6,24,5,15,0
2023,6,24,5,30,0
2023,6,24,5,45,0
2023,6,24,6,0,0
2023,6,24,6,15,0
2023,6,24,6,30,0
2023,6,24,6,45,0
2023,6,24,7,0,0
2023,6,24,7,15,0
2023,6,24,7,30,0
2023,6,24,7,45,0
2023,6,24,8,0,0
2023,6,24,8,15,0
2023,6,24,8,30,0
2023,6,24,8,45,0
2023,6,24,9,0,0
2023,6,24,9,15,0
2023,6,24,9,30,0
2023,6,24,9,45,0
2023,6,24,10,0,0
2023,6,24,10,15,0
2023,6,24,10,30,0
2023,6,24,10,45,0
2023,6,24,11,0,0
2023,6,24,11,15,0
2023,6,24,11,30,0
2023,6,24,11,45,0
2023,6,24,12,0,0
2023,6,24,12,15,0
2023,6,24,12,30,0
2023,6,24,12,45,34
2023,6,24,13,0,70
2023,6,24,13,15,113
2023,6,24,13,30,161
2023,6,24,13,45,211
2023,6,24,14,0,263
2023,6,24,14,15,317
2023,6,24,14,30,370
2023,6,24,14,45,390
2023,6,24,15,0,473
2023,6,24,15,15,455
2023,6,24,15,30,555
2023,6,24,15,45,611
2023,6,24,16,0,678
2023,6,24,16,15,697
2023,6,24,16,30,769
2023,6,24,16,45,812
2023,6,24,17,0,852
2023,6,24,17,15,841
2023,6,24,17,30,864
2023,6,24,17,45,952
2023,6,24,18,0,980
2023,6,24,18,15,1004
2023,6,24,18,30,1024
2023,6,24,18,45,1040
2023,6,24,19,0,1053
2023,6,24,19,15,1058
2023,6,24,19,30,1063
2023,6,24,19,45,1064
2023,6,24,20,0,1062
2023,6,24,20,15,1055
2023,6,24,20,30,1045
2023,6,24,20,45,1031
2023,6,24,21,0,855
2023,6,24,21,15,991
2023,6,24,21,30,971
2023,6,24,21,45,942
2023,6,24,22,0,911
2023,6,24,22,15,876
2023,6,24,22,30,838
2023,6,24,22,45,797
2023,6,24,23,0,754
2023,6,24,23,15,713
2023,6,24,23,30,665
2023,6,24,23,45,615
2023,6,25,0,0,564
2023,6,25,0,15,512
2023,6,25,0,30,458
2023,6,25,0,45,405
2023,6,25,1,0,353
2023,6,25,1,15,299
2023,6,25,1,30,246
2023,6,25,1,45,194
2023,6,25,2,0,144
2023,6,25,2,15,97
2023,6,25,2,30,56
2023,6,25,2,45,23
2023,6,25,3,0,0
2023,6,25,3,15,0
2023,6,25,3,30,0
2023,6,25,3,45,0
2023,6,25,4,0,0
2023,6,25,4,15,0
2023,6,25,4,30,0
2023,6,25,4,45,0
2023,6,25,5,0,0
2023,6,25,5,15,0
2023,6,25,5,30,0
2023,6,25,5,45,0
2023,6,25,6,0,0
2023,6,25,6,15,0
2023,6,25,6,30,0
2023,6,25,6,45,0
2023,6,25,7,0,0
2023,6,25,7,15,0
2023,6,25,7,30,0
2023,6,25,7,45,0
2023,6,25,8,0,0
2023,6,25,8,15,0
2023,6,25,8,30,0
2023,6,25,8,45,0
2023,6,25,9,0,0
2023,6,25,9,15,0
2023,6,25,9,30,0
2023,6,25,9,45,0
2023,6,25,10,0,0
2023,6,25,10,15,0
2023,6,25,10,30,0
2023,6,25,10,45,0
2023,6,25,11,0,0
2023,6,25,11,15,0
2023,6,25,11,30,0
2023,6,25,11,45,0
2023,6,25,12,0,0
2023,6,25,12,15,0
2023,6,25,12,30,0
2023,6,25,12,45,33
2023,6,25,13,0,69
2023,6,25,13,15,112
2023,6,25,13,30,159
2023,6,25,13,45,210
2023,6,25,14,0,262
2023,6,25,14,15,315
2023,6,25,14,30,369
2023,6,25,14,45,423
2023,6,25,15,0,477
2023,6,25,15,15,530
2023,6,25,15,30,582
2023,6,25,15,45,633
2023,6,25,16,0,681
2023,6,25,16,15,728
2023,6,25,16,30,773
2023,6,25,16,45,816
2023,6,25,17,0,856
2023,6,25,17,15,893
2023,6,25,17,30,927
2023,6,25,17,45,958
2023,6,25,18,0,985
2023,6,25,18,15,1009
2023,6,25,18,30,1029
2023,6,25,18,45,1046
2023,6,25,19,0,1059
2023,6,25,19,15,1068
2023,6,25,19,30,1073
2023,6,25,19,45,1075
2023,6,25,20,0,1072
2023,6,25,20,15,1065
2023,6,25,20,30,1055
2023,6,25,20,45,1037
2023,6,25,21,0,1019
2023,6,25,21,15,998
2023,6,25,21,30,973
2023,6,25,21,45,944
2023,6,25,22,0,912
2023,6,25,22,15,877
2023,6,25,22,30,839
2023,6,25,22,45,799
2023,6,25,23,0,755
2023,6,25,23,15,710
2023,6,25,23,30,662
2023,6,25,23,45,613
2023,6,26,0,0,562
2023,6,26,0,15,509
2023,6,26,0,30,456
2023,6,26,0,45,405
2023,6,26,1,0,351
2023,6,26,1,15,297
2023,6,26,1,30,244
2023,6,26,1,45,192
2023,6,26,2,0,142
2023,6,26,2,15,96
2023,6,26,2,30,55
2023,6,26,2,45,23
2023,6,26,3,0,0
2023,6,26,3,15,0
2023,6,26,3,30,0
2023,6,26,3,45,0
2023,6,26,4,0,0
2023,6,26,4,15,0
2023,6,26,4,30,0
2023,6,26,4,45,0
2023,6,26,5,0,0
2023,6,26,5,15,0
2023,6,26,5,30,0
2023,6,26,5,45,0
2023,6,26,6,0,0
2023,6,26,6,15,0
2023,6,26,6,30,0
2023,6,26,6,45,0
2023,6,26,7,0,0
2023,6,26,7,15,0
2023,6,26,7,30,0
2023,6,26,7,45,0
2023,6,26,8,0,0
2023,6,26,8,15,0
2023,6,26,8,30,0
2023,6,26,8,45,0
2023,6,26,9,0,0
2023,6,26,9,15,0
2023,6,26,9,30,0
2023,6,26,9,45,0
2023,6,26,10,0,0
2023,6,26,10,15,0
2023,6,26,10,30,0
2023,6,26,10,45,0
2023,6,26,11,0,0
2023,6,26,11,15,0
2023,6,26,11,30,0
2023,6,26,11,45,0
2023,6,26,12,0,0
2023,6,26,12,15,0
2023,6,26,12,30,0
2023,6,26,12,45,31
2023,6,26,13,0,65
2023,6,26,13,15,107
2023,6,26,13,30,153
2023,6,26,13,45,203
2023,6,26,14,0,255
2023,6,26,14,15,308
2023,6,26,14,30,361
2023,6,26,14,45,413
2023,6,26,15,0,465
2023,6,26,15,15,520
2023,6,26,15,30,571
2023,6,26,15,45,621
2023,6,26,16,0,669
2023,6,26,16,15,716
2023,6,26,16,30,760
2023,6,26,16,45,802
2023,6,26,17,0,842
2023,6,26,17,15,878
2023,6,26,17,30,912
2023,6,26,17,45,942
2023,6,26,18,0,969
2023,6,26,18,15,993
2023,6,26,18,30,1013
2023,6,26,18,45,1030
2023,6,26,19,0,1043
2023,6,26,19,15,1052
2023,6,26,19,30,1057
2023,6,26,19,45,1058
2023,6,26,20,0,1056
2023,6,26,20,15,1049
2023,6,26,20,30,1039
2023,6,26,20,45,1019
2023,6,26,21,0,1001
2023,6,26,21,15,980
2023,6,26,21,30,955
2023,6,26,21,45,927
2023,6,26,22,0,895
2023,6,26,22,15,861
2023,6,26,22,30,823
2023,6,26,22,45,784
2023,6,26,23,0,741
2023,6,26,23,15,696
2023,6,26,23,30,646
2023,6,26,23,45,599
2023,6,27,0,0,548
2023,6,27,0,15,497
2023,6,27,0,30,445
2023,6,27,0,45,392
2023,6,27,1,0,339
2023,6,27,1,15,287
2023,6,27,1,30,234
2023,6,27,1,45,184
2023,6,27,2,0,136
2023,6,27,2,15,91
2023,6,27,2,30,52
2023,6,27,2,45,21
2023,6,27,3,0,0
2023,6,27,3,15,0
2023,6,27,3,30,0
2023,6,27,3,45,0
2023,6,27,4,0,0
2023,6,27,4,15,0
2023,6,27,4,30,0
2023,6,27,4,45,0
2023,6,27,5,0,0
2023,6,27,5,15,0
2023,6,27,5,30,0
2023,6,27,5,45,0
2023,6,27,6,0,0
2023,6,27,6,15,0
2023,6,27,6,30,0
2023,6,27,6,45,0
2023,6,27,7,0,0
2023,6,27,7,15,0
2023,6,27,7,30,0
2023,6,27,7,45,0
2023,6,27,8,0,0
2023,6,27,8,15,0
2023,6,27,8,30,0
2023,6,27,8,45,0
2023,6,27,9,0,0
2023,6,27,9,15,0
2023,6,27,9,30,0
2023,6,27,9,45,0
2023,6,27,10,0,0
2023,6,27,10,15,0
2023,6,27,10,30,0
2023,6,27,10,45,0
2023,6,27,11,0,0
2023,6,27,11,15,0
2023,6,27,11,30,0
2023,6,27,11,45,0
2023,6,27,12,0,0
2023,6,27,12,15,0
2023,6,27,12,30,0
2023,6,27,12,45,31
2023,6,27,13,0,65
2023,6,27,13,15,108
2023,6,27,13,30,153
2023,6,27,13,45,203
2023,6,27,14,0,255
2023,6,27,14,15,308
2023,6,27,14,30,361
2023,6,27,14,45,415
2023,6,27,15,0,468
2023,6,27,15,15,521
2023,6,27,15,30,573
2023,6,27,15,45,623
2023,6,27,16,0,672
2023,6,27,16,15,719
2023,6,27,16,30,763
2023,6,27,16,45,806
2023,6,27,17,0,846
2023,6,27,17,15,883
2023,6,27,17,30,917
2023,6,27,17,45,945
2023,6,27,18,0,973
2023,6,27,18,15,997
2023,6,27,18,30,1017
2023,6,27,18,45,1034
2023,6,27,19,0,1047
2023,6,27,19,15,1056
2023,6,27,19,30,1062
2023,6,27,19,45,1063
2023,6,27,20,0,1061
2023,6,27,20,15,1054
2023,6,27,20,30,1044
2023,6,27,20,45,1029
2023,6,27,21,0,1011
2023,6,27,21,15,990
2023,6,27,21,30,965
2023,6,27,21,45,936
2023,6,27,22,0,905
2023,6,27,22,15,870
2023,6,27,22,30,832
2023,6,27,22,45,791
2023,6,27,23,0,748
2023,6,27,23,15,703
2023,6,27,23,30,655
2023,6,27,23,45,603
2023,6,28,0,0,552
2023,6,28,0,15,501
2023,6,28,0,30,448
2023,6,28,0,45,394
2023,6,28,1,0,341
2023,6,28,1,15,288
2023,6,28,1,30,235
2023,6,28,1,45,184
2023,6,28,2,0,136
2023,6,28,2,15,91
2023,6,28,2,30,52
2023,6,28,2,45,21
2023,6,28,3,0,0
2023,6,28,3,15,0
2023,6,28,3,30,0
2023,6,28,3,45,0
2023,6,28,4,0,0
2023,6,28,4,15,0
2023,6,28,4,30,0
2023,6,28,4,45,0
2023,6,28,5,0,0
2023,6,28,5,15,0
2023,6,28,5,30,0
2023,6,28,5,45,0
2023,6,28,6,0,0
2023,6,28,6,15,0
2023,6,28,6,30,0
2023,6,28,6,45,0
2023,6,28,7,0,0
2023,6,28,7,15,0
2023,6,28,7,30,0
2023,6,28,7,45,0
2023,6,28,8,0,0
2023,6,28,8,15,0
2023,6,28,8,30,0
2023,6,28,8,45,0
2023,6,28,9,0,0
2023,6,28,9,15,0
2023,6,28,9,30,0
2023,6,28,9,45,0
2023,6,28,10,0,0
2023,6,28,10,15,0
2023,6,28,10,30,0
2023,6,28,10,45,0
2023,6,28,11,0,0
2023,6,28,11,15,0
2023,6,28,11,30,0
2023,6,28,11,45,0
2023,6,28,12,0,0
2023,6,28,12,15,0
2023,6,28,12,30,0
2023,6,28,12,45,28
2023,6,28,13,0,62
2023,6,28,13,15,103
2023,6,28,13,30,148
2023,6,28,13,45,196
2023,6,28,14,0,247
2023,6,28,14,15,299
2023,6,28,14,30,352
2023,6,28,14,45,405
2023,6,28,15,0,458
2023,6,28,15,15,510
2023,6,28,15,30,561
2023,6,28,15,45,610
2023,6,28,16,0,659
2023,6,28,16,15,705
2023,6,28,16,30,750
2023,6,28,16,45,791
2023,6,28,17,0,831
2023,6,28,17,15,868
2023,6,28,17,30,901
2023,6,28,17,45,933
2023,6,28,18,0,960
2023,6,28,18,15,984
2023,6,28,18,30,1004
2023,6,28,18,45,1021
2023,6,28,19,0,1034
2023,6,28,19,15,1043
2023,6,28,19,30,1048
2023,6,28,19,45,1050
2023,6,28,20,0,1048
2023,6,28,20,15,1041
2023,6,28,20,30,1032
2023,6,28,20,45,1013
2023,6,28,21,0,995
2023,6,28,21,15,974
2023,6,28,21,30,953
2023,6,28,21,45,925
2023,6,28,22,0,893
2023,6,28,22,15,859
2023,6,28,22,30,821
2023,6,28,22,45,781
2023,6,28,23,0,739
2023,6,28,23,15,694
2023,6,28,23,30,646
2023,6,28,23,45,598
2023,6,29,0,0,548
2023,6,29,0,15,496
2023,6,29,0,30,444
2023,6,29,0,45,391
2023,6,29,1,0,338
2023,6,29,1,15,287
2023,6,29,1,30,235
2023,6,29,1,45,184
2023,6,29,2,0,136
2023,6,29,2,15,91
2023,6,29,2,30,52
2023,6,29,2,45,21
2023,6,29,3,0,0
2023,6,29,3,15,0
2023,6,29,3,30,0
2023,6,29,3,45,0
2023,6,29,4,0,0
2023,6,29,4,15,0
2023,6,29,4,30,0
2023,6,29,4,45,0
2023,6,29,5,0,0
2023,6,29,5,15,0
2023,6,29,5,30,0
2023,6,29,5,45,0
2023,6,29,6,0,0
2023,6,29,6,15,0
2023,6,29,6,30,0
2023,6,29,6,45,0
2023,6,29,7,0,0
2023,6,29,7,15,0
2023,6,29,7,30,0
2023,6,29,7,45,0
2023,6,29,8,0,0
2023,6,29,8,15,0
2023,6,29,8,30,0
2023,6,29,8,45,0
2023,6,29,9,0,0
2023,6,29,9,15,0
2023,6,29,9,30,0
2023,6,29,9,45,0
2023,6,29,10,0,0
2023,6,29,10,15,0
2023,6,29,10,30,0
2023,6,29,10,45,0
2023,6,29,11,0,0
2023,6,29,11,15,0
2023,6,29,11,30,0
2023,6,29,11,45,0
2023,6,29,12,0,0
2023,6,29,12,15,0
2023,6,29,12,30,0
2023,6,29,12,45,26
2023,6,29,13,0,58
2023,6,29,13,15,98
2023,6,29,13,30,142
2023,6,29,13,45,190
2023,6,29,14,0,240
2023,6,29,14,15,292
2023,6,29,14,30,342
2023,6,29,14,45,394
2023,6,29,15,0,447
2023,6,29,15,15,498
2023,6,29,15,30,549
2023,6,29,15,45,598
2023,6,29,16,0,647
2023,6,29,16,15,693
2023,6,29,16,30,737
2023,6,29,16,45,779
2023,6,29,17,0,818
2023,6,29,17,15,855
2023,6,29,17,30,888
2023,6,29,17,45,915
2023,6,29,18,0,942
2023,6,29,18,15,966
2023,6,29,18,30,986
2023,6,29,18,45,1003
2023,6,29,19,0,1016
2023,6,29,19,15,1025
2023,6,29,19,30,1030
2023,6,29,19,45,1032
2023,6,29,20,0,1029
2023,6,29,20,15,1023
2023,6,29,20,30,1013
2023,6,29,20,45,1011
2023,6,29,21,0,994
2023,6,29,21,15,972
2023,6,29,21,30,948
2023,6,29,21,45,917
2023,6,29,22,0,886
2023,6,29,22,15,852
2023,6,29,22,30,815
2023,6,29,22,45,772
2023,6,29,23,0,730
2023,6,29,23,15,686
2023,6,29,23,30,639
2023,6,29,23,45,591
2023,6,30,0,0,539
2023,6,30,0,15,489
2023,6,30,0,30,437
2023,6,30,0,45,385
2023,6,30,1,0,333
2023,6,30,1,15,281
2023,6,30,1,30,229
2023,6,30,1,45,179
2023,6,30,2,0,132
2023,6,30,2,15,89
2023,6,30,2,30,51
2023,6,30,2,45,21
2023,6,30,3,0,0
2023,6,30,3,15,0
2023,6,30,3,30,0
2023,6,30,3,45,0
2023,6,30,4,0,0
2023,6,30,4,15,0
2023,6,30,4,30,0
2023,6,30,4,45,0
2023,6,30,5,0,0
2023,6,30,5,15,0
2023,6,30,5,30,0
2023,6,30,5,45,0
2023,6,30,6,0,0
2023,6,30,6,15,0
2023,6,30,6,30,0
2023,6,30,6,45,0
2023,6,30,7,0,0
2023,6,30,7,15,0
2023,6,30,7,30,0
2023,6,30,7,45,0
2023,6,30,8,0,0
2023,6,30,8,15,0
2023,6,30,8,30,0
2023,6,30,8,45,0
2023,6,30,9,0,0
2023,6,30,9,15,0
2023,6,30,9,30,0
2023,6,30,9,45,0
2023,6,30,10,0,0
2023,6,30,10,15,0
2023,6,30,10,30,0
2023,6,30,10,45,0
2023,6,30,11,0,0
2023,6,30,11,15,0
2023,6,30,11,30,0
2023,6,30,11,45,0
2023,6,30,12,0,0
2023,6,30,12,15,0
2023,6,30,12,30,0
2023,6,30,12,45,27
2023,6,30,13,0,60
2023,6,30,13,15,100
2023,6,30,13,30,145
2023,6,30,13,45,192
2023,6,30,14,0,242
2023,6,30,14,15,294
2023,6,30,14,30,345
2023,6,30,14,45,397
2023,6,30,15,0,449
2023,6,30,15,15,501
2023,6,30,15,30,551
2023,6,30,15,45,600
2023,6,30,16,0,648
2023,6,30,16,15,694
2023,6,30,16,30,737
2023,6,30,16,45,779
2023,6,30,17,0,818
2023,6,30,17,15,854
2023,6,30,17,30,888
2023,6,30,17,45,920
2023,6,30,18,0,947
2023,6,30,18,15,970
2023,6,30,18,30,991
2023,6,30,18,45,1008
2023,6,30,19,0,1020
2023,6,30,19,15,1030
2023,6,30,19,30,1035
2023,6,30,19,45,1037
2023,6,30,20,0,1034
2023,6,30,20,15,1028
2023,6,30,20,30,1019
2023,6,30,20,45,1001
2023,6,30,21,0,986
2023,6,30,21,15,965
2023,6,30,21,30,940
2023,6,30,21,45,913
2023,6,30,22,0,882
2023,6,30,22,15,848
2023,6,30,22,30,811
2023,6,30,22,45,771
2023,6,30,23,0,729
2023,6,30,23,15,684
2023,6,30,23,30,638
2023,6,30,23,45,590
2023,7,1,0,0,540
2023,7,1,0,15,489
2023,7,1,0,30,437
2023,7,1,0,45,385
2023,7,1,1,0,333
2023,7,1,1,15,281
2023,7,1,1,30,230
2023,7,1,1,45,180
2023,7,1,2,0,133
2023,7,1,2,15,89
2023,7,1,2,30,50
2023,7,1,2,45,21
2023,7,1,3,0,0
2023,7,1,3,15,0
2023,7,1,3,30,0
2023,7,1,3,45,0
2023,7,1,4,0,0
2023,7,1,4,15,0
2023,7,1,4,30,0
2023,7,1,4,45,0
2023,7,1,5,0,0
2023,7,1,5,15,0
2023,7,1,5,30,0
2023,7,1,5,45,0
2023,7,1,6,0,0
2023,7,1,6,15,0
2023,7,1,6,30,0
2023,7,1,6,45,0
2023,7,1,7,0,0
2023,7,1,7,15,0
2023,7,1,7,30,0
2023,7,1,7,45,0
2023,7,1,8,0,0
2023,7,1,8,15,0
2023,7,1,8,30,0
2023,7,1,8,45,0
2023,7,1,9,0,0
2023,7,1,9,15,0
2023,7,1,9,30,0
2023,7,1,9,45,0
2023,7,1,10,0,0
2023,7,1,10,15,0
2023,7,1,10,30,0
2023,7,1,10,45,0
2023,7,1,11,0,0
2023,7,1,11,15,0
2023,7,1,11,30,0
2023,7,1,11,45,0
2023,7,1,12,0,0
2023,7,1,12,15,0
2023,7,1,12,30,0
2023,7,1,12,45,26
2023,7,1,13,0,58
2023,7,1,13,15,98
2023,7,1,13,30,142
2023,7,1,13,45,190
2023,7,1,14,0,240
2023,7,1,14,15,291
2023,7,1,14,30,343
2023,7,1,14,45,395
2023,7,1,15,0,447
2023,7,1,15,15,498
2023,7,1,15,30,549
2023,7,1,15,45,598
2023,7,1,16,0,645
2023,7,1,16,15,691
2023,7,1,16,30,735
2023,7,1,16,45,777
2023,7,1,17,0,816
2023,7,1,17,15,852
2023,7,1,17,30,888
2023,7,1,17,45,917
2023,7,1,18,0,944
2023,7,1,18,15,968
2023,7,1,18,30,988
2023,7,1,18,45,1005
2023,7,1,19,0,1018
2023,7,1,19,15,1027
2023,7,1,19,30,1035
2023,7,1,19,45,1037
2023,7,1,20,0,1034
2023,7,1,20,15,1029
2023,7,1,20,30,1019
2023,7,1,20,45,1001
2023,7,1,21,0,983
2023,7,1,21,15,962
2023,7,1,21,30,941
2023,7,1,21,45,913
2023,7,1,22,0,882
2023,7,1,22,15,848
2023,7,1,22,30,811
2023,7,1,22,45,771
2023,7,1,23,0,728
2023,7,1,23,15,684
2023,7,1,23,30,637
2023,7,1,23,45,589
2023,7,2,0,0,539
2023,7,2,0,15,488
2023,7,2,0,30,436
2023,7,2,0,45,383
2023,7,2,1,0,331
2023,7,2,1,15,279
2023,7,2,1,30,228
2023,7,2,1,45,178
2023,7,2,2,0,131
2023,7,2,2,15,87
2023,7,2,2,30,49
2023,7,2,2,45,20
2023,7,2,3,0,0
2023,7,2,3,15,0
2023,7,2,3,30,0
2023,7,2,3,45,0
2023,7,2,4,0,0
2023,7,2,4,15,0
2023,7,2,4,30,0
2023,7,2,4,45,0
2023,7,2,5,0,0
2023,7,2,5,15,0
2023,7,2,5,30,0
2023,7,2,5,45,0
2023,7,2,6,0,0
2023,7,2,6,15,0
2023,7,2,6,30,0
2023,7,2,6,45,0
2023,7,2,7,0,0
2023,7,2,7,15,0
2023,7,2,7,30,0
2023,7,2,7,45,0
2023,7,2,8,0,0
2023,7,2,8,15,0
2023,7,2,8,30,0
2023,7,2,8,45,0
2023,7,2,9,0,0
2023,7,2,9,15,0
2023,7,2,9,30,0
2023,7,2,9,45,0
2023,7,2,10,0,0
2023,7,2,10,15,0
2023,7,2,10,30,0
2023,7,2,10,45,0
2023,7,2,11,0,0
2023,7,2,11,15,0
2023,7,2,11,30,0
2023,7,2,11,45,0
2023,7,2,12,0,0
2023,7,2,12,15,0
2023,7,2,12,30,0
2023,7,2,12,45,23
2023,7,2,13,0,54
2023,7,2,13,15,93
2023,7,2,13,30,137
2023,7,2,13,45,184
2023,7,2,14,0,234
2023,7,2,14,15,285
2023,7,2,14,30,337
2023,7,2,14,45,390
2023,7,2,15,0,442
2023,7,2,15,15,494
2023,7,2,15,30,544
2023,7,2,15,45,594
2023,7,2,16,0,642
2023,7,2,16,15,688
2023,7,2,16,30,732
2023,7,2,16,45,774
2023,7,2,17,0,816
2023,7,2,17,15,852
2023,7,2,17,30,886
2023,7,2,17,45,919
2023,7,2,18,0,946
2023,7,2,18,15,970
2023,7,2,18,30,990
2023,7,2,18,45,1007
2023,7,2,19,0,1023
2023,7,2,19,15,1033
2023,7,2,19,30,1038
2023,7,2,19,45,1040
2023,7,2,20,0,1038
2023,7,2,20,15,1032
2023,7,2,20,30,1022
2023,7,2,20,45,1004
2023,7,2,21,0,987
2023,7,2,21,15,966
2023,7,2,21,30,941
2023,7,2,21,45,914
2023,7,2,22,0,882
2023,7,2,22,15,848
2023,7,2,22,30,811
2023,7,2,22,45,771
2023,7,2,23,0,729
2023,7,2,23,15,686
2023,7,2,23,30,639
2023,7,2,23,45,591
2023,7,3,0,0,541
2023,7,3,0,15,489
2023,7,3,0,30,437
2023,7,3,0,45,385
2023,7,3,1,0,332
2023,7,3,1,15,279
2023,7,3,1,30,228
2023,7,3,1,45,178
2023,7,3,2,0,131
2023,7,3,2,15,87
2023,7,3,2,30,49
2023,7,3,2,45,20
2023,7,3,3,0,0
2023,7,3,3,15,0
2023,7,3,3,30,0
2023,7,3,3,45,0
2023,7,3,4,0,0
2023,7,3,4,15,0
2023,7,3,4,30,0
2023,7,3,4,45,0
2023,7,3,5,0,0
2023,7,3,5,15,0
2023,7,3,5,30,0
2023,7,3,5,45,0
2023,7,3,6,0,0
2023,7,3,6,15,0
2023,7,3,6,30,0
2023,7,3,6,45,0
2023,7,3,7,0,0
2023,7,3,7,15,0
2023,7,3,7,30,0
2023,7,3,7,45,0
2023,7,3,8,0,0
2023,7,3,8,15,0
2023,7,3,8,30,0
2023,7,3,8,45,0
2023,7,3,9,0,0
2023,7,3,9,15,0
2023,7,3,9,30,0
2023,7,3,9,45,0
2023,7,3,10,0,0
2023,7,3,10,15,0
2023,7,3,10,30,0
2023,7,3,10,45,0
2023,7,3,11,0,0
2023,7,3,11,15,0
2023,7,3,11,30,0
2023,7,3,11,45,0
2023,7,3,12,0,0
2023,7,3,12,15,0
2023,7,3,12,30,0
2023,7,3,12,45,24
2023,7,3,13,0,55
2023,7,3,13,15,74
2023,7,3,13,30,139
2023,7,3,13,45,169
2023,7,3,14,0,237
2023,7,3,14,15,288
2023,7,3,14,30,277
2023,7,3,14,45,373
2023,7,3,15,0,443
2023,7,3,15,15,495
2023,7,3,15,30,545
2023,7,3,15,45,575
2023,7,3,16,0,641
2023,7,3,16,15,576
2023,7,3,16,30,730
2023,7,3,16,45,772
2023,7,3,17,0,809
2023,7,3,17,15,768
2023,7,3,17,30,878
2023,7,3,17,45,913
2023,7,3,18,0,941
2023,7,3,18,15,964
2023,7,3,18,30,985
2023,7,3,18,45,1002
2023,7,3,19,0,1015
2023,7,3,19,15,1024
2023,7,3,19,30,1030
2023,7,3,19,45,1031
2023,7,3,20,0,1032
2023,7,3,20,15,884
2023,7,3,20,30,1016
2023,7,3,20,45,998
2023,7,3,21,0,980
2023,7,3,21,15,866
2023,7,3,21,30,692
2023,7,3,21,45,832
2023,7,3,22,0,800
2023,7,3,22,15,733
2023,7,3,22,30,809
2023,7,3,22,45,770
2023,7,3,23,0,519
2023,7,3,23,15,685
2023,7,3,23,30,639
2023,7,3,23,45,590
2023,7,4,0,0,541
2023,7,4,0,15,420
2023,7,4,0,30,258
2023,7,4,0,45,385
2023,7,4,1,0,333
2023,7,4,1,15,281
2023,7,4,1,30,221
2023,7,4,1,45,180
2023,7,4,2,0,71
2023,7,4,2,15,88
2023,7,4,2,30,44
2023,7,4,2,45,20
2023,7,4,3,0,0
2023,7,4,3,15,0
2023,7,4,3,30,0
2023,7,4,3,45,0
2023,7,4,4,0,0
2023,7,4,4,15,0
2023,7,4,4,30,0
2023,7,4,4,45,0
2023,7,4,5,0,0
2023,7,4,5,15,0
2023,7,4,5,30,0
2023,7,4,5,45,0
2023,7,4,6,0,0
2023,7,4,6,15,0
2023,7,4,6,30,0
2023,7,4,6,45,0
2023,7,4,7,0,0
2023,7,4,7,15,0
2023,7,4,7,30,0
2023,7,4,7,45,0
2023,7,4,8,0,0
2023,7,4,8,15,0
2023,7,4,8,30,0
2023,7,4,8,45,0
2023,7,4,9,0,0
2023,7,4,9,15,0
2023,7,4,9,30,0
2023,7,4,9,45,0
2023,7,4,10,0,0
2023,7,4,10,15,0
2023,7,4,10,30,0
2023,7,4,10,45,0
2023,7,4,11,0,0
2023,7,4,11,15,0
2023,7,4,11,30,0
2023,7,4,11,45,0
2023,7,4,12,0,0
2023,7,4,12,15,0
2023,7,4,12,30,0
2023,7,4,12,45,26
2023,7,4,13,0,60
2023,7,4,13,15,102
2023,7,4,13,30,149
2023,7,4,13,45,199
2023,7,4,14,0,251
2023,7,4,14,15,306
2023,7,4,14,30,360
2023,7,4,14,45,414
2023,7,4,15,0,468
2023,7,4,15,15,521
2023,7,4,15,30,573
2023,7,4,15,45,624
2023,7,4,16,0,678
2023,7,4,16,15,725
2023,7,4,16,30,770
2023,7,4,16,45,813
2023,7,4,17,0,854
2023,7,4,17,15,891
2023,7,4,17,30,926
2023,7,4,17,45,952
2023,7,4,18,0,980
2023,7,4,18,15,1011
2023,7,4,18,30,1032
2023,7,4,18,45,1049
2023,7,4,19,0,1062
2023,7,4,19,15,1072
2023,7,4,19,30,1078
2023,7,4,19,45,1080
2023,7,4,20,0,1085
2023,7,4,20,15,1079
2023,7,4,20,30,1069
2023,7,4,20,45,1055
2023,7,4,21,0,1037
2023,7,4,21,15,1016
2023,7,4,21,30,991
2023,7,4,21,45,972
2023,7,4,22,0,940
2023,7,4,22,15,904
2023,7,4,22,30,865
2023,7,4,22,45,824
2023,7,4,23,0,780
2023,7,4,23,15,734
2023,7,4,23,30,685
2023,7,4,23,45,635
2023,7,5,0,0,582
2023,7,5,0,15,529
2023,7,5,0,30,475
2023,7,5,0,45,420
2023,7,5,1,0,364
2023,7,5,1,15,305
2023,7,5,1,30,251
2023,7,5,1,45,198
2023,7,5,2,0,147
2023,7,5,2,15,99
2023,7,5,2,30,56
2023,7,5,2,45,23
2023,7,5,3,0,0
2023,7,5,3,15,0
2023,7,5,3,30,0
2023,7,5,3,45,0
2023,7,5,4,0,0
2023,7,5,4,15,0
2023,7,5,4,30,0
2023,7,5,4,45,0
2023,7,5,5,0,0
2023,7,5,5,15,0
2023,7,5,5,30,0
2023,7,5,5,45,0
2023,7,5,6,0,0
2023,7,5,6,15,0
2023,7,5,6,30,0
2023,7,5,6,45,0
2023,7,5,7,0,0
2023,7,5,7,15,0
2023,7,5,7,30,0
2023,7,5,7,45,0
2023,7,5,8,0,0
2023,7,5,8,15,0
2023,7,5,8,30,0
2023,7,5,8,45,0
2023,7,5,9,0,0
2023,7,5,9,15,0
2023,7,5,9,30,0
2023,7,5,9,45,0
2023,7,5,10,0,0
2023,7,5,10,15,0
2023,7,5,10,30,0
2023,7,5,10,45,0
2023,7,5,11,0,0
2023,7,5,11,15,0
2023,7,5,11,30,0
2023,7,5,11,45,0
2023,7,5,12,0,0
2023,7,5,12,15,0
2023,7,5,12,30,0
2023,7,5,12,45,25
2023,7,5,13,0,58
2023,7,5,13,15,99
2023,7,5,13,30,146
2023,7,5,13,45,196
2023,7,5,14,0,248
2023,7,5,14,15,301
2023,7,5,14,30,355
2023,7,5,14,45,409
2023,7,5,15,0,463
2023,7,5,15,15,516
2023,7,5,15,30,568
2023,7,5,15,45,619
2023,7,5,16,0,668
2023,7,5,16,15,716
2023,7,5,16,30,761
2023,7,5,16,45,804
2023,7,5,17,0,844
2023,7,5,17,15,882
2023,7,5,17,30,916
2023,7,5,17,45,948
2023,7,5,18,0,976
2023,7,5,18,15,1000
2023,7,5,18,30,1021
2023,7,5,18,45,1039
2023,7,5,19,0,1053
2023,7,5,19,15,1062
2023,7,5,19,30,1068
2023,7,5,19,45,1070
2023,7,5,20,0,1068
2023,7,5,20,15,1061
2023,7,5,20,30,1052
2023,7,5,20,45,1037
2023,7,5,21,0,1020
2023,7,5,21,15,998
2023,7,5,21,30,974
2023,7,5,21,45,946
2023,7,5,22,0,914
2023,7,5,22,15,879
2023,7,5,22,30,842
2023,7,5,22,45,802
2023,7,5,23,0,758
2023,7,5,23,15,713
2023,7,5,23,30,665
2023,7,5,23,45,620
2023,7,6,0,0,569
2023,7,6,0,15,516
2023,7,6,0,30,463
2023,7,6,0,45,409
2023,7,6,1,0,355
2023,7,6,1,15,300
2023,7,6,1,30,247
2023,7,6,1,45,195
2023,7,6,2,0,144
2023,7,6,2,15,98
2023,7,6,2,30,56
2023,7,6,2,45,23
2023,7,6,3,0,0
2023,7,6,3,15,0
2023,7,6,3,30,0
2023,7,6,3,45,0
2023,7,6,4,0,0
2023,7,6,4,15,0
2023,7,6,4,30,0
2023,7,6,4,45,0
2023,7,6,5,0,0
2023,7,6,5,15,0
2023,7,6,5,30,0
2023,7,6,5,45,0
2023,7,6,6,0,0
2023,7,6,6,15,0
2023,7,6,6,30,0
2023,7,6,6,45,0
2023,7,6,7,0,0
2023,7,6,7,15,0
2023,7,6,7,30,0
2023,7,6,7,45,0
2023,7,6,8,0,0
2023,7,6,8,15,0
2023,7,6,8,30,0
2023,7,6,8,45,0
2023,7,6,9,0,0
2023,7,6,9,15,0
2023,7,6,9,30,0
2023,7,6,9,45,0
2023,7,6,10,0,0
2023,7,6,10,15,0
2023,7,6,10,30,0
2023,7,6,10,45,0
2023,7,6,11,0,0
2023,7,6,11,15,0
2023,7,6,11,30,0
2023,7,6,11,45,0
2023,7,6,12,0,0
2023,7,6,12,15,0
2023,7,6,12,30,0
2023,7,6,12,45,23
2023,7,6,13,0,55
2023,7,6,13,15,96
2023,7,6,13,30,142
2023,7,6,13,45,190
2023,7,6,14,0,241
2023,7,6,14,15,294
2023,7,6,14,30,347
2023,7,6,14,45,399
2023,7,6,15,0,452
2023,7,6,15,15,505
2023,7,6,15,30,557
2023,7,6,15,45,605
2023,7,6,16,0,654
2023,7,6,16,15,701
2023,7,6,16,30,746
2023,7,6,16,45,788
2023,7,6,17,0,828
2023,7,6,17,15,866
2023,7,6,17,30,900
2023,7,6,17,45,929
2023,7,6,18,0,957
2023,7,6,18,15,981
2023,7,6,18,30,1002
2023,7,6,18,45,1023
2023,7,6,19,0,1037
2023,7,6,19,15,1046
2023,7,6,19,30,1052
2023,7,6,19,45,1058
2023,7,6,20,0,1056
2023,7,6,20,15,1050
2023,7,6,20,30,1041
2023,7,6,20,45,1029
2023,7,6,21,0,1012
2023,7,6,21,15,991
2023,7,6,21,30,966
2023,7,6,21,45,938
2023,7,6,22,0,911
2023,7,6,22,15,876
2023,7,6,22,30,839
2023,7,6,22,45,799
2023,7,6,23,0,755
2023,7,6,23,15,710
2023,7,6,23,30,662
2023,7,6,23,45,613
2023,7,7,0,0,562
2023,7,7,0,15,510
2023,7,7,0,30,460
2023,7,7,0,45,406
2023,7,7,1,0,351
2023,7,7,1,15,297
2023,7,7,1,30,244
2023,7,7,1,45,192
2023,7,7,2,0,142
2023,7,7,2,15,96
2023,7,7,2,30,54
2023,7,7,2,45,22
2023,7,7,3,0,0
2023,7,7,3,15,0
2023,7,7,3,30,0
2023,7,7,3,45,0
2023,7,7,4,0,0
2023,7,7,4,15,0
2023,7,7,4,30,0
2023,7,7,4,45,0
2023,7,7,5,0,0
2023,7,7,5,15,0
2023,7,7,5,30,0
2023,7,7,5,45,0
2023,7,7,6,0,0
2023,7,7,6,15,0
2023,7,7,6,30,0
2023,7,7,6,45,0
2023,7,7,7,0,0
2023,7,7,7,15,0
2023,7,7,7,30,0
2023,7,7,7,45,0
2023,7,7,8,0,0
2023,7,7,8,15,0
2023,7,7,8,30,0
2023,7,7,8,45,0
2023,7,7,9,0,0
2023,7,7,9,15,0
2023,7,7,9,30,0
2023,7,7,9,45,0
2023,7,7,10,0,0
2023,7,7,10,15,0
2023,7,7,10,30,0
2023,7,7,10,45,0
2023,7,7,11,0,0
2023,7,7,11,15,0
2023,7,7,11,30,0
2023,7,7,11,45,0
2023,7,7,12,0,0
2023,7,7,12,15,0
2023,7,7,12,30,0
2023,7,7,12,45,23
2023,7,7,13,0,55
2023,7,7,13,15,96
2023,7,7,13,30,141
2023,7,7,13,45,191
2023,7,7,14,0,241
2023,7,7,14,15,293
2023,7,7,14,30,346
2023,7,7,14,45,400
2023,7,7,15,0,453
2023,7,7,15,15,505
2023,7,7,15,30,557
2023,7,7,15,45,607
2023,7,7,16,0,656
2023,7,7,16,15,703
2023,7,7,16,30,747
2023,7,7,16,45,790
2023,7,7,17,0,830
2023,7,7,17,15,870
2023,7,7,17,30,904
2023,7,7,17,45,936
2023,7,7,18,0,964
2023,7,7,18,15,988
2023,7,7,18,30,1009
2023,7,7,18,45,1026
2023,7,7,19,0,1039
2023,7,7,19,15,1049
2023,7,7,19,30,1055
2023,7,7,19,45,1057
2023,7,7,20,0,1055
2023,7,7,20,15,1049
2023,7,7,20,30,1043
2023,7,7,20,45,1029
2023,7,7,21,0,1012
2023,7,7,21,15,991
2023,7,7,21,30,966
2023,7,7,21,45,938
2023,7,7,22,0,907
2023,7,7,22,15,873
2023,7,7,22,30,835
2023,7,7,22,45,795
2023,7,7,23,0,752
2023,7,7,23,15,707
2023,7,7,23,30,660
2023,7,7,23,45,611
2023,7,8,0,0,560
2023,7,8,0,15,508
2023,7,8,0,30,455
2023,7,8,0,45,404
2023,7,8,1,0,350
2023,7,8,1,15,297
2023,7,8,1,30,243
2023,7,8,1,45,192
2023,7,8,2,0,142
2023,7,8,2,15,96
2023,7,8,2,30,55
2023,7,8,2,45,22
2023,7,8,3,0,0
2023,7,8,3,15,0
2023,7,8,3,30,0
2023,7,8,3,45,0
2023,7,8,4,0,0
2023,7,8,4,15,0
2023,7,8,4,30,0
2023,7,8,4,45,0
2023,7,8,5,0,0
2023,7,8,5,15,0
2023,7,8,5,30,0
2023,7,8,5,45,0
2023,7,8,6,0,0
2023,7,8,6,15,0
2023,7,8,6,30,0
2023,7,8,6,45,0
2023,7,8,7,0,0
2023,7,8,7,15,0
2023,7,8,7,30,0
2023,7,8,7,45,0
2023,7,8,8,0,0
2023,7,8,8,15,0
2023,7,8,8,30,0
2023,7,8,8,45,0
2023,7,8,9,0,0
2023,7,8,9,15,0
2023,7,8,9,30,0
2023,7,8,9,45,0
2023,7,8,10,0,0
2023,7,8,10,15,0
2023,7,8,10,30,0
2023,7,8,10,45,0
2023,7,8,11,0,0
2023,7,8,11,15,0
2023,7,8,11,30,0
2023,7,8,11,45,0
2023,7,8,12,0,0
2023,7,8,12,15,0
2023,7,8,12,30,0
2023,7,8,12,45,22
2023,7,8,13,0,54
2023,7,8,13,15,95
2023,7,8,13,30,141
2023,7,8,13,45,190
2023,7,8,14,0,242
2023,7,8,14,15,295
2023,7,8,14,30,348
2023,7,8,14,45,402
2023,7,8,15,0,455
2023,7,8,15,15,508
2023,7,8,15,30,560
2023,7,8,15,45,611
2023,7,8,16,0,660
2023,7,8,16,15,707
2023,7,8,16,30,752
2023,7,8,16,45,798
2023,7,8,17,0,839
2023,7,8,17,15,876
2023,7,8,17,30,911
2023,7,8,17,45,942
2023,7,8,18,0,970
2023,7,8,18,15,994
2023,7,8,18,30,1015
2023,7,8,18,45,1032
2023,7,8,19,0,1050
2023,7,8,19,15,1060
2023,7,8,19,30,1066
2023,7,8,19,45,1068
2023,7,8,20,0,1066
2023,7,8,20,15,1060
2023,7,8,20,30,1050
2023,7,8,20,45,1036
2023,7,8,21,0,1019
2023,7,8,21,15,998
2023,7,8,21,30,973
2023,7,8,21,45,945
2023,7,8,22,0,914
2023,7,8,22,15,879
2023,7,8,22,30,842
2023,7,8,22,45,801
2023,7,8,23,0,754
2023,7,8,23,15,709
2023,7,8,23,30,662
2023,7,8,23,45,612
2023,7,9,0,0,561
2023,7,9,0,15,509
2023,7,9,0,30,456
2023,7,9,0,45,400
2023,7,9,1,0,346
2023,7,9,1,15,293
2023,7,9,1,30,240
2023,7,9,1,45,188
2023,7,9,2,0,139
2023,7,9,2,15,92
2023,7,9,2,30,52
2023,7,9,2,45,21
2023,7,9,3,0,0
2023,7,9,3,15,0
2023,7,9,3,30,0
2023,7,9,3,45,0
2023,7,9,4,0,0
2023,7,9,4,15,0
2023,7,9,4,30,0
2023,7,9,4,45,0
2023,7,9,5,0,0
2023,7,9,5,15,0
2023,7,9,5,30,0
2023,7,9,5,45,0
2023,7,9,6,0,0
2023,7,9,6,15,0
2023,7,9,6,30,0
2023,7,9,6,45,0
2023,7,9,7,0,0
2023,7,9,7,15,0
2023,7,9,7,30,0
2023,7,9,7,45,0
2023,7,9,8,0,0
2023,7,9,8,15,0
2023,7,9,8,30,0
2023,7,9,8,45,0
2023,7,9,9,0,0
2023,7,9,9,15,0
2023,7,9,9,30,0
2023,7,9,9,45,0
2023,7,9,10,0,0
2023,7,9,10,15,0
2023,7,9,10,30,0
2023,7,9,10,45,0
2023,7,9,11,0,0
2023,7,9,11,15,0
2023,7,9,11,30,0
2023,7,9,11,45,0
2023,7,9,12,0,0
2023,7,9,12,15,0
2023,7,9,12,30,0
2023,7,9,12,45,21
2023,7,9,13,0,52
2023,7,9,13,15,92
2023,7,9,13,30,137
2023,7,9,13,45,186
2023,7,9,14,0,237
2023,7,9,14,15,289
2023,7,9,14,30,343
2023,7,9,14,45,397
2023,7,9,15,0,450
2023,7,9,15,15,503
2023,7,9,15,30,554
2023,7,9,15,45,605
2023,7,9,16,0,653
2023,7,9,16,15,700
2023,7,9,16,30,745
2023,7,9,16,45,788
2023,7,9,17,0,828
2023,7,9,17,15,865
2023,7,9,17,30,896
2023,7,9,17,45,926
2023,7,9,18,0,954
2023,7,9,18,15,975
2023,7,9,18,30,996
2023,7,9,18,45,1013
2023,7,9,19,0,1026
2023,7,9,19,15,1036
2023,7,9,19,30,1039
2023,7,9,19,45,1040
2023,7,9,20,0,1038
2023,7,9,20,15,1032
2023,7,9,20,30,1023
2023,7,9,20,45,1005
2023,7,9,21,0,988
2023,7,9,21,15,967
2023,7,9,21,30,946
2023,7,9,21,45,919
2023,7,9,22,0,888
2023,7,9,22,15,854
2023,7,9,22,30,816
2023,7,9,22,45,777
2023,7,9,23,0,734
2023,7,9,23,15,692
2023,7,9,23,30,645
2023,7,9,23,45,595
2023,7,10,0,0,545
2023,7,10,0,15,495
2023,7,10,0,30,443
2023,7,10,0,45,389
2023,7,10,1,0,336
2023,7,10,1,15,284
2023,7,10,1,30,232
2023,7,10,1,45,181
2023,7,10,2,0,134
2023,7,10,2,15,88
2023,7,10,2,30,49
2023,7,10,2,45,19
2023,7,10,3,0,0
2023,7,10,3,15,0
2023,7,10,3,30,0
2023,7,10,3,45,0
2023,7,10,4,0,0
2023,7,10,4,15,0
2023,7,10,4,30,0
2023,7,10,4,45,0
2023,7,10,5,0,0
2023,7,10,5,15,0
2023,7,10,5,30,0
2023,7,10,5,45,0
2023,7,10,6,0,0
2023,7,10,6,15,0
2023,7,10,6,30,0
2023,7,10,6,45,0
2023,7,10,7,0,0
2023,7,10,7,15,0
2023,7,10,7,30,0
2023,7,10,7,45,0
2023,7,10,8,0,0
2023,7,10,8,15,0
2023,7,10,8,30,0
2023,7,10,8,45,0
2023,7,10,9,0,0
2023,7,10,9,15,0
2023,7,10,9,30,0
2023,7,10,9,45,0
2023,7,10,10,0,0
2023,7,10,10,15,0
2023,7,10,10,30,0
2023,7,10,10,45,0
2023,7,10,11,0,0
2023,7,10,11,15,0
2023,7,10,11,30,0
2023,7,10,11,45,0
2023,7,10,12,0,0
2023,7,10,12,15,0
2023,7,10,12,30,0
2023,7,10,12,45,19
2023,7,10,13,0,49
2023,7,10,13,15,88
2023,7,10,13,30,133
2023,7,10,13,45,181
2023,7,10,14,0,232
2023,7,10,14,15,284
2023,7,10,14,30,337
2023,7,10,14,45,391
2023,7,10,15,0,444
2023,7,10,15,15,496
2023,7,10,15,30,548
2023,7,10,15,45,599
2023,7,10,16,0,648
2023,7,10,16,15,692
2023,7,10,16,30,737
2023,7,10,16,45,780
2023,7,10,17,0,819
2023,7,10,17,15,854
2023,7,10,17,30,888
2023,7,10,17,45,920
2023,7,10,18,0,945
2023,7,10,18,15,969
2023,7,10,18,30,990
2023,7,10,18,45,1004
2023,7,10,19,0,1017
2023,7,10,19,15,1027
2023,7,10,19,30,1033
2023,7,10,19,45,1035
2023,7,10,20,0,1033
2023,7,10,20,15,1025
2023,7,10,20,30,1016
2023,7,10,20,45,998
2023,7,10,21,0,981
2023,7,10,21,15,960
2023,7,10,21,30,936
2023,7,10,21,45,909
2023,7,10,22,0,878
2023,7,10,22,15,844
2023,7,10,22,30,807
2023,7,10,22,45,768
2023,7,10,23,0,726
2023,7,10,23,15,682
2023,7,10,23,30,635
2023,7,10,23,45,588
2023,7,11,0,0,536
2023,7,11,0,15,485
2023,7,11,0,30,434
2023,7,11,0,45,382
2023,7,11,1,0,329
2023,7,11,1,15,277
2023,7,11,1,30,226
2023,7,11,1,45,177
2023,7,11,2,0,129
2023,7,11,2,15,85
2023,7,11,2,30,47
2023,7,11,2,45,18
2023,7,11,3,0,0
2023,7,11,3,15,0
2023,7,11,3,30,0
2023,7,11,3,45,0
2023,7,11,4,0,0
2023,7,11,4,15,0
2023,7,11,4,30,0
2023,7,11,4,45,0
2023,7,11,5,0,0
2023,7,11,5,15,0
2023,7,11,5,30,0
2023,7,11,5,45,0
2023,7,11,6,0,0
2023,7,11,6,15,0
2023,7,11,6,30,0
2023,7,11,6,45,0
2023,7,11,7,0,0
2023,7,11,7,15,0
2023,7,11,7,30,0
2023,7,11,7,45,0
2023,7,11,8,0,0
2023,7,11,8,15,0
2023,7,11,8,30,0
2023,7,11,8,45,0
2023,7,11,9,0,0
2023,7,11,9,15,0
2023,7,11,9,30,0
2023,7,11,9,45,0
2023,7,11,10,0,0
2023,7,11,10,15,0
2023,7,11,10,30,0
2023,7,11,10,45,0
2023,7,11,11,0,0
2023,7,11,11,15,0
2023,7,11,11,30,0
2023,7,11,11,45,0
2023,7,11,12,0,0
2023,7,11,12,15,0
2023,7,11,12,30,0
2023,7,11,12,45,17
2023,7,11,13,0,45
2023,7,11,13,15,82
2023,7,11,13,30,125
2023,7,11,13,45,170
2023,7,11,14,0,218
2023,7,11,14,15,269
2023,7,11,14,30,319
2023,7,11,14,45,369
2023,7,11,15,0,420
2023,7,11,15,15,471
2023,7,11,15,30,521
2023,7,11,15,45,569
2023,7,11,16,0,616
2023,7,11,16,15,662
2023,7,11,16,30,704
2023,7,11,16,45,744
2023,7,11,17,0,783
2023,7,11,17,15,820
2023,7,11,17,30,853
2023,7,11,17,45,884
2023,7,11,18,0,911
2023,7,11,18,15,935
2023,7,11,18,30,956
2023,7,11,18,45,975
2023,7,11,19,0,988
2023,7,11,19,15,998
2023,7,11,19,30,1005
2023,7,11,19,45,1007
2023,7,11,20,0,1005
2023,7,11,20,15,1002
2023,7,11,20,30,993
2023,7,11,20,45,985
2023,7,11,21,0,968
2023,7,11,21,15,948
2023,7,11,21,30,926
2023,7,11,21,45,899
2023,7,11,22,0,868
2023,7,11,22,15,837
2023,7,11,22,30,801
2023,7,11,22,45,763
2023,7,11,23,0,721
2023,7,11,23,15,677
2023,7,11,23,30,630
2023,7,11,23,45,584
2023,7,12,0,0,535
2023,7,12,0,15,484
2023,7,12,0,30,431
2023,7,12,0,45,381
2023,7,12,1,0,329
2023,7,12,1,15,276
2023,7,12,1,30,225
2023,7,12,1,45,176
2023,7,12,2,0,129
2023,7,12,2,15,85
2023,7,12,2,30,47
2023,7,12,2,45,18
2023,7,12,3,0,0
2023,7,12,3,15,0
2023,7,12,3,30,0
2023,7,12,3,45,0
2023,7,12,4,0,0
2023,7,12,4,15,0
2023,7,12,4,30,0
2023,7,12,4,45,0
2023,7,12,5,0,0
2023,7,12,5,15,0
2023,7,12,5,30,0
2023,7,12,5,45,0
2023,7,12,6,0,0
2023,7,12,6,15,0
2023,7,12,6,30,0
2023,7,12,6,45,0
2023,7,12,7,0,0
2023,7,12,7,15,0
2023,7,12,7,30,0
2023,7,12,7,45,0
2023,7,12,8,0,0
2023,7,12,8,15,0
2023,7,12,8,30,0
2023,7,12,8,45,0
2023,7,12,9,0,0
2023,7,12,9,15,0
2023,7,12,9,30,0
2023,7,12,9,45,0
2023,7,12,10,0,0
2023,7,12,10,15,0
2023,7,12,10,30,0
2023,7,12,10,45,0
2023,7,12,11,0,0
2023,7,12,11,15,0
2023,7,12,11,30,0
2023,7,12,11,45,0
2023,7,12,12,0,0
2023,7,12,12,15,0
2023,7,12,12,30,0
2023,7,12,12,45,18
2023,7,12,13,0,48
2023,7,12,13,15,86
2023,7,12,13,30,130
2023,7,12,13,45,177
2023,7,12,14,0,226
2023,7,12,14,15,277
2023,7,12,14,30,328
2023,7,12,14,45,378
2023,7,12,15,0,430
2023,7,12,15,15,481
2023,7,12,15,30,530
2023,7,12,15,45,578
2023,7,12,16,0,624
2023,7,12,16,15,669
2023,7,12,16,30,713
2023,7,12,16,45,752
2023,7,12,17,0,791
2023,7,12,17,15,827
2023,7,12,17,30,861
2023,7,12,17,45,890
2023,7,12,18,0,917
2023,7,12,18,15,940
2023,7,12,18,30,961
2023,7,12,18,45,978
2023,7,12,19,0,991
2023,7,12,19,15,1000
2023,7,12,19,30,1006
2023,7,12,19,45,1008
2023,7,12,20,0,1008
2023,7,12,20,15,1003
2023,7,12,20,30,993
2023,7,12,20,45,976
2023,7,12,21,0,959
2023,7,12,21,15,941
2023,7,12,21,30,917
2023,7,12,21,45,890
2023,7,12,22,0,860
2023,7,12,22,15,827
2023,7,12,22,30,791
2023,7,12,22,45,752
2023,7,12,23,0,710
2023,7,12,23,15,667
2023,7,12,23,30,621
2023,7,12,23,45,574
2023,7,13,0,0,525
2023,7,13,0,15,475
2023,7,13,0,30,424
2023,7,13,0,45,373
2023,7,13,1,0,321
2023,7,13,1,15,271
2023,7,13,1,30,220
2023,7,13,1,45,172
2023,7,13,2,0,126
2023,7,13,2,15,83
2023,7,13,2,30,46
2023,7,13,2,45,17
2023,7,13,3,0,0
2023,7,13,3,15,0
2023,7,13,3,30,0
2023,7,13,3,45,0
2023,7,13,4,0,0
2023,7,13,4,15,0
2023,7,13,4,30,0
2023,7,13,4,45,0
2023,7,13,5,0,0
2023,7,13,5,15,0
2023,7,13,5,30,0
2023,7,13,5,45,0
2023,7,13,6,0,0
2023,7,13,6,15,0
2023,7,13,6,30,0
2023,7,13,6,45,0
2023,7,13,7,0,0
2023,7,13,7,15,0
2023,7,13,7,30,0
2023,7,13,7,45,0
2023,7,13,8,0,0
2023,7,13,8,15,0
2023,7,13,8,30,0
2023,7,13,8,45,0
2023,7,13,9,0,0
2023,7,13,9,15,0
2023,7,13,9,30,0
2023,7,13,9,45,0
2023,7,13,10,0,0
2023,7,13,10,15,0
2023,7,13,10,30,0
2023,7,13,10,45,0
2023,7,13,11,0,0
2023,7,13,11,15,0
2023,7,13,11,30,0
2023,7,13,11,45,0
2023,7,13,12,0,0
2023,7,13,12,15,0
2023,7,13,12,30,0
2023,7,13,12,45,17
2023,7,13,13,0,46
2023,7,13,13,15,55
2023,7,13,13,30,128
2023,7,13,13,45,176
2023,7,13,14,0,226
2023,7,13,14,15,278
2023,7,13,14,30,330
2023,7,13,14,45,383
2023,7,13,15,0,391
2023,7,13,15,15,488
2023,7,13,15,30,539
2023,7,13,15,45,589
2023,7,13,16,0,637
2023,7,13,16,15,684
2023,7,13,16,30,728
2023,7,13,16,45,677
2023,7,13,17,0,810
2023,7,13,17,15,847
2023,7,13,17,30,881
2023,7,13,17,45,912
2023,7,13,18,0,940
2023,7,13,18,15,965
2023,7,13,18,30,985
2023,7,13,18,45,1003
2023,7,13,19,0,786
2023,7,13,19,15,1026
2023,7,13,19,30,1035
2023,7,13,19,45,1037
2023,7,13,20,0,1035
2023,7,13,20,15,1030
2023,7,13,20,30,1023
2023,7,13,20,45,1009
2023,7,13,21,0,992
2023,7,13,21,15,974
2023,7,13,21,30,950
2023,7,13,21,45,925
2023,7,13,22,0,893
2023,7,13,22,15,756
2023,7,13,22,30,824
2023,7,13,22,45,784
2023,7,13,23,0,744
2023,7,13,23,15,513
2023,7,13,23,30,652
2023,7,13,23,45,605
2023,7,14,0,0,554
2023,7,14,0,15,502
2023,7,14,0,30,329
2023,7,14,0,45,397
2023,7,14,1,0,343
2023,7,14,1,15,289
2023,7,14,1,30,236
2023,7,14,1,45,185
2023,7,14,2,0,135
2023,7,14,2,15,89
2023,7,14,2,30,49
2023,7,14,2,45,18
2023,7,14,3,0,0
2023,7,14,3,15,0
2023,7,14,3,30,0
2023,7,14,3,45,0
2023,7,14,4,0,0
2023,7,14,4,15,0
2023,7,14,4,30,0
2023,7,14,4,45,0
2023,7,14,5,0,0
2023,7,14,5,15,0
2023,7,14,5,30,0
2023,7,14,5,45,0
2023,7,14,6,0,0
2023,7,14,6,15,0
2023,7,14,6,30,0
2023,7,14,6,45,0
2023,7,14,7,0,0
2023,7,14,7,15,0
2023,7,14,7,30,0
2023,7,14,7,45,0
2023,7,14,8,0,0
2023,7,14,8,15,0
2023,7,14,8,30,0
2023,7,14,8,45,0
2023,7,14,9,0,0
2023,7,14,9,15,0
2023,7,14,9,30,0
2023,7,14,9,45,0
2023,7,14,10,0,0
2023,7,14,10,15,0
2023,7,14,10,30,0
2023,7,14,10,45,0
2023,7,14,11,0,0
2023,7,14,11,15,0
2023,7,14,11,30,0
2023,7,14,11,45,0
2023,7,14,12,0,0
2023,7,14,12,15,0
2023,7,14,12,30,0
2023,7,14,12,45,16
2023,7,14,13,0,44
2023,7,14,13,15,83
2023,7,14,13,30,127
2023,7,14,13,45,175
2023,7,14,14,0,226
2023,7,14,14,15,279
2023,7,14,14,30,332
2023,7,14,14,45,386
2023,7,14,15,0,439
2023,7,14,15,15,492
2023,7,14,15,30,544
2023,7,14,15,45,594
2023,7,14,16,0,643
2023,7,14,16,15,691
2023,7,14,16,30,736
2023,7,14,16,45,779
2023,7,14,17,0,819
2023,7,14,17,15,857
2023,7,14,17,30,891
2023,7,14,17,45,924
2023,7,14,18,0,952
2023,7,14,18,15,977
2023,7,14,18,30,998
2023,7,14,18,45,1016
2023,7,14,19,0,1029
2023,7,14,19,15,1043
2023,7,14,19,30,1049
2023,7,14,19,45,1051
2023,7,14,20,0,1049
2023,7,14,20,15,1043
2023,7,14,20,30,1034
2023,7,14,20,45,1018
2023,7,14,21,0,1001
2023,7,14,21,15,980
2023,7,14,21,30,955
2023,7,14,21,45,927
2023,7,14,22,0,896
2023,7,14,22,15,861
2023,7,14,22,30,824
2023,7,14,22,45,783
2023,7,14,23,0,740
2023,7,14,23,15,695
2023,7,14,23,30,647
2023,7,14,23,45,598
2023,7,15,0,0,547
2023,7,15,0,15,495
2023,7,15,0,30,442
2023,7,15,0,45,388
2023,7,15,1,0,334
2023,7,15,1,15,281
2023,7,15,1,30,228
2023,7,15,1,45,177
2023,7,15,2,0,128
2023,7,15,2,15,84
2023,7,15,2,30,45
2023,7,15,2,45,16
2023,7,15,3,0,0
2023,7,15,3,15,0
2023,7,15,3,30,0
2023,7,15,3,45,0
2023,7,15,4,0,0
2023,7,15,4,15,0
2023,7,15,4,30,0
2023,7,15,4,45,0
2023,7,15,5,0,0
2023,7,15,5,15,0
2023,7,15,5,30,0
2023,7,15,5,45,0
2023,7,15,6,0,0
2023,7,15,6,15,0
2023,7,15,6,30,0
2023,7,15,6,45,0
2023,7,15,7,0,0
2023,7,15,7,15,0
2023,7,15,7,30,0
2023,7,15,7,45,0
2023,7,15,8,0,0
2023,7,15,8,15,0
2023,7,15,8,30,0
2023,7,15,8,45,0
2023,7,15,9,0,0
2023,7,15,9,15,0
2023,7,15,9,30,0
2023,7,15,9,45,0
2023,7,15,10,0,0
2023,7,15,10,15,0
2023,7,15,10,30,0
2023,7,15,10,45,0
2023,7,15,11,0,0
2023,7,15,11,15,0
2023,7,15,11,30,0
2023,7,15,11,45,0
2023,7,15,12,0,0
2023,7,15,12,15,0
2023,7,15,12,30,0
2023,7,15,12,45,14
2023,7,15,13,0,42
2023,7,15,13,15,80
2023,7,15,13,30,124
2023,7,15,13,45,172
2023,7,15,14,0,223
2023,7,15,14,15,275
2023,7,15,14,30,328
2023,7,15,14,45,382
2023,7,15,15,0,434
2023,7,15,15,15,486
2023,7,15,15,30,538
2023,7,15,15,45,588
2023,7,15,16,0,637
2023,7,15,16,15,684
2023,7,15,16,30,729
2023,7,15,16,45,772
2023,7,15,17,0,810
2023,7,15,17,15,847
2023,7,15,17,30,882
2023,7,15,17,45,913
2023,7,15,18,0,941
2023,7,15,18,15,966
2023,7,15,18,30,987
2023,7,15,18,45,1004
2023,7,15,19,0,1018
2023,7,15,19,15,1028
2023,7,15,19,30,1034
2023,7,15,19,45,1040
2023,7,15,20,0,1038
2023,7,15,20,15,1032
2023,7,15,20,30,1023
2023,7,15,20,45,1005
2023,7,15,21,0,988
2023,7,15,21,15,967
2023,7,15,21,30,943
2023,7,15,21,45,916
2023,7,15,22,0,885
2023,7,15,22,15,853
2023,7,15,22,30,816
2023,7,15,22,45,776
2023,7,15,23,0,734
2023,7,15,23,15,689
2023,7,15,23,30,642
2023,7,15,23,45,593
2023,7,16,0,0,542
2023,7,16,0,15,491
2023,7,16,0,30,438
2023,7,16,0,45,387
2023,7,16,1,0,333
2023,7,16,1,15,280
2023,7,16,1,30,228
2023,7,16,1,45,177
2023,7,16,2,0,128
2023,7,16,2,15,84
2023,7,16,2,30,45
2023,7,16,2,45,16
2023,7,16,3,0,0
2023,7,16,3,15,0
2023,7,16,3,30,0
2023,7,16,3,45,0
2023,7,16,4,0,0
2023,7,16,4,15,0
2023,7,16,4,30,0
2023,7,16,4,45,0
2023,7,16,5,0,0
2023,7,16,5,15,0
2023,7,16,5,30,0
2023,7,16,5,45,0
2023,7,16,6,0,0
2023,7,16,6,15,0
2023,7,16,6,30,0
2023,7,16,6,45,0
2023,7,16,7,0,0
2023,7,16,7,15,0
2023,7,16,7,30,0
2023,7,16,7,45,0
2023,7,16,8,0,0
2023,7,16,8,15,0
2023,7,16,8,30,0
2023,7,16,8,45,0
2023,7,16,9,0,0
2023,7,16,9,15,0
2023,7,16,9,30,0
2023,7,16,9,45,0
2023,7,16,10,0,0
2023,7,16,10,15,0
2023,7,16,10,30,0
2023,7,16,10,45,0
2023,7,16,11,0,0
2023,7,16,11,15,0
2023,7,16,11,30,0
2023,7,16,11,45,0
2023,7,16,12,0,0
2023,7,16,12,15,0
2023,7,16,12,30,0
2023,7,16,12,45,13
2023,7,16,13,0,40
2023,7,16,13,15,78
2023,7,16,13,30,121
2023,7,16,13,45,169
2023,7,16,14,0,220
2023,7,16,14,15,271
2023,7,16,14,30,324
2023,7,16,14,45,377
2023,7,16,15,0,430
2023,7,16,15,15,483
2023,7,16,15,30,534
2023,7,16,15,45,584
2023,7,16,16,0,631
2023,7,16,16,15,678
2023,7,16,16,30,723
2023,7,16,16,45,765
2023,7,16,17,0,805
2023,7,16,17,15,843
2023,7,16,17,30,875
2023,7,16,17,45,904
2023,7,16,18,0,932
2023,7,16,18,15,957
2023,7,16,18,30,978
2023,7,16,18,45,992
2023,7,16,19,0,889
2023,7,16,19,15,926
2023,7,16,19,30,791
2023,7,16,19,45,786
2023,7,16,20,0,1022
2023,7,16,20,15,793
2023,7,16,20,30,894
2023,7,16,20,45,988
2023,7,16,21,0,971
2023,7,16,21,15,722
2023,7,16,21,30,689
2023,7,16,21,45,816
2023,7,16,22,0,868
2023,7,16,22,15,834
2023,7,16,22,30,797
2023,7,16,22,45,758
2023,7,16,23,0,440
2023,7,16,23,15,671
2023,7,16,23,30,624
2023,7,16,23,45,575
2023,7,17,0,0,525
2023,7,17,0,15,474
2023,7,17,0,30,422
2023,7,17,0,45,370
2023,7,17,1,0,318
2023,7,17,1,15,266
2023,7,17,1,30,215
2023,7,17,1,45,166
2023,7,17,2,0,119
2023,7,17,2,15,76
2023,7,17,2,30,40
2023,7,17,2,45,14
2023,7,17,3,0,0
2023,7,17,3,15,0
2023,7,17,3,30,0
2023,7,17,3,45,0
2023,7,17,4,0,0
2023,7,17,4,15,0
2023,7,17,4,30,0
2023,7,17,4,45,0
2023,7,17,5,0,0
2023,7,17,5,15,0
2023,7,17,5,30,0
2023,7,17,5,45,0
2023,7,17,6,0,0
2023,7,17,6,15,0
2023,7,17,6,30,0
2023,7,17,6,45,0
2023,7,17,7,0,0
2023,7,17,7,15,0
2023,7,17,7,30,0
2023,7,17,7,45,0
2023,7,17,8,0,0
2023,7,17,8,15,0
2023,7,17,8,30,0
2023,7,17,8,45,0
2023,7,17,9,0,0
2023,7,17,9,15,0
2023,7,17,9,30,0
2023,7,17,9,45,0
2023,7,17,10,0,0
2023,7,17,10,15,0
2023,7,17,10,30,0
2023,7,17,10,45,0
2023,7,17,11,0,0
2023,7,17,11,15,0
2023,7,17,11,30,0
2023,7,17,11,45,0
2023,7,17,12,0,0
2023,7,17,12,15,0
2023,7,17,12,30,0
2023,7,17,12,45,11
2023,7,17,13,0,35
2023,7,17,13,15,69
2023,7,17,13,30,110
2023,7,17,13,45,156
2023,7,17,14,0,203
2023,7,17,14,15,253
2023,7,17,14,30,303
2023,7,17,14,45,354
2023,7,17,15,0,404
2023,7,17,15,15,408
2023,7,17,15,30,428
2023,7,17,15,45,533
2023,7,17,16,0,519
2023,7,17,16,15,492
2023,7,17,16,30,545
2023,7,17,16,45,604
2023,7,17,17,0,729
2023,7,17,17,15,706
2023,7,17,17,30,781
2023,7,17,17,45,809
2023,7,17,18,0,648
2023,7,17,18,15,824
2023,7,17,18,30,940
2023,7,17,18,45,957
2023,7,17,19,0,970
2023,7,17,19,15,980
2023,7,17,19,30,848
2023,7,17,19,45,847
2023,7,17,20,0,768
2023,7,17,20,15,639
2023,7,17,20,30,749
2023,7,17,20,45,39
2023,7,17,21,0,38
2023,7,17,21,15,428
2023,7,17,21,30,37
2023,7,17,21,45,34
2023,7,17,22,0,89
2023,7,17,22,15,31
2023,7,17,22,30,29
2023,7,17,22,45,25
2023,7,17,23,0,22
2023,7,17,23,15,18
2023,7,17,23,30,16
2023,7,17,23,45,13
2023,7,18,0,0,12
2023,7,18,0,15,10
2023,7,18,0,30,408
2023,7,18,0,45,334
2023,7,18,1,0,5
2023,7,18,1,15,227
2023,7,18,1,30,200
2023,7,18,1,45,42
2023,7,18,2,0,89
2023,7,18,2,15,75
2023,7,18,2,30,40
2023,7,18,2,45,14
2023,7,18,3,0,0
2023,7,18,3,15,0
2023,7,18,3,30,0
2023,7,18,3,45,0
2023,7,18,4,0,0
2023,7,18,4,15,0
2023,7,18,4,30,0
2023,7,18,4,45,0
2023,7,18,5,0,0
2023,7,18,5,15,0
2023,7,18,5,30,0
2023,7,18,5,45,0
2023,7,18,6,0,0
2023,7,18,6,15,0
2023,7,18,6,30,0
2023,7,18,6,45,0
2023,7,18,7,0,0
2023,7,18,7,15,0
2023,7,18,7,30,0
2023,7,18,7,45,0
2023,7,18,8,0,0
2023,7,18,8,15,0
2023,7,18,8,30,0
2023,7,18,8,45,0
2023,7,18,9,0,0
2023,7,18,9,15,0
2023,7,18,9,30,0
2023,7,18,9,45,0
2023,7,18,10,0,0
2023,7,18,10,15,0
2023,7,18,10,30,0
2023,7,18,10,45,0
2023,7,18,11,0,0
2023,7,18,11,15,0
2023,7,18,11,30,0
2023,7,18,11,45,0
2023,7,18,12,0,0
2023,7,18,12,15,0
2023,7,18,12,30,0
2023,7,18,12,45,11
2023,7,18,13,0,34
2023,7,18,13,15,68
2023,7,18,13,30,109
2023,7,18,13,45,154
2023,7,18,14,0,202
2023,7,18,14,15,251
2023,7,18,14,30,302
2023,7,18,14,45,353
2023,7,18,15,0,404
2023,7,18,15,15,455
2023,7,18,15,30,505
2023,7,18,15,45,555
2023,7,18,16,0,601
2023,7,18,16,15,647
2023,7,18,16,30,691
2023,7,18,16,45,733
2023,7,18,17,0,657
2023,7,18,17,15,751
2023,7,18,17,30,842
2023,7,18,17,45,874
2023,7,18,18,0,901
2023,7,18,18,15,927
2023,7,18,18,30,948
2023,7,18,18,45,965
2023,7,18,19,0,979
2023,7,18,19,15,989
2023,7,18,19,30,995
2023,7,18,19,45,997
2023,7,18,20,0,996
2023,7,18,20,15,990
2023,7,18,20,30,981
2023,7,18,20,45,751
2023,7,18,21,0,953
2023,7,18,21,15,932
2023,7,18,21,30,909
2023,7,18,21,45,666
2023,7,18,22,0,852
2023,7,18,22,15,818
2023,7,18,22,30,782
2023,7,18,22,45,744
2023,7,18,23,0,703
2023,7,18,23,15,658
2023,7,18,23,30,612
2023,7,18,23,45,565
2023,7,19,0,0,515
2023,7,19,0,15,465
2023,7,19,0,30,414
2023,7,19,0,45,362
2023,7,19,1,0,311
2023,7,19,1,15,260
2023,7,19,1,30,210
2023,7,19,1,45,161
2023,7,19,2,0,116
2023,7,19,2,15,74
2023,7,19,2,30,39
2023,7,19,2,45,13
2023,7,19,3,0,0
2023,7,19,3,15,0
2023,7,19,3,30,0
2023,7,19,3,45,0
2023,7,19,4,0,0
2023,7,19,4,15,0
2023,7,19,4,30,0
2023,7,19,4,45,0
2023,7,19,5,0,0
2023,7,19,5,15,0
2023,7,19,5,30,0
2023,7,19,5,45,0
2023,7,19,6,0,0
2023,7,19,6,15,0
2023,7,19,6,30,0
2023,7,19,6,45,0
2023,7,19,7,0,0
2023,7,19,7,15,0
2023,7,19,7,30,0
2023,7,19,7,45,0
2023,7,19,8,0,0
2023,7,19,8,15,0
2023,7,19,8,30,0
2023,7,19,8,45,0
2023,7,19,9,0,0
2023,7,19,9,15,0
2023,7,19,9,30,0
2023,7,19,9,45,0
2023,7,19,10,0,0
2023,7,19,10,15,0
2023,7,19,10,30,0
2023,7,19,10,45,0
2023,7,19,11,0,0
2023,7,19,11,15,0
2023,7,19,11,30,0
2023,7,19,11,45,0
2023,7,19,12,0,0
2023,7,19,12,15,0
2023,7,19,12,30,0
2023,7,19,12,45,0
2023,7,19,13,0,35
2023,7,19,13,15,71
2023,7,19,13,30,112
2023,7,19,13,45,158
2023,7,19,14,0,206
2023,7,19,14,15,256
2023,7,19,14,30,307
2023,7,19,14,45,358
2023,7,19,15,0,410
2023,7,19,15,15,461
2023,7,19,15,30,511
2023,7,19,15,45,560
2023,7,19,16,0,607
2023,7,19,16,15,653
2023,7,19,16,30,697
2023,7,19,16,45,739
2023,7,19,17,0,780
2023,7,19,17,15,816
2023,7,19,17,30,850
2023,7,19,17,45,882
2023,7,19,18,0,910
2023,7,19,18,15,934
2023,7,19,18,30,954
2023,7,19,18,45,972
2023,7,19,19,0,985
2023,7,19,19,15,995
2023,7,19,19,30,1001
2023,7,19,19,45,1003
2023,7,19,20,0,1001
2023,7,19,20,15,996
2023,7,19,20,30,986
2023,7,19,20,45,969
2023,7,19,21,0,954
2023,7,19,21,15,934
2023,7,19,21,30,910
2023,7,19,21,45,883
2023,7,19,22,0,855
2023,7,19,22,15,600
2023,7,19,22,30,656
2023,7,19,22,45,746
2023,7,19,23,0,705
2023,7,19,23,15,662
2023,7,19,23,30,617
2023,7,19,23,45,569
2023,7,20,0,0,520
2023,7,20,0,15,470
2023,7,20,0,30,272
2023,7,20,0,45,368
2023,7,20,1,0,316
2023,7,20,1,15,265
2023,7,20,1,30,214
2023,7,20,1,45,166
2023,7,20,2,0,119
2023,7,20,2,15,76
2023,7,20,2,30,39
2023,7,20,2,45,13
2023,7,20,3,0,0
2023,7,20,3,15,0
2023,7,20,3,30,0
2023,7,20,3,45,0
2023,7,20,4,0,0
2023,7,20,4,15,0
2023,7,20,4,30,0
2023,7,20,4,45,0
2023,7,20,5,0,0
2023,7,20,5,15,0
2023,7,20,5,30,0
2023,7,20,5,45,0
2023,7,20,6,0,0
2023,7,20,6,15,0
2023,7,20,6,30,0
2023,7,20,6,45,0
2023,7,20,7,0,0
2023,7,20,7,15,0
2023,7,20,7,30,0
2023,7,20,7,45,0
2023,7,20,8,0,0
2023,7,20,8,15,0
2023,7,20,8,30,0
2023,7,20,8,45,0
2023,7,20,9,0,0
2023,7,20,9,15,0
2023,7,20,9,30,0
2023,7,20,9,45,0
2023,7,20,10,0,0
2023,7,20,10,15,0
2023,7,20,10,30,0
2023,7,20,10,45,0
2023,7,20,11,0,0
2023,7,20,11,15,0
2023,7,20,11,30,0
2023,7,20,11,45,0
2023,7,20,12,0,0
2023,7,20,12,15,0
2023,7,20,12,30,0
2023,7,20,12,45,0
2023,7,20,13,0,34
2023,7,20,13,15,69
2023,7,20,13,30,111
2023,7,20,13,45,158
2023,7,20,14,0,206
2023,7,20,14,15,257
2023,7,20,14,30,309
2023,7,20,14,45,361
2023,7,20,15,0,413
2023,7,20,15,15,464
2023,7,20,15,30,514
2023,7,20,15,45,563
2023,7,20,16,0,611
2023,7,20,16,15,658
2023,7,20,16,30,702
2023,7,20,16,45,742
2023,7,20,17,0,782
2023,7,20,17,15,818
2023,7,20,17,30,852
2023,7,20,17,45,883
2023,7,20,18,0,908
2023,7,20,18,15,933
2023,7,20,18,30,954
2023,7,20,18,45,971
2023,7,20,19,0,984
2023,7,20,19,15,994
2023,7,20,19,30,998
2023,7,20,19,45,1001
2023,7,20,20,0,999
2023,7,20,20,15,994
2023,7,20,20,30,985
2023,7,20,20,45,973
2023,7,20,21,0,956
2023,7,20,21,15,936
2023,7,20,21,30,912
2023,7,20,21,45,887
2023,7,20,22,0,856
2023,7,20,22,15,823
2023,7,20,22,30,787
2023,7,20,22,45,748
2023,7,20,23,0,559
2023,7,20,23,15,664
2023,7,20,23,30,357
2023,7,20,23,45,496
2023,7,21,0,0,479
2023,7,21,0,15,148
2023,7,21,0,30,42
2023,7,21,0,45,15
2023,7,21,1,0,12
2023,7,21,1,15,9
2023,7,21,1,30,117
2023,7,21,1,45,165
2023,7,21,2,0,119
2023,7,21,2,15,76
2023,7,21,2,30,39
2023,7,21,2,45,13
2023,7,21,3,0,0
2023,7,21,3,15,0
2023,7,21,3,30,0
2023,7,21,3,45,0
2023,7,21,4,0,0
2023,7,21,4,15,0
2023,7,21,4,30,0
2023,7,21,4,45,0
2023,7,21,5,0,0
2023,7,21,5,15,0
2023,7,21,5,30,0
2023,7,21,5,45,0
2023,7,21,6,0,0
2023,7,21,6,15,0
2023,7,21,6,30,0
2023,7,21,6,45,0
2023,7,21,7,0,0
2023,7,21,7,15,0
2023,7,21,7,30,0
2023,7,21,7,45,0
2023,7,21,8,0,0
2023,7,21,8,15,0
2023,7,21,8,30,0
2023,7,21,8,45,0
2023,7,21,9,0,0
2023,7,21,9,15,0
2023,7,21,9,30,0
2023,7,21,9,45,0
2023,7,21,10,0,0
2023,7,21,10,15,0
2023,7,21,10,30,0
2023,7,21,10,45,0
2023,7,21,11,0,0
2023,7,21,11,15,0
2023,7,21,11,30,0
2023,7,21,11,45,0
2023,7,21,12,0,0
2023,7,21,12,15,0
2023,7,21,12,30,0
2023,7,21,12,45,0
2023,7,21,13,0,33
2023,7,21,13,15,67
2023,7,21,13,30,108
2023,7,21,13,45,154
2023,7,21,14,0,203
2023,7,21,14,15,253
2023,7,21,14,30,304
2023,7,21,14,45,356
2023,7,21,15,0,407
2023,7,21,15,15,459
2023,7,21,15,30,509
2023,7,21,15,45,559
2023,7,21,16,0,607
2023,7,21,16,15,653
2023,7,21,16,30,697
2023,7,21,16,45,740
2023,7,21,17,0,779
2023,7,21,17,15,816
2023,7,21,17,30,850
2023,7,21,17,45,880
2023,7,21,18,0,908
2023,7,21,18,15,932
2023,7,21,18,30,953
2023,7,21,18,45,973
2023,7,21,19,0,986
2023,7,21,19,15,996
2023,7,21,19,30,1002
2023,7,21,19,45,1005
2023,7,21,20,0,1003
2023,7,21,20,15,998
2023,7,21,20,30,990
2023,7,21,20,45,976
2023,7,21,21,0,960
2023,7,21,21,15,941
2023,7,21,21,30,917
2023,7,21,21,45,893
2023,7,21,22,0,862
2023,7,21,22,15,828
2023,7,21,22,30,793
2023,7,21,22,45,754
2023,7,21,23,0,714
2023,7,21,23,15,670
2023,7,21,23,30,623
2023,7,21,23,45,577
2023,7,22,0,0,527
2023,7,22,0,15,476
2023,7,22,0,30,425
2023,7,22,0,45,373
2023,7,22,1,0,320
2023,7,22,1,15,267
2023,7,22,1,30,217
2023,7,22,1,45,167
2023,7,22,2,0,119
2023,7,22,2,15,76
2023,7,22,2,30,38
2023,7,22,2,45,12
2023,7,22,3,0,0
2023,7,22,3,15,0
2023,7,22,3,30,0
2023,7,22,3,45,0
2023,7,22,4,0,0
2023,7,22,4,15,0
2023,7,22,4,30,0
2023,7,22,4,45,0
2023,7,22,5,0,0
2023,7,22,5,15,0
2023,7,22,5,30,0
2023,7,22,5,45,0
2023,7,22,6,0,0
2023,7,22,6,15,0
2023,7,22,6,30,0
2023,7,22,6,45,0
2023,7,22,7,0,0
2023,7,22,7,15,0
2023,7,22,7,30,0
2023,7,22,7,45,0
2023,7,22,8,0,0
2023,7,22,8,15,0
2023,7,22,8,30,0
2023,7,22,8,45,0
2023,7,22,9,0,0
2023,7,22,9,15,0
2023,7,22,9,30,0
2023,7,22,9,45,0
2023,7,22,10,0,0
2023,7,22,10,15,0
2023,7,22,10,30,0
2023,7,22,10,45,0
2023,7,22,11,0,0
2023,7,22,11,15,0
2023,7,22,11,30,0
2023,7,22,11,45,0
2023,7,22,12,0,0
2023,7,22,12,15,0
2023,7,22,12,30,0
2023,7,22,12,45,0
2023,7,22,13,0,31
2023,7,22,13,15,65
2023,7,22,13,30,107
2023,7,22,13,45,152
2023,7,22,14,0,201
2023,7,22,14,15,252
2023,7,22,14,30,303
2023,7,22,14,45,305
2023,7,22,15,0,405
2023,7,22,15,15,457
2023,7,22,15,30,508
2023,7,22,15,45,556
2023,7,22,16,0,605
2023,7,22,16,15,649
2023,7,22,16,30,694
2023,7,22,16,45,735
2023,7,22,17,0,774
2023,7,22,17,15,811
2023,7,22,17,30,638
2023,7,22,17,45,877
2023,7,22,18,0,730
2023,7,22,18,15,821
2023,7,22,18,30,831
2023,7,22,18,45,820
2023,7,22,19,0,915
2023,7,22,19,15,835
2023,7,22,19,30,888
2023,7,22,19,45,880
2023,7,22,20,0,777
2023,7,22,20,15,887
2023,7,22,20,30,699
2023,7,22,20,45,795
2023,7,22,21,0,759
2023,7,22,21,15,913
2023,7,22,21,30,891
2023,7,22,21,45,863
2023,7,22,22,0,832
2023,7,22,22,15,799
2023,7,22,22,30,762
2023,7,22,22,45,723
2023,7,22,23,0,681
2023,7,22,23,15,637
2023,7,22,23,30,591
2023,7,22,23,45,541
2023,7,23,0,0,492
2023,7,23,0,15,442
2023,7,23,0,30,391
2023,7,23,0,45,337
2023,7,23,1,0,286
2023,7,23,1,15,236
2023,7,23,1,30,188
2023,7,23,1,45,140
2023,7,23,2,0,97
2023,7,23,2,15,59
2023,7,23,2,30,27
2023,7,23,2,45,0
2023,7,23,3,0,0
2023,7,23,3,15,0
2023,7,23,3,30,0
2023,7,23,3,45,0
2023,7,23,4,0,0
2023,7,23,4,15,0
2023,7,23,4,30,0
2023,7,23,4,45,0
2023,7,23,5,0,0
2023,7,23,5,15,0
2023,7,23,5,30,0
2023,7,23,5,45,0
2023,7,23,6,0,0
2023,7,23,6,15,0
2023,7,23,6,30,0
2023,7,23,6,45,0
2023,7,23,7,0,0
2023,7,23,7,15,0
2023,7,23,7,30,0
2023,7,23,7,45,0
2023,7,23,8,0,0
2023,7,23,8,15,0
2023,7,23,8,30,0
2023,7,23,8,45,0
2023,7,23,9,0,0
2023,7,23,9,15,0
2023,7,23,9,30,0
2023,7,23,9,45,0
2023,7,23,10,0,0
2023,7,23,10,15,0
2023,7,23,10,30,0
2023,7,23,10,45,0
2023,7,23,11,0,0
2023,7,23,11,15,0
2023,7,23,11,30,0
2023,7,23,11,45,0
2023,7,23,12,0,0
2023,7,23,12,15,0
2023,7,23,12,30,0
2023,7,23,12,45,0
2023,7,23,13,0,22
2023,7,23,13,15,51
2023,7,23,13,30,96
2023,7,23,13,45,143
2023,7,23,14,0,169
2023,7,23,14,15,182
2023,7,23,14,30,172
2023,7,23,14,45,304
2023,7,23,15,0,389
2023,7,23,15,15,391
2023,7,23,15,30,478
2023,7,23,15,45,510
2023,7,23,16,0,438
2023,7,23,16,15,605
2023,7,23,16,30,672
2023,7,23,16,45,643
2023,7,23,17,0,753
2023,7,23,17,15,790
2023,7,23,17,30,824
2023,7,23,17,45,863
2023,7,23,18,0,891
2023,7,23,18,15,915
2023,7,23,18,30,935
2023,7,23,18,45,953
2023,7,23,19,0,966
2023,7,23,19,15,838
2023,7,23,19,30,982
2023,7,23,19,45,985
2023,7,23,20,0,982
2023,7,23,20,15,978
2023,7,23,20,30,969
2023,7,23,20,45,955
2023,7,23,21,0,938
2023,7,23,21,15,918
2023,7,23,21,30,894
2023,7,23,21,45,869
2023,7,23,22,0,838
2023,7,23,22,15,805
2023,7,23,22,30,768
2023,7,23,22,45,731
2023,7,23,23,0,690
2023,7,23,23,15,646
2023,7,23,23,30,600
2023,7,23,23,45,553
2023,7,24,0,0,504
2023,7,24,0,15,454
2023,7,24,0,30,402
2023,7,24,0,45,351
2023,7,24,1,0,205
2023,7,24,1,15,139
2023,7,24,1,30,112
2023,7,24,1,45,150
2023,7,24,2,0,54
2023,7,24,2,15,49
2023,7,24,2,30,26
2023,7,24,2,45,0
2023,7,24,3,0,0
2023,7,24,3,15,0
2023,7,24,3,30,0
2023,7,24,3,45,0
2023,7,24,4,0,0
2023,7,24,4,15,0
2023,7,24,4,30,0
2023,7,24,4,45,0
2023,7,24,5,0,0
2023,7,24,5,15,0
2023,7,24,5,30,0
2023,7,24,5,45,0
2023,7,24,6,0,0
2023,7,24,6,15,0
2023,7,24,6,30,0
2023,7,24,6,45,0
2023,7,24,7,0,0
2023,7,24,7,15,0
2023,7,24,7,30,0
2023,7,24,7,45,0
2023,7,24,8,0,0
2023,7,24,8,15,0
2023,7,24,8,30,0
2023,7,24,8,45,0
2023,7,24,9,0,0
2023,7,24,9,15,0
2023,7,24,9,30,0
2023,7,24,9,45,0
2023,7,24,10,0,0
2023,7,24,10,15,0
2023,7,24,10,30,0
2023,7,24,10,45,0
2023,7,24,11,0,0
2023,7,24,11,15,0
2023,7,24,11,30,0
2023,7,24,11,45,0
2023,7,24,12,0,0
2023,7,24,12,15,0
2023,7,24,12,30,0
2023,7,24,12,45,0
2023,7,24,13,0,26
2023,7,24,13,15,57
2023,7,24,13,30,96
2023,7,24,13,45,139
2023,7,24,14,0,186
2023,7,24,14,15,235
2023,7,24,14,30,285
2023,7,24,14,45,335
2023,7,24,15,0,386
2023,7,24,15,15,436
2023,7,24,15,30,486
2023,7,24,15,45,533
2023,7,24,16,0,582
2023,7,24,16,15,606
2023,7,24,16,30,672
2023,7,24,16,45,712
2023,7,24,17,0,752
2023,7,24,17,15,788
2023,7,24,17,30,822
2023,7,24,17,45,866
2023,7,24,18,0,894
2023,7,24,18,15,918
2023,7,24,18,30,939
2023,7,24,18,45,956
2023,7,24,19,0,969
2023,7,24,19,15,979
2023,7,24,19,30,985
2023,7,24,19,45,988
2023,7,24,20,0,985
2023,7,24,20,15,981
2023,7,24,20,30,972
2023,7,24,20,45,956
2023,7,24,21,0,939
2023,7,24,21,15,921
2023,7,24,21,30,455
2023,7,24,21,45,870
2023,7,24,22,0,840
2023,7,24,22,15,808
2023,7,24,22,30,771
2023,7,24,22,45,732
2023,7,24,23,0,691
2023,7,24,23,15,649
2023,7,24,23,30,603
2023,7,24,23,45,555
2023,7,25,0,0,506
2023,7,25,0,15,456
2023,7,25,0,30,406
2023,7,25,0,45,354
2023,7,25,1,0,303
2023,7,25,1,15,251
2023,7,25,1,30,201
2023,7,25,1,45,153
2023,7,25,2,0,108
2023,7,25,2,15,67
2023,7,25,2,30,32
2023,7,25,2,45,0
2023,7,25,3,0,0
2023,7,25,3,15,0
2023,7,25,3,30,0
2023,7,25,3,45,0
2023,7,25,4,0,0
2023,7,25,4,15,0
2023,7,25,4,30,0
2023,7,25,4,45,0
2023,7,25,5,0,0
2023,7,25,5,15,0
2023,7,25,5,30,0
2023,7,25,5,45,0
2023,7,25,6,0,0
2023,7,25,6,15,0
2023,7,25,6,30,0
2023,7,25,6,45,0
2023,7,25,7,0,0
2023,7,25,7,15,0
2023,7,25,7,30,0
2023,7,25,7,45,0
2023,7,25,8,0,0
2023,7,25,8,15,0
2023,7,25,8,30,0
2023,7,25,8,45,0
2023,7,25,9,0,0
2023,7,25,9,15,0
2023,7,25,9,30,0
2023,7,25,9,45,0
2023,7,25,10,0,0
2023,7,25,10,15,0
2023,7,25,10,30,0
2023,7,25,10,45,0
2023,7,25,11,0,0
2023,7,25,11,15,0
2023,7,25,11,30,0
2023,7,25,11,45,0
2023,7,25,12,0,0
2023,7,25,12,15,0
2023,7,25,12,30,0
2023,7,25,12,45,0
2023,7,25,13,0,27
2023,7,25,13,15,59
2023,7,25,13,30,100
2023,7,25,13,45,145
2023,7,25,14,0,193
2023,7,25,14,15,243
2023,7,25,14,30,295
2023,7,25,14,45,346
2023,7,25,15,0,398
2023,7,25,15,15,449
2023,7,25,15,30,500
2023,7,25,15,45,549
2023,7,25,16,0,597
2023,7,25,16,15,644
2023,7,25,16,30,688
2023,7,25,16,45,729
2023,7,25,17,0,769
2023,7,25,17,15,806
2023,7,25,17,30,840
2023,7,25,17,45,875
2023,7,25,18,0,903
2023,7,25,18,15,927
2023,7,25,18,30,947
2023,7,25,18,45,964
2023,7,25,19,0,977
2023,7,25,19,15,987
2023,7,25,19,30,994
2023,7,25,19,45,996
2023,7,25,20,0,994
2023,7,25,20,15,872
2023,7,25,20,30,80
2023,7,25,20,45,37
2023,7,25,21,0,409
2023,7,25,21,15,708
2023,7,25,21,30,497
2023,7,25,21,45,525
2023,7,25,22,0,780
2023,7,25,22,15,524
2023,7,25,22,30,463
2023,7,25,22,45,604
2023,7,25,23,0,482
2023,7,25,23,15,465
2023,7,25,23,30,611
2023,7,25,23,45,563
2023,7,26,0,0,513
2023,7,26,0,15,463
2023,7,26,0,30,411
2023,7,26,0,45,359
2023,7,26,1,0,240
2023,7,26,1,15,256
2023,7,26,1,30,205
2023,7,26,1,45,156
2023,7,26,2,0,101
2023,7,26,2,15,53
2023,7,26,2,30,26
2023,7,26,2,45,0
2023,7,26,3,0,0
2023,7,26,3,15,0
2023,7,26,3,30,0
2023,7,26,3,45,0
2023,7,26,4,0,0
2023,7,26,4,15,0
2023,7,26,4,30,0
2023,7,26,4,45,0
2023,7,26,5,0,0
2023,7,26,5,15,0
2023,7,26,5,30,0
2023,7,26,5,45,0
2023,7,26,6,0,0
2023,7,26,6,15,0
2023,7,26,6,30,0
2023,7,26,6,45,0
2023,7,26,7,0,0
2023,7,26,7,15,0
2023,7,26,7,30,0
2023,7,26,7,45,0
2023,7,26,8,0,0
2023,7,26,8,15,0
2023,7,26,8,30,0
2023,7,26,8,45,0
2023,7,26,9,0,0
2023,7,26,9,15,0
2023,7,26,9,30,0
2023,7,26,9,45,0
2023,7,26,10,0,0
2023,7,26,10,15,0
2023,7,26,10,30,0
2023,7,26,10,45,0
2023,7,26,11,0,0
2023,7,26,11,15,0
2023,7,26,11,30,0
2023,7,26,11,45,0
2023,7,26,12,0,0
2023,7,26,12,15,0
2023,7,26,12,30,0
2023,7,26,12,45,0
2023,7,26,13,0,25
2023,7,26,13,15,58
2023,7,26,13,30,98
2023,7,26,13,45,143
2023,7,26,14,0,192
2023,7,26,14,15,242
2023,7,26,14,30,292
2023,7,26,14,45,345
2023,7,26,15,0,396
2023,7,26,15,15,448
2023,7,26,15,30,499
2023,7,26,15,45,549
2023,7,26,16,0,597
2023,7,26,16,15,643
2023,7,26,16,30,688
2023,7,26,16,45,731
2023,7,26,17,0,771
2023,7,26,17,15,808
2023,7,26,17,30,842
2023,7,26,17,45,875
2023,7,26,18,0,903
2023,7,26,18,15,926
2023,7,26,18,30,947
2023,7,26,18,45,964
2023,7,26,19,0,978
2023,7,26,19,15,988
2023,7,26,19,30,994
2023,7,26,19,45,788
2023,7,26,20,0,884
2023,7,26,20,15,543
2023,7,26,20,30,725
2023,7,26,20,45,963
2023,7,26,21,0,696
2023,7,26,21,15,758
2023,7,26,21,30,681
2023,7,26,21,45,672
2023,7,26,22,0,38
2023,7,26,22,15,581
2023,7,26,22,30,719
2023,7,26,22,45,666
2023,7,26,23,0,608
2023,7,26,23,15,552
2023,7,26,23,30,607
2023,7,26,23,45,455
2023,7,27,0,0,509
2023,7,27,0,15,458
2023,7,27,0,30,407
2023,7,27,0,45,355
2023,7,27,1,0,303
2023,7,27,1,15,251
2023,7,27,1,30,200
2023,7,27,1,45,151
2023,7,27,2,0,105
2023,7,27,2,15,63
2023,7,27,2,30,29
2023,7,27,2,45,0
2023,7,27,3,0,0
2023,7,27,3,15,0
2023,7,27,3,30,0
2023,7,27,3,45,0
2023,7,27,4,0,0
2023,7,27,4,15,0
2023,7,27,4,30,0
2023,7,27,4,45,0
2023,7,27,5,0,0
2023,7,27,5,15,0
2023,7,27,5,30,0
2023,7,27,5,45,0
2023,7,27,6,0,0
2023,7,27,6,15,0
2023,7,27,6,30,0
2023,7,27,6,45,0
2023,7,27,7,0,0
2023,7,27,7,15,0
2023,7,27,7,30,0
2023,7,27,7,45,0
2023,7,27,8,0,0
2023,7,27,8,15,0
2023,7,27,8,30,0
2023,7,27,8,45,0
2023,7,27,9,0,0
2023,7,27,9,15,0
2023,7,27,9,30,0
2023,7,27,9,45,0
2023,7,27,10,0,0
2023,7,27,10,15,0
2023,7,27,10,30,0
2023,7,27,10,45,0
2023,7,27,11,0,0
2023,7,27,11,15,0
2023,7,27,11,30,0
2023,7,27,11,45,0
2023,7,27,12,0,0
2023,7,27,12,15,0
2023,7,27,12,30,0
2023,7,27,12,45,0
2023,7,27,13,0,26
2023,7,27,13,15,59
2023,7,27,13,30,101
2023,7,27,13,45,148
2023,7,27,14,0,197
2023,7,27,14,15,248
2023,7,27,14,30,301
2023,7,27,14,45,355
2023,7,27,15,0,408
2023,7,27,15,15,461
2023,7,27,15,30,513
2023,7,27,15,45,564
2023,7,27,16,0,613
2023,7,27,16,15,660
2023,7,27,16,30,705
2023,7,27,16,45,749
2023,7,27,17,0,791
2023,7,27,17,15,829
2023,7,27,17,30,864
2023,7,27,17,45,896
2023,7,27,18,0,924
2023,7,27,18,15,949
2023,7,27,18,30,970
2023,7,27,18,45,988
2023,7,27,19,0,1004
2023,7,27,19,15,1015
2023,7,27,19,30,1021
2023,7,27,19,45,1023
2023,7,27,20,0,1021
2023,7,27,20,15,1019
2023,7,27,20,30,1009
2023,7,27,20,45,996
2023,7,27,21,0,978
2023,7,27,21,15,958
2023,7,27,21,30,933
2023,7,27,21,45,905
2023,7,27,22,0,876
2023,7,27,22,15,842
2023,7,27,22,30,804
2023,7,27,22,45,764
2023,7,27,23,0,721
2023,7,27,23,15,676
2023,7,27,23,30,628
2023,7,27,23,45,579
2023,7,28,0,0,528
2023,7,28,0,15,476
2023,7,28,0,30,423
2023,7,28,0,45,369
2023,7,28,1,0,316
2023,7,28,1,15,262
2023,7,28,1,30,210
2023,7,28,1,45,159
2023,7,28,2,0,111
2023,7,28,2,15,67
2023,7,28,2,30,31
2023,7,28,2,45,0
2023,7,28,3,0,0
2023,7,28,3,15,0
2023,7,28,3,30,0
2023,7,28,3,45,0
2023,7,28,4,0,0
2023,7,28,4,15,0
2023,7,28,4,30,0
2023,7,28,4,45,0
2023,7,28,5,0,0
2023,7,28,5,15,0
2023,7,28,5,30,0
2023,7,28,5,45,0
2023,7,28,6,0,0
2023,7,28,6,15,0
2023,7,28,6,30,0
2023,7,28,6,45,0
2023,7,28,7,0,0
2023,7,28,7,15,0
2023,7,28,7,30,0
2023,7,28,7,45,0
2023,7,28,8,0,0
2023,7,28,8,15,0
2023,7,28,8,30,0
2023,7,28,8,45,0
2023,7,28,9,0,0
2023,7,28,9,15,0
2023,7,28,9,30,0
2023,7,28,9,45,0
2023,7,28,10,0,0
2023,7,28,10,15,0
2023,7,28,10,30,0
2023,7,28,10,45,0
2023,7,28,11,0,0
2023,7,28,11,15,0
2023,7,28,11,30,0
2023,7,28,11,45,0
2023,7,28,12,0,0
2023,7,28,12,15,0
2023,7,28,12,30,0
2023,7,28,12,45,0
2023,7,28,13,0,14
2023,7,28,13,15,57
2023,7,28,13,30,98
2023,7,28,13,45,143
2023,7,28,14,0,192
2023,7,28,14,15,243
2023,7,28,14,30,294
2023,7,28,14,45,283
2023,7,28,15,0,327
2023,7,28,15,15,449
2023,7,28,15,30,499
2023,7,28,15,45,547
2023,7,28,16,0,595
2023,7,28,16,15,641
2023,7,28,16,30,684
2023,7,28,16,45,725
2023,7,28,17,0,763
2023,7,28,17,15,800
2023,7,28,17,30,835
2023,7,28,17,45,865
2023,7,28,18,0,891
2023,7,28,18,15,917
2023,7,28,18,30,938
2023,7,28,18,45,957
2023,7,28,19,0,972
2023,7,28,19,15,982
2023,7,28,19,30,988
2023,7,28,19,45,993
2023,7,28,20,0,991
2023,7,28,20,15,985
2023,7,28,20,30,976
2023,7,28,20,45,958
2023,7,28,21,0,841
2023,7,28,21,15,739
2023,7,28,21,30,41
2023,7,28,21,45,864
2023,7,28,22,0,833
2023,7,28,22,15,799
2023,7,28,22,30,762
2023,7,28,22,45,722
2023,7,28,23,0,680
2023,7,28,23,15,635
2023,7,28,23,30,589
2023,7,28,23,45,543
2023,7,29,0,0,493
2023,7,29,0,15,442
2023,7,29,0,30,390
2023,7,29,0,45,95
2023,7,29,1,0,257
2023,7,29,1,15,235
2023,7,29,1,30,184
2023,7,29,1,45,134
2023,7,29,2,0,91
2023,7,29,2,15,52
2023,7,29,2,30,21
2023,7,29,2,45,0
2023,7,29,3,0,0
2023,7,29,3,15,0
2023,7,29,3,30,0
2023,7,29,3,45,0
2023,7,29,4,0,0
2023,7,29,4,15,0
2023,7,29,4,30,0
2023,7,29,4,45,0
2023,7,29,5,0,0
2023,7,29,5,15,0
2023,7,29,5,30,0
2023,7,29,5,45,0
2023,7,29,6,0,0
2023,7,29,6,15,0
2023,7,29,6,30,0
2023,7,29,6,45,0
2023,7,29,7,0,0
2023,7,29,7,15,0
2023,7,29,7,30,0
2023,7,29,7,45,0
2023,7,29,8,0,0
2023,7,29,8,15,0
2023,7,29,8,30,0
2023,7,29,8,45,0
2023,7,29,9,0,0
2023,7,29,9,15,0
2023,7,29,9,30,0
2023,7,29,9,45,0
2023,7,29,10,0,0
2023,7,29,10,15,0
2023,7,29,10,30,0
2023,7,29,10,45,0
2023,7,29,11,0,0
2023,7,29,11,15,0
2023,7,29,11,30,0
2023,7,29,11,45,0
2023,7,29,12,0,0
2023,7,29,12,15,0
2023,7,29,12,30,0
2023,7,29,12,45,0
2023,7,29,13,0,12
2023,7,29,13,15,37
2023,7,29,13,30,71
2023,7,29,13,45,110
2023,7,29,14,0,153
2023,7,29,14,15,199
2023,7,29,14,30,247
2023,7,29,14,45,293
2023,7,29,15,0,342
2023,7,29,15,15,391
2023,7,29,15,30,440
2023,7,29,15,45,485
2023,7,29,16,0,531
2023,7,29,16,15,577
2023,7,29,16,30,620
2023,7,29,16,45,659
2023,7,29,17,0,699
2023,7,29,17,15,735
2023,7,29,17,30,769
2023,7,29,17,45,821
2023,7,29,18,0,849
2023,7,29,18,15,873
2023,7,29,18,30,893
2023,7,29,18,45,900
2023,7,29,19,0,914
2023,7,29,19,15,922
2023,7,29,19,30,930
2023,7,29,19,45,914
2023,7,29,20,0,734
2023,7,29,20,15,463
2023,7,29,20,30,621
2023,7,29,20,45,224
2023,7,29,21,0,840
2023,7,29,21,15,642
2023,7,29,21,30,719
2023,7,29,21,45,752
2023,7,29,22,0,600
2023,7,29,22,15,688
2023,7,29,22,30,526
2023,7,29,22,45,485
2023,7,29,23,0,294
2023,7,29,23,15,227
2023,7,29,23,30,247
2023,7,29,23,45,363
2023,7,30,0,0,338
2023,7,30,0,15,321
2023,7,30,0,30,205
2023,7,30,0,45,246
2023,7,30,1,0,201
2023,7,30,1,15,158
2023,7,30,1,30,117
2023,7,30,1,45,83
2023,7,30,2,0,50
2023,7,30,2,15,23
2023,7,30,2,30,7
2023,7,30,2,45,0
2023,7,30,3,0,0
2023,7,30,3,15,0
2023,7,30,3,30,0
2023,7,30,3,45,0
2023,7,30,4,0,0
2023,7,30,4,15,0
2023,7,30,4,30,0
2023,7,30,4,45,0
2023,7,30,5,0,0
2023,7,30,5,15,0
2023,7,30,5,30,0
2023,7,30,5,45,0
2023,7,30,6,0,0
2023,7,30,6,15,0
2023,7,30,6,30,0
2023,7,30,6,45,0
2023,7,30,7,0,0
2023,7,30,7,15,0
2023,7,30,7,30,0
2023,7,30,7,45,0
2023,7,30,8,0,0
2023,7,30,8,15,0
2023,7,30,8,30,0
2023,7,30,8,45,0
2023,7,30,9,0,0
2023,7,30,9,15,0
2023,7,30,9,30,0
2023,7,30,9,45,0
2023,7,30,10,0,0
2023,7,30,10,15,0
2023,7,30,10,30,0
2023,7,30,10,45,0
2023,7,30,11,0,0
2023,7,30,11,15,0
2023,7,30,11,30,0
2023,7,30,11,45,0
2023,7,30,12,0,0
2023,7,30,12,15,0
2023,7,30,12,30,0
2023,7,30,12,45,0
2023,7,30,13,0,16
2023,7,30,13,15,35
2023,7,30,13,30,82
2023,7,30,13,45,82
2023,7,30,14,0,169
2023,7,30,14,15,217
2023,7,30,14,30,245
2023,7,30,14,45,270
2023,7,30,15,0,322
2023,7,30,15,15,415
2023,7,30,15,30,465
2023,7,30,15,45,511
2023,7,30,16,0,559
2023,7,30,16,15,603
2023,7,30,16,30,647
2023,7,30,16,45,684
2023,7,30,17,0,723
2023,7,30,17,15,628
2023,7,30,17,30,752
2023,7,30,17,45,827
2023,7,30,18,0,856
2023,7,30,18,15,760
2023,7,30,18,30,761
2023,7,30,18,45,818
2023,7,30,19,0,794
2023,7,30,19,15,810
2023,7,30,19,30,811
2023,7,30,19,45,655
2023,7,30,20,0,636
2023,7,30,20,15,663
2023,7,30,20,30,538
2023,7,30,20,45,545
2023,7,30,21,0,617
2023,7,30,21,15,700
2023,7,30,21,30,433
2023,7,30,21,45,378
2023,7,30,22,0,511
2023,7,30,22,15,583
2023,7,30,22,30,542
2023,7,30,22,45,443
2023,7,30,23,0,495
2023,7,30,23,15,455
2023,7,30,23,30,415
2023,7,30,23,45,374
2023,7,31,0,0,332
2023,7,31,0,15,218
2023,7,31,0,30,31
2023,7,31,0,45,159
2023,7,31,1,0,175
2023,7,31,1,15,98
2023,7,31,1,30,60
2023,7,31,1,45,3
2023,7,31,2,0,41
2023,7,31,2,15,18
2023,7,31,2,30,5
2023,7,31,2,45,0
2023,7,31,3,0,0
2023,7,31,3,15,0
2023,7,31,3,30,0
2023,7,31,3,45,0
2023,7,31,4,0,0
2023,7,31,4,15,0
2023,7,31,4,30,0
2023,7,31,4,45,0
2023,7,31,5,0,0
2023,7,31,5,15,0
2023,7,31,5,30,0
2023,7,31,5,45,0
2023,7,31,6,0,0
2023,7,31,6,15,0
2023,7,31,6,30,0
2023,7,31,6,45,0
2023,7,31,7,0,0
2023,7,31,7,15,0
2023,7,31,7,30,0
2023,7,31,7,45,0
2023,7,31,8,0,0
2023,7,31,8,15,0
2023,7,31,8,30,0
2023,7,31,8,45,0
2023,7,31,9,0,0
2023,7,31,9,15,0
2023,7,31,9,30,0
2023,7,31,9,45,0
2023,7,31,10,0,0
2023,7,31,10,15,0
2023,7,31,10,30,0
2023,7,31,10,45,0
2023,7,31,11,0,0
2023,7,31,11,15,0
2023,7,31,11,30,0
2023,7,31,11,45,0
2023,7,31,12,0,0
2023,7,31,12,15,0
2023,7,31,12,30,0
2023,7,31,12,45,0
2023,7,31,13,0,5
2023,7,31,13,15,21
2023,7,31,13,30,26
2023,7,31,13,45,85
2023,7,31,14,0,100
2023,7,31,14,15,155
2023,7,31,14,30,214
2023,7,31,14,45,260
2023,7,31,15,0,307
2023,7,31,15,15,357
2023,7,31,15,30,330
2023,7,31,15,45,406
2023,7,31,16,0,407
2023,7,31,16,15,517
2023,7,31,16,30,481
2023,7,31,16,45,564
2023,7,31,17,0,512
2023,7,31,17,15,560
2023,7,31,17,30,457
2023,7,31,17,45,623
2023,7,31,18,0,707
2023,7,31,18,15,704
2023,7,31,18,30,644
2023,7,31,18,45,649
2023,7,31,19,0,711
2023,7,31,19,15,791
2023,7,31,19,30,805
2023,7,31,19,45,746
2023,7,31,20,0,809
2023,7,31,20,15,708
2023,7,31,20,30,774
2023,7,31,20,45,839
2023,7,31,21,0,692
2023,7,31,21,15,811
2023,7,31,21,30,651
2023,7,31,21,45,521
2023,7,31,22,0,513
2023,7,31,22,15,570
2023,7,31,22,30,146
2023,7,31,22,45,22
2023,7,31,23,0,24
2023,7,31,23,15,17
2023,7,31,23,30,203
2023,7,31,23,45,389
2023,8,1,0,0,108
2023,8,1,0,15,131
2023,8,1,0,30,40
2023,8,1,0,45,77
2023,8,1,1,0,190
2023,8,1,1,15,188
2023,8,1,1,30,121
2023,8,1,1,45,89
2023,8,1,2,0,59
2023,8,1,2,15,37
2023,8,1,2,30,14
2023,8,1,2,45,0
2023,8,1,3,0,0
2023,8,1,3,15,0
2023,8,1,3,30,0
2023,8,1,3,45,0
2023,8,1,4,0,0
2023,8,1,4,15,0
2023,8,1,4,30,0
2023,8,1,4,45,0
2023,8,1,5,0,0
2023,8,1,5,15,0
2023,8,1,5,30,0
2023,8,1,5,45,0
2023,8,1,6,0,0
2023,8,1,6,15,0
2023,8,1,6,30,0
2023,8,1,6,45,0
2023,8,1,7,0,0
2023,8,1,7,15,0
2023,8,1,7,30,0
2023,8,1,7,45,0
2023,8,1,8,0,0
2023,8,1,8,15,0
2023,8,1,8,30,0
2023,8,1,8,45,0
2023,8,1,9,0,0
2023,8,1,9,15,0
2023,8,1,9,30,0
2023,8,1,9,45,0
2023,8,1,10,0,0
2023,8,1,10,15,0
2023,8,1,10,30,0
2023,8,1,10,45,0
2023,8,1,11,0,0
2023,8,1,11,15,0
2023,8,1,11,30,0
2023,8,1,11,45,0
2023,8,1,12,0,0
2023,8,1,12,15,0
2023,8,1,12,30,0
2023,8,1,12,45,0
2023,8,1,13,0,5
2023,8,1,13,15,13
2023,8,1,13,30,3
2023,8,1,13,45,98
2023,8,1,14,0,62
2023,8,1,14,15,93
2023,8,1,14,30,53
2023,8,1,14,45,70
2023,8,1,15,0,93
2023,8,1,15,15,210
2023,8,1,15,30,152
2023,8,1,15,45,273
2023,8,1,16,0,274
2023,8,1,16,15,167
2023,8,1,16,30,533
2023,8,1,16,45,640
2023,8,1,17,0,602
2023,8,1,17,15,663
2023,8,1,17,30,650
2023,8,1,17,45,611
2023,8,1,18,0,723
2023,8,1,18,15,698
2023,8,1,18,30,794
2023,8,1,18,45,779
2023,8,1,19,0,819
2023,8,1,19,15,954
2023,8,1,19,30,959
2023,8,1,19,45,703
2023,8,1,20,0,532
2023,8,1,20,15,404
2023,8,1,20,30,281
2023,8,1,20,45,400
2023,8,1,21,0,705
2023,8,1,21,15,715
2023,8,1,21,30,804
2023,8,1,21,45,655
2023,8,1,22,0,503
2023,8,1,22,15,704
2023,8,1,22,30,574
2023,8,1,22,45,62
2023,8,1,23,0,33
2023,8,1,23,15,117
2023,8,1,23,30,14
2023,8,1,23,45,71
2023,8,2,0,0,10
2023,8,2,0,15,77
2023,8,2,0,30,7
2023,8,2,0,45,6
2023,8,2,1,0,9
2023,8,2,1,15,5
2023,8,2,1,30,64
2023,8,2,1,45,5
2023,8,2,2,0,24
2023,8,2,2,15,35
2023,8,2,2,30,14
2023,8,2,2,45,0
2023,8,2,3,0,0
2023,8,2,3,15,0
2023,8,2,3,30,0
2023,8,2,3,45,0
2023,8,2,4,0,0
2023,8,2,4,15,0
2023,8,2,4,30,0
2023,8,2,4,45,0
2023,8,2,5,0,0
2023,8,2,5,15,0
2023,8,2,5,30,0
2023,8,2,5,45,0
2023,8,2,6,0,0
2023,8,2,6,15,0
2023,8,2,6,30,0
2023,8,2,6,45,0
2023,8,2,7,0,0
2023,8,2,7,15,0
2023,8,2,7,30,0
2023,8,2,7,45,0
2023,8,2,8,0,0
2023,8,2,8,15,0
2023,8,2,8,30,0
2023,8,2,8,45,0
2023,8,2,9,0,0
2023,8,2,9,15,0
2023,8,2,9,30,0
2023,8,2,9,45,0
2023,8,2,10,0,0
2023,8,2,10,15,0
2023,8,2,10,30,0
2023,8,2,10,45,0
2023,8,2,11,0,0
2023,8,2,11,15,0
2023,8,2,11,30,0
2023,8,2,11,45,0
2023,8,2,12,0,0
2023,8,2,12,15,0
2023,8,2,12,30,0
2023,8,2,12,45,0
2023,8,2,13,0,8
2023,8,2,13,15,30
2023,8,2,13,30,77
2023,8,2,13,45,42
2023,8,2,14,0,94
2023,8,2,14,15,176
2023,8,2,14,30,32
2023,8,2,14,45,175
2023,8,2,15,0,139
2023,8,2,15,15,61
2023,8,2,15,30,113
2023,8,2,15,45,113
2023,8,2,16,0,187
2023,8,2,16,15,379
2023,8,2,16,30,376
2023,8,2,16,45,273
2023,8,2,17,0,388
2023,8,2,17,15,443
2023,8,2,17,30,175
2023,8,2,17,45,439
2023,8,2,18,0,580
2023,8,2,18,15,654
2023,8,2,18,30,708
2023,8,2,18,45,815
2023,8,2,19,0,607
2023,8,2,19,15,816
2023,8,2,19,30,826
2023,8,2,19,45,732
2023,8,2,20,0,771
2023,8,2,20,15,746
2023,8,2,20,30,743
2023,8,2,20,45,713
2023,8,2,21,0,757
2023,8,2,21,15,915
2023,8,2,21,30,891
2023,8,2,21,45,866
2023,8,2,22,0,836
2023,8,2,22,15,802
2023,8,2,22,30,767
2023,8,2,22,45,728
2023,8,2,23,0,685
2023,8,2,23,15,640
2023,8,2,23,30,593
2023,8,2,23,45,545
2023,8,3,0,0,495
2023,8,3,0,15,444
2023,8,3,0,30,391
2023,8,3,0,45,339
2023,8,3,1,0,287
2023,8,3,1,15,235
2023,8,3,1,30,184
2023,8,3,1,45,135
2023,8,3,2,0,90
2023,8,3,2,15,50
2023,8,3,2,30,19
2023,8,3,2,45,0
2023,8,3,3,0,0
2023,8,3,3,15,0
2023,8,3,3,30,0
2023,8,3,3,45,0
2023,8,3,4,0,0
2023,8,3,4,15,0
2023,8,3,4,30,0
2023,8,3,4,45,0
2023,8,3,5,0,0
2023,8,3,5,15,0
2023,8,3,5,30,0
2023,8,3,5,45,0
2023,8,3,6,0,0
2023,8,3,6,15,0
2023,8,3,6,30,0
2023,8,3,6,45,0
2023,8,3,7,0,0
2023,8,3,7,15,0
2023,8,3,7,30,0
2023,8,3,7,45,0
2023,8,3,8,0,0
2023,8,3,8,15,0
2023,8,3,8,30,0
2023,8,3,8,45,0
2023,8,3,9,0,0
2023,8,3,9,15,0
2023,8,3,9,30,0
2023,8,3,9,45,0
2023,8,3,10,0,0
2023,8,3,10,15,0
2023,8,3,10,30,0
2023,8,3,10,45,0
2023,8,3,11,0,0
2023,8,3,11,15,0
2023,8,3,11,30,0
2023,8,3,11,45,0
2023,8,3,12,0,0
2023,8,3,12,15,0
2023,8,3,12,30,0
2023,8,3,12,45,0
2023,8,3,13,0,15
2023,8,3,13,15,43
2023,8,3,13,30,81
2023,8,3,13,45,125
2023,8,3,14,0,172
2023,8,3,14,15,222
2023,8,3,14,30,273
2023,8,3,14,45,327
2023,8,3,15,0,379
2023,8,3,15,15,430
2023,8,3,15,30,482
2023,8,3,15,45,534
2023,8,3,16,0,582
2023,8,3,16,15,629
2023,8,3,16,30,676
2023,8,3,16,45,719
2023,8,3,17,0,761
2023,8,3,17,15,799
2023,8,3,17,30,835
2023,8,3,17,45,869
2023,8,3,18,0,900
2023,8,3,18,15,924
2023,8,3,18,30,946
2023,8,3,18,45,966
2023,8,3,19,0,980
2023,8,3,19,15,992
2023,8,3,19,30,998
2023,8,3,19,45,1003
2023,8,3,20,0,1002
2023,8,3,20,15,998
2023,8,3,20,30,989
2023,8,3,20,45,353
2023,8,3,21,0,796
2023,8,3,21,15,799
2023,8,3,21,30,746
2023,8,3,21,45,601
2023,8,3,22,0,861
2023,8,3,22,15,826
2023,8,3,22,30,790
2023,8,3,22,45,632
2023,8,3,23,0,709
2023,8,3,23,15,426
2023,8,3,23,30,492
2023,8,3,23,45,484
2023,8,4,0,0,516
2023,8,4,0,15,463
2023,8,4,0,30,409
2023,8,4,0,45,355
2023,8,4,1,0,302
2023,8,4,1,15,248
2023,8,4,1,30,195
2023,8,4,1,45,144
2023,8,4,2,0,96
2023,8,4,2,15,54
2023,8,4,2,30,20
2023,8,4,2,45,0
2023,8,4,3,0,0
2023,8,4,3,15,0
2023,8,4,3,30,0
2023,8,4,3,45,0
2023,8,4,4,0,0
2023,8,4,4,15,0
2023,8,4,4,30,0
2023,8,4,4,45,0
2023,8,4,5,0,0
2023,8,4,5,15,0
2023,8,4,5,30,0
2023,8,4,5,45,0
2023,8,4,6,0,0
2023,8,4,6,15,0
2023,8,4,6,30,0
2023,8,4,6,45,0
2023,8,4,7,0,0
2023,8,4,7,15,0
2023,8,4,7,30,0
2023,8,4,7,45,0
2023,8,4,8,0,0
2023,8,4,8,15,0
2023,8,4,8,30,0
2023,8,4,8,45,0
2023,8,4,9,0,0
2023,8,4,9,15,0
2023,8,4,9,30,0
2023,8,4,9,45,0
2023,8,4,10,0,0
2023,8,4,10,15,0
2023,8,4,10,30,0
2023,8,4,10,45,0
2023,8,4,11,0,0
2023,8,4,11,15,0
2023,8,4,11,30,0
2023,8,4,11,45,0
2023,8,4,12,0,0
2023,8,4,12,15,0
2023,8,4,12,30,0
2023,8,4,12,45,0
2023,8,4,13,0,17
2023,8,4,13,15,48
2023,8,4,13,30,90
2023,8,4,13,45,138
2023,8,4,14,0,189
2023,8,4,14,15,242
2023,8,4,14,30,297
2023,8,4,14,45,350
2023,8,4,15,0,404
2023,8,4,15,15,459
2023,8,4,15,30,512
2023,8,4,15,45,564
2023,8,4,16,0,614
2023,8,4,16,15,663
2023,8,4,16,30,709
2023,8,4,16,45,753
2023,8,4,17,0,795
2023,8,4,17,15,831
2023,8,4,17,30,866
2023,8,4,17,45,896
2023,8,4,18,0,925
2023,8,4,18,15,950
2023,8,4,18,30,972
2023,8,4,18,45,990
2023,8,4,19,0,1004
2023,8,4,19,15,1015
2023,8,4,19,30,1021
2023,8,4,19,45,1023
2023,8,4,20,0,1022
2023,8,4,20,15,1012
2023,8,4,20,30,1003
2023,8,4,20,45,989
2023,8,4,21,0,971
2023,8,4,21,15,953
2023,8,4,21,30,928
2023,8,4,21,45,900
2023,8,4,22,0,867
2023,8,4,22,15,832
2023,8,4,22,30,794
2023,8,4,22,45,753
2023,8,4,23,0,709
2023,8,4,23,15,663
2023,8,4,23,30,614
2023,8,4,23,45,565
2023,8,5,0,0,513
2023,8,5,0,15,460
2023,8,5,0,30,406
2023,8,5,0,45,352
2023,8,5,1,0,297
2023,8,5,1,15,243
2023,8,5,1,30,190
2023,8,5,1,45,140
2023,8,5,2,0,92
2023,8,5,2,15,50
2023,8,5,2,30,18
2023,8,5,2,45,0
2023,8,5,3,0,0
2023,8,5,3,15,0
2023,8,5,3,30,0
2023,8,5,3,45,0
2023,8,5,4,0,0
2023,8,5,4,15,0
2023,8,5,4,30,0
2023,8,5,4,45,0
2023,8,5,5,0,0
2023,8,5,5,15,0
2023,8,5,5,30,0
2023,8,5,5,45,0
2023,8,5,6,0,0
2023,8,5,6,15,0
2023,8,5,6,30,0
2023,8,5,6,45,0
2023,8,5,7,0,0
2023,8,5,7,15,0
2023,8,5,7,30,0
2023,8,5,7,45,0
2023,8,5,8,0,0
2023,8,5,8,15,0
2023,8,5,8,30,0
2023,8,5,8,45,0
2023,8,5,9,0,0
2023,8,5,9,15,0
2023,8,5,9,30,0
2023,8,5,9,45,0
2023,8,5,10,0,0
2023,8,5,10,15,0
2023,8,5,10,30,0
2023,8,5,10,45,0
2023,8,5,11,0,0
2023,8,5,11,15,0
2023,8,5,11,30,0
2023,8,5,11,45,0
2023,8,5,12,0,0
2023,8,5,12,15,0
2023,8,5,12,30,0
2023,8,5,12,45,0
2023,8,5,13,0,15
2023,8,5,13,15,46
2023,8,5,13,30,87
2023,8,5,13,45,133
2023,8,5,14,0,184
2023,8,5,14,15,237
2023,8,5,14,30,291
2023,8,5,14,45,346
2023,8,5,15,0,401
2023,8,5,15,15,455
2023,8,5,15,30,508
2023,8,5,15,45,560
2023,8,5,16,0,611
2023,8,5,16,15,660
2023,8,5,16,30,709
2023,8,5,16,45,754
2023,8,5,17,0,796
2023,8,5,17,15,835
2023,8,5,17,30,871
2023,8,5,17,45,905
2023,8,5,18,0,934
2023,8,5,18,15,960
2023,8,5,18,30,982
2023,8,5,18,45,1000
2023,8,5,19,0,1014
2023,8,5,19,15,1024
2023,8,5,19,30,1030
2023,8,5,19,45,1032
2023,8,5,20,0,1031
2023,8,5,20,15,1025
2023,8,5,20,30,1015
2023,8,5,20,45,1000
2023,8,5,21,0,982
2023,8,5,21,15,960
2023,8,5,21,30,935
2023,8,5,21,45,906
2023,8,5,22,0,874
2023,8,5,22,15,838
2023,8,5,22,30,799
2023,8,5,22,45,758
2023,8,5,23,0,714
2023,8,5,23,15,667
2023,8,5,23,30,618
2023,8,5,23,45,568
2023,8,6,0,0,515
2023,8,6,0,15,462
2023,8,6,0,30,408
2023,8,6,0,45,353
2023,8,6,1,0,298
2023,8,6,1,15,243
2023,8,6,1,30,190
2023,8,6,1,45,139
2023,8,6,2,0,91
2023,8,6,2,15,49
2023,8,6,2,30,17
2023,8,6,2,45,0
2023,8,6,3,0,0
2023,8,6,3,15,0
2023,8,6,3,30,0
2023,8,6,3,45,0
2023,8,6,4,0,0
2023,8,6,4,15,0
2023,8,6,4,30,0
2023,8,6,4,45,0
2023,8,6,5,0,0
2023,8,6,5,15,0
2023,8,6,5,30,0
2023,8,6,5,45,0
2023,8,6,6,0,0
2023,8,6,6,15,0
2023,8,6,6,30,0
2023,8,6,6,45,0
2023,8,6,7,0,0
2023,8,6,7,15,0
2023,8,6,7,30,0
2023,8,6,7,45,0
2023,8,6,8,0,0
2023,8,6,8,15,0
2023,8,6,8,30,0
2023,8,6,8,45,0
2023,8,6,9,0,0
2023,8,6,9,15,0
2023,8,6,9,30,0
2023,8,6,9,45,0
2023,8,6,10,0,0
2023,8,6,10,15,0
2023,8,6,10,30,0
2023,8,6,10,45,0
2023,8,6,11,0,0
2023,8,6,11,15,0
2023,8,6,11,30,0
2023,8,6,11,45,0
2023,8,6,12,0,0
2023,8,6,12,15,0
2023,8,6,12,30,0
2023,8,6,12,45,0
2023,8,6,13,0,15
2023,8,6,13,15,46
2023,8,6,13,30,88
2023,8,6,13,45,136
2023,8,6,14,0,188
2023,8,6,14,15,242
2023,8,6,14,30,296
2023,8,6,14,45,352
2023,8,6,15,0,408
2023,8,6,15,15,463
2023,8,6,15,30,517
2023,8,6,15,45,569
2023,8,6,16,0,621
2023,8,6,16,15,670
2023,8,6,16,30,717
2023,8,6,16,45,762
2023,8,6,17,0,804
2023,8,6,17,15,843
2023,8,6,17,30,879
2023,8,6,17,45,911
2023,8,6,18,0,940
2023,8,6,18,15,966
2023,8,6,18,30,988
2023,8,6,18,45,1006
2023,8,6,19,0,1021
2023,8,6,19,15,1031
2023,8,6,19,30,1037
2023,8,6,19,45,1039
2023,8,6,20,0,1037
2023,8,6,20,15,1031
2023,8,6,20,30,1021
2023,8,6,20,45,1007
2023,8,6,21,0,989
2023,8,6,21,15,967
2023,8,6,21,30,942
2023,8,6,21,45,913
2023,8,6,22,0,880
2023,8,6,22,15,844
2023,8,6,22,30,805
2023,8,6,22,45,764
2023,8,6,23,0,719
2023,8,6,23,15,676
2023,8,6,23,30,627
2023,8,6,23,45,576
2023,8,7,0,0,523
2023,8,7,0,15,469
2023,8,7,0,30,414
2023,8,7,0,45,358
2023,8,7,1,0,302
2023,8,7,1,15,247
2023,8,7,1,30,192
2023,8,7,1,45,140
2023,8,7,2,0,91
2023,8,7,2,15,49
2023,8,7,2,30,16
2023,8,7,2,45,0
2023,8,7,3,0,0
2023,8,7,3,15,0
2023,8,7,3,30,0
2023,8,7,3,45,0
2023,8,7,4,0,0
2023,8,7,4,15,0
2023,8,7,4,30,0
2023,8,7,4,45,0
2023,8,7,5,0,0
2023,8,7,5,15,0
2023,8,7,5,30,0
2023,8,7,5,45,0
2023,8,7,6,0,0
2023,8,7,6,15,0
2023,8,7,6,30,0
2023,8,7,6,45,0
2023,8,7,7,0,0
2023,8,7,7,15,0
2023,8,7,7,30,0
2023,8,7,7,45,0
2023,8,7,8,0,0
2023,8,7,8,15,0
2023,8,7,8,30,0
2023,8,7,8,45,0
2023,8,7,9,0,0
2023,8,7,9,15,0
2023,8,7,9,30,0
2023,8,7,9,45,0
2023,8,7,10,0,0
2023,8,7,10,15,0
2023,8,7,10,30,0
2023,8,7,10,45,0
2023,8,7,11,0,0
2023,8,7,11,15,0
2023,8,7,11,30,0
2023,8,7,11,45,0
2023,8,7,12,0,0
2023,8,7,12,15,0
2023,8,7,12,30,0
2023,8,7,12,45,0
2023,8,7,13,0,14
2023,8,7,13,15,45
2023,8,7,13,30,87
2023,8,7,13,45,135
2023,8,7,14,0,187
2023,8,7,14,15,241
2023,8,7,14,30,296
2023,8,7,14,45,352
2023,8,7,15,0,408
2023,8,7,15,15,463
2023,8,7,15,30,517
2023,8,7,15,45,571
2023,8,7,16,0,622
2023,8,7,16,15,672
2023,8,7,16,30,719
2023,8,7,16,45,764
2023,8,7,17,0,806
2023,8,7,17,15,845
2023,8,7,17,30,882
2023,8,7,17,45,915
2023,8,7,18,0,945
2023,8,7,18,15,971
2023,8,7,18,30,993
2023,8,7,18,45,1011
2023,8,7,19,0,1025
2023,8,7,19,15,1036
2023,8,7,19,30,1042
2023,8,7,19,45,1044
2023,8,7,20,0,1042
2023,8,7,20,15,1036
2023,8,7,20,30,1026
2023,8,7,20,45,1011
2023,8,7,21,0,993
2023,8,7,21,15,971
2023,8,7,21,30,945
2023,8,7,21,45,916
2023,8,7,22,0,883
2023,8,7,22,15,847
2023,8,7,22,30,808
2023,8,7,22,45,766
2023,8,7,23,0,721
2023,8,7,23,15,673
2023,8,7,23,30,624
2023,8,7,23,45,571
2023,8,8,0,0,518
2023,8,8,0,15,464
2023,8,8,0,30,408
2023,8,8,0,45,355
2023,8,8,1,0,298
2023,8,8,1,15,243
2023,8,8,1,30,188
2023,8,8,1,45,136
2023,8,8,2,0,88
2023,8,8,2,15,46
2023,8,8,2,30,14
2023,8,8,2,45,0
2023,8,8,3,0,0
2023,8,8,3,15,0
2023,8,8,3,30,0
2023,8,8,3,45,0
2023,8,8,4,0,0
2023,8,8,4,15,0
2023,8,8,4,30,0
2023,8,8,4,45,0
2023,8,8,5,0,0
2023,8,8,5,15,0
2023,8,8,5,30,0
2023,8,8,5,45,0
2023,8,8,6,0,0
2023,8,8,6,15,0
2023,8,8,6,30,0
2023,8,8,6,45,0
2023,8,8,7,0,0
2023,8,8,7,15,0
2023,8,8,7,30,0
2023,8,8,7,45,0
2023,8,8,8,0,0
2023,8,8,8,15,0
2023,8,8,8,30,0
2023,8,8,8,45,0
2023,8,8,9,0,0
2023,8,8,9,15,0
2023,8,8,9,30,0
2023,8,8,9,45,0
2023,8,8,10,0,0
2023,8,8,10,15,0
2023,8,8,10,30,0
2023,8,8,10,45,0
2023,8,8,11,0,0
2023,8,8,11,15,0
2023,8,8,11,30,0
2023,8,8,11,45,0
2023,8,8,12,0,0
2023,8,8,12,15,0
2023,8,8,12,30,0
2023,8,8,12,45,0
2023,8,8,13,0,0
2023,8,8,13,15,41
2023,8,8,13,30,81
2023,8,8,13,45,128
2023,8,8,14,0,179
2023,8,8,14,15,232
2023,8,8,14,30,287
2023,8,8,14,45,342
2023,8,8,15,0,397
2023,8,8,15,15,452
2023,8,8,15,30,503
2023,8,8,15,45,556
2023,8,8,16,0,607
2023,8,8,16,15,656
2023,8,8,16,30,703
2023,8,8,16,45,747
2023,8,8,17,0,789
2023,8,8,17,15,828
2023,8,8,17,30,864
2023,8,8,17,45,896
2023,8,8,18,0,926
2023,8,8,18,15,951
2023,8,8,18,30,973
2023,8,8,18,45,992
2023,8,8,19,0,1006
2023,8,8,19,15,1016
2023,8,8,19,30,1022
2023,8,8,19,45,1025
2023,8,8,20,0,1023
2023,8,8,20,15,1017
2023,8,8,20,30,1007
2023,8,8,20,45,994
2023,8,8,21,0,976
2023,8,8,21,15,954
2023,8,8,21,30,929
2023,8,8,21,45,900
2023,8,8,22,0,868
2023,8,8,22,15,836
2023,8,8,22,30,796
2023,8,8,22,45,755
2023,8,8,23,0,710
2023,8,8,23,15,663
2023,8,8,23,30,613
2023,8,8,23,45,563
2023,8,9,0,0,510
2023,8,9,0,15,456
2023,8,9,0,30,401
2023,8,9,0,45,345
2023,8,9,1,0,290
2023,8,9,1,15,235
2023,8,9,1,30,181
2023,8,9,1,45,130
2023,8,9,2,0,83
2023,8,9,2,15,42
2023,8,9,2,30,0
2023,8,9,2,45,0
2023,8,9,3,0,0
2023,8,9,3,15,0
2023,8,9,3,30,0
2023,8,9,3,45,0
2023,8,9,4,0,0
2023,8,9,4,15,0
2023,8,9,4,30,0
2023,8,9,4,45,0
2023,8,9,5,0,0
2023,8,9,5,15,0
2023,8,9,5,30,0
2023,8,9,5,45,0
2023,8,9,6,0,0
2023,8,9,6,15,0
2023,8,9,6,30,0
2023,8,9,6,45,0
2023,8,9,7,0,0
2023,8,9,7,15,0
2023,8,9,7,30,0
2023,8,9,7,45,0
2023,8,9,8,0,0
2023,8,9,8,15,0
2023,8,9,8,30,0
2023,8,9,8,45,0
2023,8,9,9,0,0
2023,8,9,9,15,0
2023,8,9,9,30,0
2023,8,9,9,45,0
2023,8,9,10,0,0
2023,8,9,10,15,0
2023,8,9,10,30,0
2023,8,9,10,45,0
2023,8,9,11,0,0
2023,8,9,11,15,0
2023,8,9,11,30,0
2023,8,9,11,45,0
2023,8,9,12,0,0
2023,8,9,12,15,0
2023,8,9,12,30,0
2023,8,9,12,45,0
2023,8,9,13,0,0
2023,8,9,13,15,11
2023,8,9,13,30,34
2023,8,9,13,45,66
2023,8,9,14,0,153
2023,8,9,14,15,8
2023,8,9,14,30,69
2023,8,9,14,45,12
2023,8,9,15,0,95
2023,8,9,15,15,393
2023,8,9,15,30,315
2023,8,9,15,45,425
2023,8,9,16,0,291
2023,8,9,16,15,603
2023,8,9,16,30,649
2023,8,9,16,45,692
2023,8,9,17,0,604
2023,8,9,17,15,770
2023,8,9,17,30,806
2023,8,9,17,45,835
2023,8,9,18,0,864
2023,8,9,18,15,889
2023,8,9,18,30,909
2023,8,9,18,45,755
2023,8,9,19,0,942
2023,8,9,19,15,952
2023,8,9,19,30,959
2023,8,9,19,45,961
2023,8,9,20,0,959
2023,8,9,20,15,750
2023,8,9,20,30,625
2023,8,9,20,45,326
2023,8,9,21,0,776
2023,8,9,21,15,664
2023,8,9,21,30,404
2023,8,9,21,45,289
2023,8,9,22,0,187
2023,8,9,22,15,474
2023,8,9,22,30,732
2023,8,9,22,45,593
2023,8,9,23,0,530
2023,8,9,23,15,557
2023,8,9,23,30,482
2023,8,9,23,45,266
2023,8,10,0,0,221
2023,8,10,0,15,280
2023,8,10,0,30,67
2023,8,10,0,45,244
2023,8,10,1,0,182
2023,8,10,1,15,148
2023,8,10,1,30,11
2023,8,10,1,45,79
2023,8,10,2,0,53
2023,8,10,2,15,24
2023,8,10,2,30,0
2023,8,10,2,45,0
2023,8,10,3,0,0
2023,8,10,3,15,0
2023,8,10,3,30,0
2023,8,10,3,45,0
2023,8,10,4,0,0
2023,8,10,4,15,0
2023,8,10,4,30,0
2023,8,10,4,45,0
2023,8,10,5,0,0
2023,8,10,5,15,0
2023,8,10,5,30,0
2023,8,10,5,45,0
2023,8,10,6,0,0
2023,8,10,6,15,0
2023,8,10,6,30,0
2023,8,10,6,45,0
2023,8,10,7,0,0
2023,8,10,7,15,0
2023,8,10,7,30,0
2023,8,10,7,45,0
2023,8,10,8,0,0
2023,8,10,8,15,0
2023,8,10,8,30,0
2023,8,10,8,45,0
2023,8,10,9,0,0
2023,8,10,9,15,0
2023,8,10,9,30,0
2023,8,10,9,45,0
2023,8,10,10,0,0
2023,8,10,10,15,0
2023,8,10,10,30,0
2023,8,10,10,45,0
2023,8,10,11,0,0
2023,8,10,11,15,0
2023,8,10,11,30,0
2023,8,10,11,45,0
2023,8,10,12,0,0
2023,8,10,12,15,0
2023,8,10,12,30,0
2023,8,10,12,45,0
2023,8,10,13,0,0
2023,8,10,13,15,20
2023,8,10,13,30,36
2023,8,10,13,45,28
2023,8,10,14,0,140
2023,8,10,14,15,4
2023,8,10,14,30,181
2023,8,10,14,45,13
2023,8,10,15,0,148
2023,8,10,15,15,89
2023,8,10,15,30,388
2023,8,10,15,45,343
2023,8,10,16,0,339
2023,8,10,16,15,218
2023,8,10,16,30,361
2023,8,10,16,45,517
2023,8,10,17,0,622
2023,8,10,17,15,564
2023,8,10,17,30,659
2023,8,10,17,45,555
2023,8,10,18,0,729
2023,8,10,18,15,880
2023,8,10,18,30,859
2023,8,10,18,45,628
2023,8,10,19,0,843
2023,8,10,19,15,846
2023,8,10,19,30,715
2023,8,10,19,45,665
2023,8,10,20,0,818
2023,8,10,20,15,803
2023,8,10,20,30,819
2023,8,10,20,45,669
2023,8,10,21,0,679
2023,8,10,21,15,887
2023,8,10,21,30,864
2023,8,10,21,45,835
2023,8,10,22,0,559
2023,8,10,22,15,771
2023,8,10,22,30,735
2023,8,10,22,45,498
2023,8,10,23,0,534
2023,8,10,23,15,396
2023,8,10,23,30,288
2023,8,10,23,45,188
2023,8,11,0,0,465
2023,8,11,0,15,415
2023,8,11,0,30,87
2023,8,11,0,45,162
2023,8,11,1,0,140
2023,8,11,1,15,208
2023,8,11,1,30,79
2023,8,11,1,45,111
2023,8,11,2,0,46
2023,8,11,2,15,20
2023,8,11,2,30,0
2023,8,11,2,45,0
2023,8,11,3,0,0
2023,8,11,3,15,0
2023,8,11,3,30,0
2023,8,11,3,45,0
2023,8,11,4,0,0
2023,8,11,4,15,0
2023,8,11,4,30,0
2023,8,11,4,45,0
2023,8,11,5,0,0
2023,8,11,5,15,0
2023,8,11,5,30,0
2023,8,11,5,45,0
2023,8,11,6,0,0
2023,8,11,6,15,0
2023,8,11,6,30,0
2023,8,11,6,45,0
2023,8,11,7,0,0
2023,8,11,7,15,0
2023,8,11,7,30,0
2023,8,11,7,45,0
2023,8,11,8,0,0
2023,8,11,8,15,0
2023,8,11,8,30,0
2023,8,11,8,45,0
2023,8,11,9,0,0
2023,8,11,9,15,0
2023,8,11,9,30,0
2023,8,11,9,45,0
2023,8,11,10,0,0
2023,8,11,10,15,0
2023,8,11,10,30,0
2023,8,11,10,45,0
2023,8,11,11,0,0
2023,8,11,11,15,0
2023,8,11,11,30,0
2023,8,11,11,45,0
2023,8,11,12,0,0
2023,8,11,12,15,0
2023,8,11,12,30,0
2023,8,11,12,45,0
2023,8,11,13,0,0
2023,8,11,13,15,21
2023,8,11,13,30,50
2023,8,11,13,45,77
2023,8,11,14,0,126
2023,8,11,14,15,157
2023,8,11,14,30,220
2023,8,11,14,45,274
2023,8,11,15,0,300
2023,8,11,15,15,416
2023,8,11,15,30,392
2023,8,11,15,45,518
2023,8,11,16,0,567
2023,8,11,16,15,614
2023,8,11,16,30,659
2023,8,11,16,45,703
2023,8,11,17,0,744
2023,8,11,17,15,781
2023,8,11,17,30,816
2023,8,11,17,45,847
2023,8,11,18,0,875
2023,8,11,18,15,719
2023,8,11,18,30,685
2023,8,11,18,45,766
2023,8,11,19,0,846
2023,8,11,19,15,429
2023,8,11,19,30,61
2023,8,11,19,45,172
2023,8,11,20,0,784
2023,8,11,20,15,782
2023,8,11,20,30,742
2023,8,11,20,45,939
2023,8,11,21,0,747
2023,8,11,21,15,900
2023,8,11,21,30,875
2023,8,11,21,45,847
2023,8,11,22,0,815
2023,8,11,22,15,781
2023,8,11,22,30,743
2023,8,11,22,45,702
2023,8,11,23,0,659
2023,8,11,23,15,614
2023,8,11,23,30,566
2023,8,11,23,45,517
2023,8,12,0,0,466
2023,8,12,0,15,414
2023,8,12,0,30,362
2023,8,12,0,45,309
2023,8,12,1,0,258
2023,8,12,1,15,206
2023,8,12,1,30,156
2023,8,12,1,45,109
2023,8,12,2,0,66
2023,8,12,2,15,30
2023,8,12,2,30,0
2023,8,12,2,45,0
2023,8,12,3,0,0
2023,8,12,3,15,0
2023,8,12,3,30,0
2023,8,12,3,45,0
2023,8,12,4,0,0
2023,8,12,4,15,0
2023,8,12,4,30,0
2023,8,12,4,45,0
2023,8,12,5,0,0
2023,8,12,5,15,0
2023,8,12,5,30,0
2023,8,12,5,45,0
2023,8,12,6,0,0
2023,8,12,6,15,0
2023,8,12,6,30,0
2023,8,12,6,45,0
2023,8,12,7,0,0
2023,8,12,7,15,0
2023,8,12,7,30,0
2023,8,12,7,45,0
2023,8,12,8,0,0
2023,8,12,8,15,0
2023,8,12,8,30,0
2023,8,12,8,45,0
2023,8,12,9,0,0
2023,8,12,9,15,0
2023,8,12,9,30,0
2023,8,12,9,45,0
2023,8,12,10,0,0
2023,8,12,10,15,0
2023,8,12,10,30,0
2023,8,12,10,45,0
2023,8,12,11,0,0
2023,8,12,11,15,0
2023,8,12,11,30,0
2023,8,12,11,45,0
2023,8,12,12,0,0
2023,8,12,12,15,0
2023,8,12,12,30,0
2023,8,12,12,45,0
2023,8,12,13,0,0
2023,8,12,13,15,31
2023,8,12,13,30,67
2023,8,12,13,45,110
2023,8,12,14,0,158
2023,8,12,14,15,208
2023,8,12,14,30,260
2023,8,12,14,45,313
2023,8,12,15,0,366
2023,8,12,15,15,417
2023,8,12,15,30,398
2023,8,12,15,45,388
2023,8,12,16,0,418
2023,8,12,16,15,453
2023,8,12,16,30,506
2023,8,12,16,45,657
2023,8,12,17,0,743
2023,8,12,17,15,780
2023,8,12,17,30,815
2023,8,12,17,45,694
2023,8,12,18,0,642
2023,8,12,18,15,901
2023,8,12,18,30,920
2023,8,12,18,45,938
2023,8,12,19,0,951
2023,8,12,19,15,961
2023,8,12,19,30,967
2023,8,12,19,45,969
2023,8,12,20,0,966
2023,8,12,20,15,960
2023,8,12,20,30,953
2023,8,12,20,45,938
2023,8,12,21,0,920
2023,8,12,21,15,899
2023,8,12,21,30,876
2023,8,12,21,45,848
2023,8,12,22,0,816
2023,8,12,22,15,781
2023,8,12,22,30,745
2023,8,12,22,45,704
2023,8,12,23,0,661
2023,8,12,23,15,615
2023,8,12,23,30,569
2023,8,12,23,45,520
2023,8,13,0,0,469
2023,8,13,0,15,417
2023,8,13,0,30,364
2023,8,13,0,45,311
2023,8,13,1,0,259
2023,8,13,1,15,207
2023,8,13,1,30,156
2023,8,13,1,45,108
2023,8,13,2,0,65
2023,8,13,2,15,29
2023,8,13,2,30,0
2023,8,13,2,45,0
2023,8,13,3,0,0
2023,8,13,3,15,0
2023,8,13,3,30,0
2023,8,13,3,45,0
2023,8,13,4,0,0
2023,8,13,4,15,0
2023,8,13,4,30,0
2023,8,13,4,45,0
2023,8,13,5,0,0
2023,8,13,5,15,0
2023,8,13,5,30,0
2023,8,13,5,45,0
2023,8,13,6,0,0
2023,8,13,6,15,0
2023,8,13,6,30,0
2023,8,13,6,45,0
2023,8,13,7,0,0
2023,8,13,7,15,0
2023,8,13,7,30,0
2023,8,13,7,45,0
2023,8,13,8,0,0
2023,8,13,8,15,0
2023,8,13,8,30,0
2023,8,13,8,45,0
2023,8,13,9,0,0
2023,8,13,9,15,0
2023,8,13,9,30,0
2023,8,13,9,45,0
2023,8,13,10,0,0
2023,8,13,10,15,0
2023,8,13,10,30,0
2023,8,13,10,45,0
2023,8,13,11,0,0
2023,8,13,11,15,0
2023,8,13,11,30,0
2023,8,13,11,45,0
2023,8,13,12,0,0
2023,8,13,12,15,0
2023,8,13,12,30,0
2023,8,13,12,45,0
2023,8,13,13,0,0
2023,8,13,13,15,29
2023,8,13,13,30,65
2023,8,13,13,45,108
2023,8,13,14,0,156
2023,8,13,14,15,206
2023,8,13,14,30,258
2023,8,13,14,45,310
2023,8,13,15,0,363
2023,8,13,15,15,415
2023,8,13,15,30,467
2023,8,13,15,45,518
2023,8,13,16,0,567
2023,8,13,16,15,614
2023,8,13,16,30,660
2023,8,13,16,45,703
2023,8,13,17,0,744
2023,8,13,17,15,781
2023,8,13,17,30,816
2023,8,13,17,45,848
2023,8,13,18,0,877
2023,8,13,18,15,901
2023,8,13,18,30,923
2023,8,13,18,45,940
2023,8,13,19,0,954
2023,8,13,19,15,963
2023,8,13,19,30,969
2023,8,13,19,45,971
2023,8,13,20,0,969
2023,8,13,20,15,963
2023,8,13,20,30,953
2023,8,13,20,45,939
2023,8,13,21,0,745
2023,8,13,21,15,752
2023,8,13,21,30,774
2023,8,13,21,45,374
2023,8,13,22,0,82
2023,8,13,22,15,22
2023,8,13,22,30,110
2023,8,13,22,45,370
2023,8,13,23,0,515
2023,8,13,23,15,498
2023,8,13,23,30,452
2023,8,13,23,45,517
2023,8,14,0,0,466
2023,8,14,0,15,414
2023,8,14,0,30,361
2023,8,14,0,45,244
2023,8,14,1,0,207
2023,8,14,1,15,172
2023,8,14,1,30,121
2023,8,14,1,45,26
2023,8,14,2,0,39
2023,8,14,2,15,19
2023,8,14,2,30,0
2023,8,14,2,45,0
2023,8,14,3,0,0
2023,8,14,3,15,0
2023,8,14,3,30,0
2023,8,14,3,45,0
2023,8,14,4,0,0
2023,8,14,4,15,0
2023,8,14,4,30,0
2023,8,14,4,45,0
2023,8,14,5,0,0
2023,8,14,5,15,0
2023,8,14,5,30,0
2023,8,14,5,45,0
2023,8,14,6,0,0
2023,8,14,6,15,0
2023,8,14,6,30,0
2023,8,14,6,45,0
2023,8,14,7,0,0
2023,8,14,7,15,0
2023,8,14,7,30,0
2023,8,14,7,45,0
2023,8,14,8,0,0
2023,8,14,8,15,0
2023,8,14,8,30,0
2023,8,14,8,45,0
2023,8,14,9,0,0
2023,8,14,9,15,0
2023,8,14,9,30,0
2023,8,14,9,45,0
2023,8,14,10,0,0
2023,8,14,10,15,0
2023,8,14,10,30,0
2023,8,14,10,45,0
2023,8,14,11,0,0
2023,8,14,11,15,0
2023,8,14,11,30,0
2023,8,14,11,45,0
2023,8,14,12,0,0
2023,8,14,12,15,0
2023,8,14,12,30,0
2023,8,14,12,45,0
2023,8,14,13,0,0
2023,8,14,13,15,29
2023,8,14,13,30,66
2023,8,14,13,45,111
2023,8,14,14,0,159
2023,8,14,14,15,211
2023,8,14,14,30,263
2023,8,14,14,45,317
2023,8,14,15,0,372
2023,8,14,15,15,426
2023,8,14,15,30,478
2023,8,14,15,45,530
2023,8,14,16,0,580
2023,8,14,16,15,628
2023,8,14,16,30,674
2023,8,14,16,45,718
2023,8,14,17,0,759
2023,8,14,17,15,798
2023,8,14,17,30,833
2023,8,14,17,45,864
2023,8,14,18,0,893
2023,8,14,18,15,918
2023,8,14,18,30,940
2023,8,14,18,45,957
2023,8,14,19,0,971
2023,8,14,19,15,984
2023,8,14,19,30,989
2023,8,14,19,45,991
2023,8,14,20,0,989
2023,8,14,20,15,983
2023,8,14,20,30,973
2023,8,14,20,45,958
2023,8,14,21,0,940
2023,8,14,21,15,918
2023,8,14,21,30,892
2023,8,14,21,45,864
2023,8,14,22,0,831
2023,8,14,22,15,798
2023,8,14,22,30,759
2023,8,14,22,45,718
2023,8,14,23,0,674
2023,8,14,23,15,627
2023,8,14,23,30,577
2023,8,14,23,45,526
2023,8,15,0,0,475
2023,8,15,0,15,422
2023,8,15,0,30,368
2023,8,15,0,45,314
2023,8,15,1,0,260
2023,8,15,1,15,206
2023,8,15,1,30,155
2023,8,15,1,45,85
2023,8,15,2,0,49
2023,8,15,2,15,19
2023,8,15,2,30,0
2023,8,15,2,45,0
2023,8,15,3,0,0
2023,8,15,3,15,0
2023,8,15,3,30,0
2023,8,15,3,45,0
2023,8,15,4,0,0
2023,8,15,4,15,0
2023,8,15,4,30,0
2023,8,15,4,45,0
2023,8,15,5,0,0
2023,8,15,5,15,0
2023,8,15,5,30,0
2023,8,15,5,45,0
2023,8,15,6,0,0
2023,8,15,6,15,0
2023,8,15,6,30,0
2023,8,15,6,45,0
2023,8,15,7,0,0
2023,8,15,7,15,0
2023,8,15,7,30,0
2023,8,15,7,45,0
2023,8,15,8,0,0
2023,8,15,8,15,0
2023,8,15,8,30,0
2023,8,15,8,45,0
2023,8,15,9,0,0
2023,8,15,9,15,0
2023,8,15,9,30,0
2023,8,15,9,45,0
2023,8,15,10,0,0
2023,8,15,10,15,0
2023,8,15,10,30,0
2023,8,15,10,45,0
2023,8,15,11,0,0
2023,8,15,11,15,0
2023,8,15,11,30,0
2023,8,15,11,45,0
2023,8,15,12,0,0
2023,8,15,12,15,0
2023,8,15,12,30,0
2023,8,15,12,45,0
2023,8,15,13,0,0
2023,8,15,13,15,13
2023,8,15,13,30,19
2023,8,15,13,45,54
2023,8,15,14,0,107
2023,8,15,14,15,197
2023,8,15,14,30,249
2023,8,15,14,45,300
2023,8,15,15,0,240
2023,8,15,15,15,336
2023,8,15,15,30,341
2023,8,15,15,45,351
2023,8,15,16,0,354
2023,8,15,16,15,473
2023,8,15,16,30,566
2023,8,15,16,45,611
2023,8,15,17,0,651
2023,8,15,17,15,618
2023,8,15,17,30,648
2023,8,15,17,45,830
2023,8,15,18,0,858
2023,8,15,18,15,884
2023,8,15,18,30,905
2023,8,15,18,45,922
2023,8,15,19,0,936
2023,8,15,19,15,811
2023,8,15,19,30,951
2023,8,15,19,45,953
2023,8,15,20,0,950
2023,8,15,20,15,946
2023,8,15,20,30,936
2023,8,15,20,45,921
2023,8,15,21,0,903
2023,8,15,21,15,882
2023,8,15,21,30,857
2023,8,15,21,45,828
2023,8,15,22,0,796
2023,8,15,22,15,595
2023,8,15,22,30,723
2023,8,15,22,45,683
2023,8,15,23,0,639
2023,8,15,23,15,594
2023,8,15,23,30,547
2023,8,15,23,45,498
2023,8,16,0,0,448
2023,8,16,0,15,278
2023,8,16,0,30,229
2023,8,16,0,45,263
2023,8,16,1,0,216
2023,8,16,1,15,58
2023,8,16,1,30,67
2023,8,16,1,45,75
2023,8,16,2,0,35
2023,8,16,2,15,15
2023,8,16,2,30,0
2023,8,16,2,45,0
2023,8,16,3,0,0
2023,8,16,3,15,0
2023,8,16,3,30,0
2023,8,16,3,45,0
2023,8,16,4,0,0
2023,8,16,4,15,0
2023,8,16,4,30,0
2023,8,16,4,45,0
2023,8,16,5,0,0
2023,8,16,5,15,0
2023,8,16,5,30,0
2023,8,16,5,45,0
2023,8,16,6,0,0
2023,8,16,6,15,0
2023,8,16,6,30,0
2023,8,16,6,45,0
2023,8,16,7,0,0
2023,8,16,7,15,0
2023,8,16,7,30,0
2023,8,16,7,45,0
2023,8,16,8,0,0
2023,8,16,8,15,0
2023,8,16,8,30,0
2023,8,16,8,45,0
2023,8,16,9,0,0
2023,8,16,9,15,0
2023,8,16,9,30,0
2023,8,16,9,45,0
2023,8,16,10,0,0
2023,8,16,10,15,0
2023,8,16,10,30,0
2023,8,16,10,45,0
2023,8,16,11,0,0
2023,8,16,11,15,0
2023,8,16,11,30,0
2023,8,16,11,45,0
2023,8,16,12,0,0
2023,8,16,12,15,0
2023,8,16,12,30,0
2023,8,16,12,45,0
2023,8,16,13,0,0
2023,8,16,13,15,16
2023,8,16,13,30,45
2023,8,16,13,45,77
2023,8,16,14,0,27
2023,8,16,14,15,143
2023,8,16,14,30,204
2023,8,16,14,45,236
2023,8,16,15,0,293
2023,8,16,15,15,399
2023,8,16,15,30,451
2023,8,16,15,45,500
2023,8,16,16,0,478
2023,8,16,16,15,569
2023,8,16,16,30,321
2023,8,16,16,45,495
2023,8,16,17,0,409
2023,8,16,17,15,711
2023,8,16,17,30,718
2023,8,16,17,45,822
2023,8,16,18,0,850
2023,8,16,18,15,767
2023,8,16,18,30,570
2023,8,16,18,45,696
2023,8,16,19,0,927
2023,8,16,19,15,676
2023,8,16,19,30,743
2023,8,16,19,45,662
2023,8,16,20,0,669
2023,8,16,20,15,603
2023,8,16,20,30,768
2023,8,16,20,45,760
2023,8,16,21,0,379
2023,8,16,21,15,470
2023,8,16,21,30,565
2023,8,16,21,45,675
2023,8,16,22,0,604
2023,8,16,22,15,602
2023,8,16,22,30,632
2023,8,16,22,45,571
2023,8,16,23,0,572
2023,8,16,23,15,512
2023,8,16,23,30,475
2023,8,16,23,45,391
2023,8,17,0,0,438
2023,8,17,0,15,387
2023,8,17,0,30,335
2023,8,17,0,45,283
2023,8,17,1,0,139
2023,8,17,1,15,86
2023,8,17,1,30,133
2023,8,17,1,45,89
2023,8,17,2,0,49
2023,8,17,2,15,18
2023,8,17,2,30,0
2023,8,17,2,45,0
2023,8,17,3,0,0
2023,8,17,3,15,0
2023,8,17,3,30,0
2023,8,17,3,45,0
2023,8,17,4,0,0
2023,8,17,4,15,0
2023,8,17,4,30,0
2023,8,17,4,45,0
2023,8,17,5,0,0
2023,8,17,5,15,0
2023,8,17,5,30,0
2023,8,17,5,45,0
2023,8,17,6,0,0
2023,8,17,6,15,0
2023,8,17,6,30,0
2023,8,17,6,45,0
2023,8,17,7,0,0
2023,8,17,7,15,0
2023,8,17,7,30,0
2023,8,17,7,45,0
2023,8,17,8,0,0
2023,8,17,8,15,0
2023,8,17,8,30,0
2023,8,17,8,45,0
2023,8,17,9,0,0
2023,8,17,9,15,0
2023,8,17,9,30,0
2023,8,17,9,45,0
2023,8,17,10,0,0
2023,8,17,10,15,0
2023,8,17,10,30,0
2023,8,17,10,45,0
2023,8,17,11,0,0
2023,8,17,11,15,0
2023,8,17,11,30,0
2023,8,17,11,45,0
2023,8,17,12,0,0
2023,8,17,12,15,0
2023,8,17,12,30,0
2023,8,17,12,45,0
2023,8,17,13,0,0
2023,8,17,13,15,20
2023,8,17,13,30,51
2023,8,17,13,45,91
2023,8,17,14,0,136
2023,8,17,14,15,184
2023,8,17,14,30,234
2023,8,17,14,45,286
2023,8,17,15,0,337
2023,8,17,15,15,389
2023,8,17,15,30,440
2023,8,17,15,45,429
2023,8,17,16,0,458
2023,8,17,16,15,475
2023,8,17,16,30,428
2023,8,17,16,45,552
2023,8,17,17,0,714
2023,8,17,17,15,751
2023,8,17,17,30,787
2023,8,17,17,45,829
2023,8,17,18,0,857
2023,8,17,18,15,883
2023,8,17,18,30,904
2023,8,17,18,45,924
2023,8,17,19,0,813
2023,8,17,19,15,704
2023,8,17,19,30,530
2023,8,17,19,45,354
2023,8,17,20,0,54
2023,8,17,20,15,841
2023,8,17,20,30,941
2023,8,17,20,45,776
2023,8,17,21,0,778
2023,8,17,21,15,361
2023,8,17,21,30,865
2023,8,17,21,45,297
2023,8,17,22,0,644
2023,8,17,22,15,615
2023,8,17,22,30,359
2023,8,17,22,45,550
2023,8,17,23,0,266
2023,8,17,23,15,474
2023,8,17,23,30,554
2023,8,17,23,45,447
2023,8,18,0,0,387
2023,8,18,0,15,400
2023,8,18,0,30,347
2023,8,18,0,45,294
2023,8,18,1,0,126
2023,8,18,1,15,93
2023,8,18,1,30,139
2023,8,18,1,45,92
2023,8,18,2,0,51
2023,8,18,2,15,19
2023,8,18,2,30,0
2023,8,18,2,45,0
2023,8,18,3,0,0
2023,8,18,3,15,0
2023,8,18,3,30,0
2023,8,18,3,45,0
2023,8,18,4,0,0
2023,8,18,4,15,0
2023,8,18,4,30,0
2023,8,18,4,45,0
2023,8,18,5,0,0
2023,8,18,5,15,0
2023,8,18,5,30,0
2023,8,18,5,45,0
2023,8,18,6,0,0
2023,8,18,6,15,0
2023,8,18,6,30,0
2023,8,18,6,45,0
2023,8,18,7,0,0
2023,8,18,7,15,0
2023,8,18,7,30,0
2023,8,18,7,45,0
2023,8,18,8,0,0
2023,8,18,8,15,0
2023,8,18,8,30,0
2023,8,18,8,45,0
2023,8,18,9,0,0
2023,8,18,9,15,0
2023,8,18,9,30,0
2023,8,18,9,45,0
2023,8,18,10,0,0
2023,8,18,10,15,0
2023,8,18,10,30,0
2023,8,18,10,45,0
2023,8,18,11,0,0
2023,8,18,11,15,0
2023,8,18,11,30,0
2023,8,18,11,45,0
2023,8,18,12,0,0
2023,8,18,12,15,0
2023,8,18,12,30,0
2023,8,18,12,45,0
2023,8,18,13,0,0
2023,8,18,13,15,12
2023,8,18,13,30,22
2023,8,18,13,45,75
2023,8,18,14,0,134
2023,8,18,14,15,182
2023,8,18,14,30,233
2023,8,18,14,45,287
2023,8,18,15,0,149
2023,8,18,15,15,178
2023,8,18,15,30,135
2023,8,18,15,45,59
2023,8,18,16,0,283
2023,8,18,16,15,221
2023,8,18,16,30,457
2023,8,18,16,45,464
2023,8,18,17,0,571
2023,8,18,17,15,496
2023,8,18,17,30,457
2023,8,18,17,45,446
2023,8,18,18,0,610
2023,8,18,18,15,382
2023,8,18,18,30,256
2023,8,18,18,45,139
2023,8,18,19,0,250
2023,8,18,19,15,163
2023,8,18,19,30,196
2023,8,18,19,45,664
2023,8,18,20,0,831
2023,8,18,20,15,770
2023,8,18,20,30,669
2023,8,18,20,45,640
2023,8,18,21,0,740
2023,8,18,21,15,641
2023,8,18,21,30,794
2023,8,18,21,45,634
2023,8,18,22,0,679
2023,8,18,22,15,503
2023,8,18,22,30,705
2023,8,18,22,45,561
2023,8,18,23,0,341
2023,8,18,23,15,84
2023,8,18,23,30,496
2023,8,18,23,45,251
2023,8,19,0,0,185
2023,8,19,0,15,31
2023,8,19,0,30,29
2023,8,19,0,45,57
2023,8,19,1,0,4
2023,8,19,1,15,4
2023,8,19,1,30,6
2023,8,19,1,45,33
2023,8,19,2,0,20
2023,8,19,2,15,7
2023,8,19,2,30,0
2023,8,19,2,45,0
2023,8,19,3,0,0
2023,8,19,3,15,0
2023,8,19,3,30,0
2023,8,19,3,45,0
2023,8,19,4,0,0
2023,8,19,4,15,0
2023,8,19,4,30,0
2023,8,19,4,45,0
2023,8,19,5,0,0
2023,8,19,5,15,0
2023,8,19,5,30,0
2023,8,19,5,45,0
2023,8,19,6,0,0
2023,8,19,6,15,0
2023,8,19,6,30,0
2023,8,19,6,45,0
2023,8,19,7,0,0
2023,8,19,7,15,0
2023,8,19,7,30,0
2023,8,19,7,45,0
2023,8,19,8,0,0
2023,8,19,8,15,0
2023,8,19,8,30,0
2023,8,19,8,45,0
2023,8,19,9,0,0
2023,8,19,9,15,0
2023,8,19,9,30,0
2023,8,19,9,45,0
2023,8,19,10,0,0
2023,8,19,10,15,0
2023,8,19,10,30,0
2023,8,19,10,45,0
2023,8,19,11,0,0
2023,8,19,11,15,0
2023,8,19,11,30,0
2023,8,19,11,45,0
2023,8,19,12,0,0
2023,8,19,12,15,0
2023,8,19,12,30,0
2023,8,19,12,45,0
2023,8,19,13,0,0
2023,8,19,13,15,13
2023,8,19,13,30,49
2023,8,19,13,45,83
2023,8,19,14,0,102
2023,8,19,14,15,100
2023,8,19,14,30,107
2023,8,19,14,45,107
2023,8,19,15,0,195
2023,8,19,15,15,130
2023,8,19,15,30,310
2023,8,19,15,45,251
2023,8,19,16,0,214
2023,8,19,16,15,181
2023,8,19,16,30,257
2023,8,19,16,45,268
2023,8,19,17,0,369
2023,8,19,17,15,341
2023,8,19,17,30,345
2023,8,19,17,45,361
2023,8,19,18,0,480
2023,8,19,18,15,373
2023,8,19,18,30,521
2023,8,19,18,45,716
2023,8,19,19,0,678
2023,8,19,19,15,353
2023,8,19,19,30,414
2023,8,19,19,45,356
2023,8,19,20,0,309
2023,8,19,20,15,281
2023,8,19,20,30,231
2023,8,19,20,45,194
2023,8,19,21,0,119
2023,8,19,21,15,287
2023,8,19,21,30,338
2023,8,19,21,45,272
2023,8,19,22,0,283
2023,8,19,22,15,422
2023,8,19,22,30,223
2023,8,19,22,45,210
2023,8,19,23,0,215
2023,8,19,23,15,195
2023,8,19,23,30,226
2023,8,19,23,45,136
2023,8,20,0,0,81
2023,8,20,0,15,185
2023,8,20,0,30,23
2023,8,20,0,45,25
2023,8,20,1,0,17
2023,8,20,1,15,61
2023,8,20,1,30,21
2023,8,20,1,45,15
2023,8,20,2,0,12
2023,8,20,2,15,6
2023,8,20,2,30,0
2023,8,20,2,45,0
2023,8,20,3,0,0
2023,8,20,3,15,0
2023,8,20,3,30,0
2023,8,20,3,45,0
2023,8,20,4,0,0
2023,8,20,4,15,0
2023,8,20,4,30,0
2023,8,20,4,45,0
2023,8,20,5,0,0
2023,8,20,5,15,0
2023,8,20,5,30,0
2023,8,20,5,45,0
2023,8,20,6,0,0
2023,8,20,6,15,0
2023,8,20,6,30,0
2023,8,20,6,45,0
2023,8,20,7,0,0
2023,8,20,7,15,0
2023,8,20,7,30,0
2023,8,20,7,45,0
2023,8,20,8,0,0
2023,8,20,8,15,0
2023,8,20,8,30,0
2023,8,20,8,45,0
2023,8,20,9,0,0
2023,8,20,9,15,0
2023,8,20,9,30,0
2023,8,20,9,45,0
2023,8,20,10,0,0
2023,8,20,10,15,0
2023,8,20,10,30,0
2023,8,20,10,45,0
2023,8,20,11,0,0
2023,8,20,11,15,0
2023,8,20,11,30,0
2023,8,20,11,45,0
2023,8,20,12,0,0
2023,8,20,12,15,0
2023,8,20,12,30,0
2023,8,20,12,45,0
2023,8,20,13,0,0
2023,8,20,13,15,5
2023,8,20,13,30,7
2023,8,20,13,45,24
2023,8,20,14,0,47
2023,8,20,14,15,80
2023,8,20,14,30,72
2023,8,20,14,45,63
2023,8,20,15,0,141
2023,8,20,15,15,7
2023,8,20,15,30,33
2023,8,20,15,45,25
2023,8,20,16,0,24
2023,8,20,16,15,123
2023,8,20,16,30,59
2023,8,20,16,45,221
2023,8,20,17,0,251
2023,8,20,17,15,125
2023,8,20,17,30,204
2023,8,20,17,45,267
2023,8,20,18,0,287
2023,8,20,18,15,297
2023,8,20,18,30,250
2023,8,20,18,45,617
2023,8,20,19,0,586
2023,8,20,19,15,228
2023,8,20,19,30,239
2023,8,20,19,45,256
2023,8,20,20,0,282
2023,8,20,20,15,376
2023,8,20,20,30,425
2023,8,20,20,45,351
2023,8,20,21,0,327
2023,8,20,21,15,244
2023,8,20,21,30,173
2023,8,20,21,45,160
2023,8,20,22,0,146
2023,8,20,22,15,214
2023,8,20,22,30,274
2023,8,20,22,45,205
2023,8,20,23,0,167
2023,8,20,23,15,329
2023,8,20,23,30,188
2023,8,20,23,45,132
2023,8,21,0,0,85
2023,8,21,0,15,156
2023,8,21,0,30,195
2023,8,21,0,45,165
2023,8,21,1,0,122
2023,8,21,1,15,95
2023,8,21,1,30,82
2023,8,21,1,45,44
2023,8,21,2,0,26
2023,8,21,2,15,5
2023,8,21,2,30,0
2023,8,21,2,45,0
2023,8,21,3,0,0
2023,8,21,3,15,0
2023,8,21,3,30,0
2023,8,21,3,45,0
2023,8,21,4,0,0
2023,8,21,4,15,0
2023,8,21,4,30,0
2023,8,21,4,45,0
2023,8,21,5,0,0
2023,8,21,5,15,0
2023,8,21,5,30,0
2023,8,21,5,45,0
2023,8,21,6,0,0
2023,8,21,6,15,0
2023,8,21,6,30,0
2023,8,21,6,45,0
2023,8,21,7,0,0
2023,8,21,7,15,0
2023,8,21,7,30,0
2023,8,21,7,45,0
2023,8,21,8,0,0
2023,8,21,8,15,0
2023,8,21,8,30,0
2023,8,21,8,45,0
2023,8,21,9,0,0
2023,8,21,9,15,0
2023,8,21,9,30,0
2023,8,21,9,45,0
2023,8,21,10,0,0
2023,8,21,10,15,0
2023,8,21,10,30,0
2023,8,21,10,45,0
2023,8,21,11,0,0
2023,8,21,11,15,0
2023,8,21,11,30,0
2023,8,21,11,45,0
2023,8,21,12,0,0
2023,8,21,12,15,0
2023,8,21,12,30,0
2023,8,21,12,45,0
2023,8,21,13,0,0
2023,8,21,13,15,9
2023,8,21,13,30,32
2023,8,21,13,45,44
2023,8,21,14,0,109
2023,8,21,14,15,158
2023,8,21,14,30,190
2023,8,21,14,45,295
2023,8,21,15,0,348
2023,8,21,15,15,400
2023,8,21,15,30,166
2023,8,21,15,45,245
2023,8,21,16,0,281
2023,8,21,16,15,602
2023,8,21,16,30,648
2023,8,21,16,45,527
2023,8,21,17,0,464
2023,8,21,17,15,707
2023,8,21,17,30,697
2023,8,21,17,45,719
2023,8,21,18,0,756
2023,8,21,18,15,894
2023,8,21,18,30,915
2023,8,21,18,45,933
2023,8,21,19,0,947
2023,8,21,19,15,863
2023,8,21,19,30,769
2023,8,21,19,45,838
2023,8,21,20,0,820
2023,8,21,20,15,955
2023,8,21,20,30,944
2023,8,21,20,45,929
2023,8,21,21,0,910
2023,8,21,21,15,886
2023,8,21,21,30,688
2023,8,21,21,45,831
2023,8,21,22,0,654
2023,8,21,22,15,762
2023,8,21,22,30,723
2023,8,21,22,45,681
2023,8,21,23,0,637
2023,8,21,23,15,591
2023,8,21,23,30,541
2023,8,21,23,45,490
2023,8,22,0,0,439
2023,8,22,0,15,386
2023,8,22,0,30,333
2023,8,22,0,45,279
2023,8,22,1,0,226
2023,8,22,1,15,174
2023,8,22,1,30,125
2023,8,22,1,45,78
2023,8,22,2,0,39
2023,8,22,2,15,0
2023,8,22,2,30,0
2023,8,22,2,45,0
2023,8,22,3,0,0
2023,8,22,3,15,0
2023,8,22,3,30,0
2023,8,22,3,45,0
2023,8,22,4,0,0
2023,8,22,4,15,0
2023,8,22,4,30,0
2023,8,22,4,45,0
2023,8,22,5,0,0
2023,8,22,5,15,0
2023,8,22,5,30,0
2023,8,22,5,45,0
2023,8,22,6,0,0
2023,8,22,6,15,0
2023,8,22,6,30,0
2023,8,22,6,45,0
2023,8,22,7,0,0
2023,8,22,7,15,0
2023,8,22,7,30,0
2023,8,22,7,45,0
2023,8,22,8,0,0
2023,8,22,8,15,0
2023,8,22,8,30,0
2023,8,22,8,45,0
2023,8,22,9,0,0
2023,8,22,9,15,0
2023,8,22,9,30,0
2023,8,22,9,45,0
2023,8,22,10,0,0
2023,8,22,10,15,0
2023,8,22,10,30,0
2023,8,22,10,45,0
2023,8,22,11,0,0
2023,8,22,11,15,0
2023,8,22,11,30,0
2023,8,22,11,45,0
2023,8,22,12,0,0
2023,8,22,12,15,0
2023,8,22,12,30,0
2023,8,22,12,45,0
2023,8,22,13,0,0
2023,8,22,13,15,16
2023,8,22,13,30,45
2023,8,22,13,45,84
2023,8,22,14,0,130
2023,8,22,14,15,178
2023,8,22,14,30,229
2023,8,22,14,45,282
2023,8,22,15,0,334
2023,8,22,15,15,386
2023,8,22,15,30,310
2023,8,22,15,45,490
2023,8,22,16,0,539
2023,8,22,16,15,587
2023,8,22,16,30,551
2023,8,22,16,45,675
2023,8,22,17,0,716
2023,8,22,17,15,753
2023,8,22,17,30,788
2023,8,22,17,45,824
2023,8,22,18,0,852
2023,8,22,18,15,876
2023,8,22,18,30,899
2023,8,22,18,45,918
2023,8,22,19,0,932
2023,8,22,19,15,941
2023,8,22,19,30,946
2023,8,22,19,45,949
2023,8,22,20,0,946
2023,8,22,20,15,939
2023,8,22,20,30,928
2023,8,22,20,45,915
2023,8,22,21,0,897
2023,8,22,21,15,875
2023,8,22,21,30,849
2023,8,22,21,45,820
2023,8,22,22,0,787
2023,8,22,22,15,751
2023,8,22,22,30,712
2023,8,22,22,45,671
2023,8,22,23,0,627
2023,8,22,23,15,581
2023,8,22,23,30,532
2023,8,22,23,45,482
2023,8,23,0,0,431
2023,8,23,0,15,378
2023,8,23,0,30,325
2023,8,23,0,45,272
2023,8,23,1,0,220
2023,8,23,1,15,169
2023,8,23,1,30,119
2023,8,23,1,45,74
2023,8,23,2,0,36
2023,8,23,2,15,0
2023,8,23,2,30,0
2023,8,23,2,45,0
2023,8,23,3,0,0
2023,8,23,3,15,0
2023,8,23,3,30,0
2023,8,23,3,45,0
2023,8,23,4,0,0
2023,8,23,4,15,0
2023,8,23,4,30,0
2023,8,23,4,45,0
2023,8,23,5,0,0
2023,8,23,5,15,0
2023,8,23,5,30,0
2023,8,23,5,45,0
2023,8,23,6,0,0
2023,8,23,6,15,0
2023,8,23,6,30,0
2023,8,23,6,45,0
2023,8,23,7,0,0
2023,8,23,7,15,0
2023,8,23,7,30,0
2023,8,23,7,45,0
2023,8,23,8,0,0
2023,8,23,8,15,0
2023,8,23,8,30,0
2023,8,23,8,45,0
2023,8,23,9,0,0
2023,8,23,9,15,0
2023,8,23,9,30,0
2023,8,23,9,45,0
2023,8,23,10,0,0
2023,8,23,10,15,0
2023,8,23,10,30,0
2023,8,23,10,45,0
2023,8,23,11,0,0
2023,8,23,11,15,0
2023,8,23,11,30,0
2023,8,23,11,45,0
2023,8,23,12,0,0
2023,8,23,12,15,0
2023,8,23,12,30,0
2023,8,23,12,45,0
2023,8,23,13,0,0
2023,8,23,13,15,15
2023,8,23,13,30,45
2023,8,23,13,45,84
2023,8,23,14,0,129
2023,8,23,14,15,178
2023,8,23,14,30,229
2023,8,23,14,45,280
2023,8,23,15,0,333
2023,8,23,15,15,385
2023,8,23,15,30,437
2023,8,23,15,45,487
2023,8,23,16,0,536
2023,8,23,16,15,583
2023,8,23,16,30,629
2023,8,23,16,45,671
2023,8,23,17,0,712
2023,8,23,17,15,751
2023,8,23,17,30,785
2023,8,23,17,45,814
2023,8,23,18,0,842
2023,8,23,18,15,866
2023,8,23,18,30,887
2023,8,23,18,45,904
2023,8,23,19,0,918
2023,8,23,19,15,927
2023,8,23,19,30,932
2023,8,23,19,45,934
2023,8,23,20,0,931
2023,8,23,20,15,924
2023,8,23,20,30,915
2023,8,23,20,45,898
2023,8,23,21,0,879
2023,8,23,21,15,857
2023,8,23,21,30,831
2023,8,23,21,45,802
2023,8,23,22,0,770
2023,8,23,22,15,734
2023,8,23,22,30,695
2023,8,23,22,45,654
2023,8,23,23,0,611
2023,8,23,23,15,565
2023,8,23,23,30,517
2023,8,23,23,45,467
2023,8,24,0,0,416
2023,8,24,0,15,364
2023,8,24,0,30,312
2023,8,24,0,45,259
2023,8,24,1,0,208
2023,8,24,1,15,64
2023,8,24,1,30,53
2023,8,24,1,45,45
2023,8,24,2,0,21
2023,8,24,2,15,0
2023,8,24,2,30,0
2023,8,24,2,45,0
2023,8,24,3,0,0
2023,8,24,3,15,0
2023,8,24,3,30,0
2023,8,24,3,45,0
2023,8,24,4,0,0
2023,8,24,4,15,0
2023,8,24,4,30,0
2023,8,24,4,45,0
2023,8,24,5,0,0
2023,8,24,5,15,0
2023,8,24,5,30,0
2023,8,24,5,45,0
2023,8,24,6,0,0
2023,8,24,6,15,0
2023,8,24,6,30,0
2023,8,24,6,45,0
2023,8,24,7,0,0
2023,8,24,7,15,0
2023,8,24,7,30,0
2023,8,24,7,45,0
2023,8,24,8,0,0
2023,8,24,8,15,0
2023,8,24,8,30,0
2023,8,24,8,45,0
2023,8,24,9,0,0
2023,8,24,9,15,0
2023,8,24,9,30,0
2023,8,24,9,45,0
2023,8,24,10,0,0
2023,8,24,10,15,0
2023,8,24,10,30,0
2023,8,24,10,45,0
2023,8,24,11,0,0
2023,8,24,11,15,0
2023,8,24,11,30,0
2023,8,24,11,45,0
2023,8,24,12,0,0
2023,8,24,12,15,0
2023,8,24,12,30,0
2023,8,24,12,45,0
2023,8,24,13,0,0
2023,8,24,13,15,7
2023,8,24,13,30,28
2023,8,24,13,45,77
2023,8,24,14,0,120
2023,8,24,14,15,168
2023,8,24,14,30,217
2023,8,24,14,45,20
2023,8,24,15,0,271
2023,8,24,15,15,269
2023,8,24,15,30,422
2023,8,24,15,45,473
2023,8,24,16,0,521
2023,8,24,16,15,568
2023,8,24,16,30,613
2023,8,24,16,45,656
2023,8,24,17,0,696
2023,8,24,17,15,733
2023,8,24,17,30,767
2023,8,24,17,45,808
2023,8,24,18,0,836
2023,8,24,18,15,860
2023,8,24,18,30,881
2023,8,24,18,45,797
2023,8,24,19,0,611
2023,8,24,19,15,616
2023,8,24,19,30,701
2023,8,24,19,45,741
2023,8,24,20,0,671
2023,8,24,20,15,743
2023,8,24,20,30,318
2023,8,24,20,45,329
2023,8,24,21,0,530
2023,8,24,21,15,710
2023,8,24,21,30,824
2023,8,24,21,45,793
2023,8,24,22,0,761
2023,8,24,22,15,725
2023,8,24,22,30,686
2023,8,24,22,45,644
2023,8,24,23,0,442
2023,8,24,23,15,153
2023,8,24,23,30,80
2023,8,24,23,45,74
2023,8,25,0,0,17
2023,8,25,0,15,243
2023,8,25,0,30,304
2023,8,25,0,45,253
2023,8,25,1,0,202
2023,8,25,1,15,10
2023,8,25,1,30,105
2023,8,25,1,45,63
2023,8,25,2,0,18
2023,8,25,2,15,0
2023,8,25,2,30,0
2023,8,25,2,45,0
2023,8,25,3,0,0
2023,8,25,3,15,0
2023,8,25,3,30,0
2023,8,25,3,45,0
2023,8,25,4,0,0
2023,8,25,4,15,0
2023,8,25,4,30,0
2023,8,25,4,45,0
2023,8,25,5,0,0
2023,8,25,5,15,0
2023,8,25,5,30,0
2023,8,25,5,45,0
2023,8,25,6,0,0
2023,8,25,6,15,0
2023,8,25,6,30,0
2023,8,25,6,45,0
2023,8,25,7,0,0
2023,8,25,7,15,0
2023,8,25,7,30,0
2023,8,25,7,45,0
2023,8,25,8,0,0
2023,8,25,8,15,0
2023,8,25,8,30,0
2023,8,25,8,45,0
2023,8,25,9,0,0
2023,8,25,9,15,0
2023,8,25,9,30,0
2023,8,25,9,45,0
2023,8,25,10,0,0
2023,8,25,10,15,0
2023,8,25,10,30,0
2023,8,25,10,45,0
2023,8,25,11,0,0
2023,8,25,11,15,0
2023,8,25,11,30,0
2023,8,25,11,45,0
2023,8,25,12,0,0
2023,8,25,12,15,0
2023,8,25,12,30,0
2023,8,25,12,45,0
2023,8,25,13,0,0
2023,8,25,13,15,13
2023,8,25,13,30,42
2023,8,25,13,45,81
2023,8,25,14,0,126
2023,8,25,14,15,174
2023,8,25,14,30,225
2023,8,25,14,45,243
2023,8,25,15,0,278
2023,8,25,15,15,382
2023,8,25,15,30,435
2023,8,25,15,45,485
2023,8,25,16,0,534
2023,8,25,16,15,582
2023,8,25,16,30,627
2023,8,25,16,45,670
2023,8,25,17,0,710
2023,8,25,17,15,748
2023,8,25,17,30,782
2023,8,25,17,45,817
2023,8,25,18,0,845
2023,8,25,18,15,869
2023,8,25,18,30,890
2023,8,25,18,45,905
2023,8,25,19,0,918
2023,8,25,19,15,927
2023,8,25,19,30,932
2023,8,25,19,45,933
2023,8,25,20,0,930
2023,8,25,20,15,743
2023,8,25,20,30,736
2023,8,25,20,45,574
2023,8,25,21,0,709
2023,8,25,21,15,729
2023,8,25,21,30,696
2023,8,25,21,45,528
2023,8,25,22,0,615
2023,8,25,22,15,335
2023,8,25,22,30,529
2023,8,25,22,45,16
2023,8,25,23,0,467
2023,8,25,23,15,562
2023,8,25,23,30,415
2023,8,25,23,45,465
2023,8,26,0,0,414
2023,8,26,0,15,217
2023,8,26,0,30,205
2023,8,26,0,45,99
2023,8,26,1,0,111
2023,8,26,1,15,155
2023,8,26,1,30,107
2023,8,26,1,45,64
2023,8,26,2,0,28
2023,8,26,2,15,0
2023,8,26,2,30,0
2023,8,26,2,45,0
2023,8,26,3,0,0
2023,8,26,3,15,0
2023,8,26,3,30,0
2023,8,26,3,45,0
2023,8,26,4,0,0
2023,8,26,4,15,0
2023,8,26,4,30,0
2023,8,26,4,45,0
2023,8,26,5,0,0
2023,8,26,5,15,0
2023,8,26,5,30,0
2023,8,26,5,45,0
2023,8,26,6,0,0
2023,8,26,6,15,0
2023,8,26,6,30,0
2023,8,26,6,45,0
2023,8,26,7,0,0
2023,8,26,7,15,0
2023,8,26,7,30,0
2023,8,26,7,45,0
2023,8,26,8,0,0
2023,8,26,8,15,0
2023,8,26,8,30,0
2023,8,26,8,45,0
2023,8,26,9,0,0
2023,8,26,9,15,0
2023,8,26,9,30,0
2023,8,26,9,45,0
2023,8,26,10,0,0
2023,8,26,10,15,0
2023,8,26,10,30,0
2023,8,26,10,45,0
2023,8,26,11,0,0
2023,8,26,11,15,0
2023,8,26,11,30,0
2023,8,26,11,45,0
2023,8,26,12,0,0
2023,8,26,12,15,0
2023,8,26,12,30,0
2023,8,26,12,45,0
2023,8,26,13,0,0
2023,8,26,13,15,13
2023,8,26,13,30,44
2023,8,26,13,45,86
2023,8,26,14,0,134
2023,8,26,14,15,185
2023,8,26,14,30,239
2023,8,26,14,45,293
2023,8,26,15,0,348
2023,8,26,15,15,402
2023,8,26,15,30,455
2023,8,26,15,45,508
2023,8,26,16,0,558
2023,8,26,16,15,607
2023,8,26,16,30,654
2023,8,26,16,45,698
2023,8,26,17,0,739
2023,8,26,17,15,778
2023,8,26,17,30,813
2023,8,26,17,45,845
2023,8,26,18,0,873
2023,8,26,18,15,898
2023,8,26,18,30,919
2023,8,26,18,45,937
2023,8,26,19,0,950
2023,8,26,19,15,959
2023,8,26,19,30,965
2023,8,26,19,45,963
2023,8,26,20,0,960
2023,8,26,20,15,953
2023,8,26,20,30,942
2023,8,26,20,45,926
2023,8,26,21,0,907
2023,8,26,21,15,884
2023,8,26,21,30,857
2023,8,26,21,45,827
2023,8,26,22,0,794
2023,8,26,22,15,757
2023,8,26,22,30,717
2023,8,26,22,45,674
2023,8,26,23,0,629
2023,8,26,23,15,581
2023,8,26,23,30,532
2023,8,26,23,45,480
2023,8,27,0,0,428
2023,8,27,0,15,374
2023,8,27,0,30,320
2023,8,27,0,45,264
2023,8,27,1,0,211
2023,8,27,1,15,158
2023,8,27,1,30,109
2023,8,27,1,45,64
2023,8,27,2,0,27
2023,8,27,2,15,0
2023,8,27,2,30,0
2023,8,27,2,45,0
2023,8,27,3,0,0
2023,8,27,3,15,0
2023,8,27,3,30,0
2023,8,27,3,45,0
2023,8,27,4,0,0
2023,8,27,4,15,0
2023,8,27,4,30,0
2023,8,27,4,45,0
2023,8,27,5,0,0
2023,8,27,5,15,0
2023,8,27,5,30,0
2023,8,27,5,45,0
2023,8,27,6,0,0
2023,8,27,6,15,0
2023,8,27,6,30,0
2023,8,27,6,45,0
2023,8,27,7,0,0
2023,8,27,7,15,0
2023,8,27,7,30,0
2023,8,27,7,45,0
2023,8,27,8,0,0
2023,8,27,8,15,0
2023,8,27,8,30,0
2023,8,27,8,45,0
2023,8,27,9,0,0
2023,8,27,9,15,0
2023,8,27,9,30,0
2023,8,27,9,45,0
2023,8,27,10,0,0
2023,8,27,10,15,0
2023,8,27,10,30,0
2023,8,27,10,45,0
2023,8,27,11,0,0
2023,8,27,11,15,0
2023,8,27,11,30,0
2023,8,27,11,45,0
2023,8,27,12,0,0
2023,8,27,12,15,0
2023,8,27,12,30,0
2023,8,27,12,45,0
2023,8,27,13,0,0
2023,8,27,13,15,0
2023,8,27,13,30,43
2023,8,27,13,45,85
2023,8,27,14,0,134
2023,8,27,14,15,185
2023,8,27,14,30,239
2023,8,27,14,45,293
2023,8,27,15,0,348
2023,8,27,15,15,402
2023,8,27,15,30,456
2023,8,27,15,45,508
2023,8,27,16,0,559
2023,8,27,16,15,607
2023,8,27,16,30,654
2023,8,27,16,45,698
2023,8,27,17,0,739
2023,8,27,17,15,776
2023,8,27,17,30,811
2023,8,27,17,45,843
2023,8,27,18,0,871
2023,8,27,18,15,896
2023,8,27,18,30,917
2023,8,27,18,45,935
2023,8,27,19,0,948
2023,8,27,19,15,957
2023,8,27,19,30,962
2023,8,27,19,45,963
2023,8,27,20,0,960
2023,8,27,20,15,953
2023,8,27,20,30,942
2023,8,27,20,45,926
2023,8,27,21,0,907
2023,8,27,21,15,884
2023,8,27,21,30,857
2023,8,27,21,45,826
2023,8,27,22,0,793
2023,8,27,22,15,756
2023,8,27,22,30,715
2023,8,27,22,45,672
2023,8,27,23,0,627
2023,8,27,23,15,579
2023,8,27,23,30,530
2023,8,27,23,45,478
2023,8,28,0,0,427
2023,8,28,0,15,373
2023,8,28,0,30,318
2023,8,28,0,45,263
2023,8,28,1,0,209
2023,8,28,1,15,157
2023,8,28,1,30,106
2023,8,28,1,45,61
2023,8,28,2,0,25
2023,8,28,2,15,0
2023,8,28,2,30,0
2023,8,28,2,45,0
2023,8,28,3,0,0
2023,8,28,3,15,0
2023,8,28,3,30,0
2023,8,28,3,45,0
2023,8,28,4,0,0
2023,8,28,4,15,0
2023,8,28,4,30,0
2023,8,28,4,45,0
2023,8,28,5,0,0
2023,8,28,5,15,0
2023,8,28,5,30,0
2023,8,28,5,45,0
2023,8,28,6,0,0
2023,8,28,6,15,0
2023,8,28,6,30,0
2023,8,28,6,45,0
2023,8,28,7,0,0
2023,8,28,7,15,0
2023,8,28,7,30,0
2023,8,28,7,45,0
2023,8,28,8,0,0
2023,8,28,8,15,0
2023,8,28,8,30,0
2023,8,28,8,45,0
2023,8,28,9,0,0
2023,8,28,9,15,0
2023,8,28,9,30,0
2023,8,28,9,45,0
2023,8,28,10,0,0
2023,8,28,10,15,0
2023,8,28,10,30,0
2023,8,28,10,45,0
2023,8,28,11,0,0
2023,8,28,11,15,0
2023,8,28,11,30,0
2023,8,28,11,45,0
2023,8,28,12,0,0
2023,8,28,12,15,0
2023,8,28,12,30,0
2023,8,28,12,45,0
2023,8,28,13,0,0
2023,8,28,13,15,0
2023,8,28,13,30,41
2023,8,28,13,45,83
2023,8,28,14,0,131
2023,8,28,14,15,182
2023,8,28,14,30,236
2023,8,28,14,45,291
2023,8,28,15,0,346
2023,8,28,15,15,400
2023,8,28,15,30,454
2023,8,28,15,45,506
2023,8,28,16,0,557
2023,8,28,16,15,606
2023,8,28,16,30,653
2023,8,28,16,45,697
2023,8,28,17,0,739
2023,8,28,17,15,777
2023,8,28,17,30,813
2023,8,28,17,45,842
2023,8,28,18,0,871
2023,8,28,18,15,896
2023,8,28,18,30,917
2023,8,28,18,45,934
2023,8,28,19,0,947
2023,8,28,19,15,957
2023,8,28,19,30,962
2023,8,28,19,45,963
2023,8,28,20,0,960
2023,8,28,20,15,952
2023,8,28,20,30,941
2023,8,28,20,45,925
2023,8,28,21,0,908
2023,8,28,21,15,885
2023,8,28,21,30,858
2023,8,28,21,45,827
2023,8,28,22,0,793
2023,8,28,22,15,756
2023,8,28,22,30,715
2023,8,28,22,45,675
2023,8,28,23,0,628
2023,8,28,23,15,580
2023,8,28,23,30,529
2023,8,28,23,45,477
2023,8,29,0,0,424
2023,8,29,0,15,369
2023,8,29,0,30,314
2023,8,29,0,45,261
2023,8,29,1,0,206
2023,8,29,1,15,153
2023,8,29,1,30,103
2023,8,29,1,45,58
2023,8,29,2,0,22
2023,8,29,2,15,0
2023,8,29,2,30,0
2023,8,29,2,45,0
2023,8,29,3,0,0
2023,8,29,3,15,0
2023,8,29,3,30,0
2023,8,29,3,45,0
2023,8,29,4,0,0
2023,8,29,4,15,0
2023,8,29,4,30,0
2023,8,29,4,45,0
2023,8,29,5,0,0
2023,8,29,5,15,0
2023,8,29,5,30,0
2023,8,29,5,45,0
2023,8,29,6,0,0
2023,8,29,6,15,0
2023,8,29,6,30,0
2023,8,29,6,45,0
2023,8,29,7,0,0
2023,8,29,7,15,0
2023,8,29,7,30,0
2023,8,29,7,45,0
2023,8,29,8,0,0
2023,8,29,8,15,0
2023,8,29,8,30,0
2023,8,29,8,45,0
2023,8,29,9,0,0
2023,8,29,9,15,0
2023,8,29,9,30,0
2023,8,29,9,45,0
2023,8,29,10,0,0
2023,8,29,10,15,0
2023,8,29,10,30,0
2023,8,29,10,45,0
2023,8,29,11,0,0
2023,8,29,11,15,0
2023,8,29,11,30,0
2023,8,29,11,45,0
2023,8,29,12,0,0
2023,8,29,12,15,0
2023,8,29,12,30,0
2023,8,29,12,45,0
2023,8,29,13,0,0
2023,8,29,13,15,0
2023,8,29,13,30,38
2023,8,29,13,45,78
2023,8,29,14,0,124
2023,8,29,14,15,175
2023,8,29,14,30,228
2023,8,29,14,45,282
2023,8,29,15,0,336
2023,8,29,15,15,392
2023,8,29,15,30,445
2023,8,29,15,45,498
2023,8,29,16,0,548
2023,8,29,16,15,599
2023,8,29,16,30,645
2023,8,29,16,45,693
2023,8,29,17,0,734
2023,8,29,17,15,773
2023,8,29,17,30,811
2023,8,29,17,45,845
2023,8,29,18,0,877
2023,8,29,18,15,902
2023,8,29,18,30,923
2023,8,29,18,45,943
2023,8,29,19,0,957
2023,8,29,19,15,966
2023,8,29,19,30,971
2023,8,29,19,45,972
2023,8,29,20,0,972
2023,8,29,20,15,964
2023,8,29,20,30,953
2023,8,29,20,45,937
2023,8,29,21,0,917
2023,8,29,21,15,894
2023,8,29,21,30,866
2023,8,29,21,45,835
2023,8,29,22,0,801
2023,8,29,22,15,763
2023,8,29,22,30,722
2023,8,29,22,45,679
2023,8,29,23,0,632
2023,8,29,23,15,584
2023,8,29,23,30,531
2023,8,29,23,45,478
2023,8,30,0,0,425
2023,8,30,0,15,370
2023,8,30,0,30,315
2023,8,30,0,45,258
2023,8,30,1,0,203
2023,8,30,1,15,150
2023,8,30,1,30,100
2023,8,30,1,45,55
2023,8,30,2,0,20
2023,8,30,2,15,0
2023,8,30,2,30,0
2023,8,30,2,45,0
2023,8,30,3,0,0
2023,8,30,3,15,0
2023,8,30,3,30,0
2023,8,30,3,45,0
2023,8,30,4,0,0
2023,8,30,4,15,0
2023,8,30,4,30,0
2023,8,30,4,45,0
2023,8,30,5,0,0
2023,8,30,5,15,0
2023,8,30,5,30,0
2023,8,30,5,45,0
2023,8,30,6,0,0
2023,8,30,6,15,0
2023,8,30,6,30,0
2023,8,30,6,45,0
2023,8,30,7,0,0
2023,8,30,7,15,0
2023,8,30,7,30,0
2023,8,30,7,45,0
2023,8,30,8,0,0
2023,8,30,8,15,0
2023,8,30,8,30,0
2023,8,30,8,45,0
2023,8,30,9,0,0
2023,8,30,9,15,0
2023,8,30,9,30,0
2023,8,30,9,45,0
2023,8,30,10,0,0
2023,8,30,10,15,0
2023,8,30,10,30,0
2023,8,30,10,45,0
2023,8,30,11,0,0
2023,8,30,11,15,0
2023,8,30,11,30,0
2023,8,30,11,45,0
2023,8,30,12,0,0
2023,8,30,12,15,0
2023,8,30,12,30,0
2023,8,30,12,45,0
2023,8,30,13,0,0
2023,8,30,13,15,0
2023,8,30,13,30,37
2023,8,30,13,45,78
2023,8,30,14,0,126
2023,8,30,14,15,177
2023,8,30,14,30,230
2023,8,30,14,45,284
2023,8,30,15,0,338
2023,8,30,15,15,392
2023,8,30,15,30,444
2023,8,30,15,45,496
2023,8,30,16,0,546
2023,8,30,16,15,593
2023,8,30,16,30,640
2023,8,30,16,45,684
2023,8,30,17,0,723
2023,8,30,17,15,761
2023,8,30,17,30,796
2023,8,30,17,45,823
2023,8,30,18,0,851
2023,8,30,18,15,876
2023,8,30,18,30,897
2023,8,30,18,45,911
2023,8,30,19,0,924
2023,8,30,19,15,933
2023,8,30,19,30,938
2023,8,30,19,45,938
2023,8,30,20,0,935
2023,8,30,20,15,927
2023,8,30,20,30,916
2023,8,30,20,45,899
2023,8,30,21,0,880
2023,8,30,21,15,857
2023,8,30,21,30,830
2023,8,30,21,45,799
2023,8,30,22,0,767
2023,8,30,22,15,730
2023,8,30,22,30,690
2023,8,30,22,45,470
2023,8,30,23,0,602
2023,8,30,23,15,554
2023,8,30,23,30,505
2023,8,30,23,45,453
2023,8,31,0,0,401
2023,8,31,0,15,348
2023,8,31,0,30,294
2023,8,31,0,45,240
2023,8,31,1,0,187
2023,8,31,1,15,136
2023,8,31,1,30,89
2023,8,31,1,45,47
2023,8,31,2,0,15
2023,8,31,2,15,0
2023,8,31,2,30,0
2023,8,31,2,45,0
2023,8,31,3,0,0
2023,8,31,3,15,0
2023,8,31,3,30,0
2023,8,31,3,45,0
2023,8,31,4,0,0
2023,8,31,4,15,0
2023,8,31,4,30,0
2023,8,31,4,45,0
2023,8,31,5,0,0
2023,8,31,5,15,0
2023,8,31,5,30,0
2023,8,31,5,45,0
2023,8,31,6,0,0
2023,8,31,6,15,0
2023,8,31,6,30,0
2023,8,31,6,45,0
2023,8,31,7,0,0
2023,8,31,7,15,0
2023,8,31,7,30,0
2023,8,31,7,45,0
2023,8,31,8,0,0
2023,8,31,8,15,0
2023,8,31,8,30,0
2023,8,31,8,45,0
2023,8,31,9,0,0
2023,8,31,9,15,0
2023,8,31,9,30,0
2023,8,31,9,45,0
2023,8,31,10,0,0
2023,8,31,10,15,0
2023,8,31,10,30,0
2023,8,31,10,45,0
2023,8,31,11,0,0
2023,8,31,11,15,0
2023,8,31,11,30,0
2023,8,31,11,45,0
2023,8,31,12,0,0
2023,8,31,12,15,0
2023,8,31,12,30,0
2023,8,31,12,45,0
2023,8,31,13,0,0
2023,8,31,13,15,0
2023,8,31,13,30,34
2023,8,31,13,45,73
2023,8,31,14,0,119
2023,8,31,14,15,169
2023,8,31,14,30,221
2023,8,31,14,45,272
2023,8,31,15,0,326
2023,8,31,15,15,379
2023,8,31,15,30,432
2023,8,31,15,45,482
2023,8,31,16,0,532
2023,8,31,16,15,579
2023,8,31,16,30,625
2023,8,31,16,45,668
2023,8,31,17,0,708
2023,8,31,17,15,744
2023,8,31,17,30,779
2023,8,31,17,45,811
2023,8,31,18,0,837
2023,8,31,18,15,862
2023,8,31,18,30,882
2023,8,31,18,45,898
2023,8,31,19,0,909
2023,8,31,19,15,918
2023,8,31,19,30,717
2023,8,31,19,45,822
2023,8,31,20,0,484
2023,8,31,20,15,741
2023,8,31,20,30,896
2023,8,31,20,45,699
2023,8,31,21,0,656
2023,8,31,21,15,38
2023,8,31,21,30,160
2023,8,31,21,45,36
2023,8,31,22,0,34
2023,8,31,22,15,476
2023,8,31,22,30,309
2023,8,31,22,45,543
2023,8,31,23,0,479
2023,8,31,23,15,448
2023,8,31,23,30,190
2023,8,31,23,45,437
2023,9,1,0,0,386
2023,9,1,0,15,6
2023,9,1,0,30,166
2023,9,1,0,45,202
2023,9,1,1,0,107
2023,9,1,1,15,98
2023,9,1,1,30,26
2023,9,1,1,45,21
2023,9,1,2,0,5
2023,9,1,2,15,0
2023,9,1,2,30,0
2023,9,1,2,45,0
2023,9,1,3,0,0
2023,9,1,3,15,0
2023,9,1,3,30,0
2023,9,1,3,45,0
2023,9,1,4,0,0
2023,9,1,4,15,0
2023,9,1,4,30,0
2023,9,1,4,45,0
2023,9,1,5,0,0
2023,9,1,5,15,0
2023,9,1,5,30,0
2023,9,1,5,45,0
2023,9,1,6,0,0
2023,9,1,6,15,0
2023,9,1,6,30,0
2023,9,1,6,45,0
2023,9,1,7,0,0
2023,9,1,7,15,0
2023,9,1,7,30,0
2023,9,1,7,45,0
2023,9,1,8,0,0
2023,9,1,8,15,0
2023,9,1,8,30,0
2023,9,1,8,45,0
2023,9,1,9,0,0
2023,9,1,9,15,0
2023,9,1,9,30,0
2023,9,1,9,45,0
2023,9,1,10,0,0
2023,9,1,10,15,0
2023,9,1,10,30,0
2023,9,1,10,45,0
2023,9,1,11,0,0
2023,9,1,11,15,0
2023,9,1,11,30,0
2023,9,1,11,45,0
2023,9,1,12,0,0
2023,9,1,12,15,0
2023,9,1,12,30,0
2023,9,1,12,45,0
2023,9,1,13,0,0
2023,9,1,13,15,0
2023,9,1,13,30,12
2023,9,1,13,45,25
2023,9,1,14,0,97
2023,9,1,14,15,124
2023,9,1,14,30,117
2023,9,1,14,45,241
2023,9,1,15,0,292
2023,9,1,15,15,343
2023,9,1,15,30,393
2023,9,1,15,45,353
2023,9,1,16,0,406
2023,9,1,16,15,542
2023,9,1,16,30,425
2023,9,1,16,45,357
2023,9,1,17,0,569
2023,9,1,17,15,514
2023,9,1,17,30,721
2023,9,1,17,45,678
2023,9,1,18,0,556
2023,9,1,18,15,766
2023,9,1,18,30,639
2023,9,1,18,45,579
2023,9,1,19,0,594
2023,9,1,19,15,694
2023,9,1,19,30,553
2023,9,1,19,45,268
2023,9,1,20,0,416
2023,9,1,20,15,674
2023,9,1,20,30,476
2023,9,1,20,45,48
2023,9,1,21,0,171
2023,9,1,21,15,38
2023,9,1,21,30,37
2023,9,1,21,45,35
2023,9,1,22,0,34
2023,9,1,22,15,32
2023,9,1,22,30,200
2023,9,1,22,45,226
2023,9,1,23,0,12
2023,9,1,23,15,10
2023,9,1,23,30,9
2023,9,1,23,45,263
2023,9,2,0,0,112
2023,9,2,0,15,57
2023,9,2,0,30,15
2023,9,2,0,45,11
2023,9,2,1,0,4
2023,9,2,1,15,8
2023,9,2,1,30,28
2023,9,2,1,45,12
2023,9,2,2,0,0
2023,9,2,2,15,0
2023,9,2,2,30,0
2023,9,2,2,45,0
2023,9,2,3,0,0
2023,9,2,3,15,0
2023,9,2,3,30,0
2023,9,2,3,45,0
2023,9,2,4,0,0
2023,9,2,4,15,0
2023,9,2,4,30,0
2023,9,2,4,45,0
2023,9,2,5,0,0
2023,9,2,5,15,0
2023,9,2,5,30,0
2023,9,2,5,45,0
2023,9,2,6,0,0
2023,9,2,6,15,0
2023,9,2,6,30,0
2023,9,2,6,45,0
2023,9,2,7,0,0
2023,9,2,7,15,0
2023,9,2,7,30,0
2023,9,2,7,45,0
2023,9,2,8,0,0
2023,9,2,8,15,0
2023,9,2,8,30,0
2023,9,2,8,45,0
2023,9,2,9,0,0
2023,9,2,9,15,0
2023,9,2,9,30,0
2023,9,2,9,45,0
2023,9,2,10,0,0
2023,9,2,10,15,0
2023,9,2,10,30,0
2023,9,2,10,45,0
2023,9,2,11,0,0
2023,9,2,11,15,0
2023,9,2,11,30,0
2023,9,2,11,45,0
2023,9,2,12,0,0
2023,9,2,12,15,0
2023,9,2,12,30,0
2023,9,2,12,45,0
2023,9,2,13,0,0
2023,9,2,13,15,0
2023,9,2,13,30,28
2023,9,2,13,45,63
2023,9,2,14,0,105
2023,9,2,14,15,152
2023,9,2,14,30,202
2023,9,2,14,45,252
2023,9,2,15,0,147
2023,9,2,15,15,355
2023,9,2,15,30,232
2023,9,2,15,45,389
2023,9,2,16,0,383
2023,9,2,16,15,548
2023,9,2,16,30,227
2023,9,2,16,45,305
2023,9,2,17,0,673
2023,9,2,17,15,93
2023,9,2,17,30,179
2023,9,2,17,45,524
2023,9,2,18,0,524
2023,9,2,18,15,155
2023,9,2,18,30,325
2023,9,2,18,45,860
2023,9,2,19,0,872
2023,9,2,19,15,470
2023,9,2,19,30,808
2023,9,2,19,45,508
2023,9,2,20,0,490
2023,9,2,20,15,465
2023,9,2,20,30,529
2023,9,2,20,45,85
2023,9,2,21,0,191
2023,9,2,21,15,37
2023,9,2,21,30,36
2023,9,2,21,45,145
2023,9,2,22,0,34
2023,9,2,22,15,189
2023,9,2,22,30,315
2023,9,2,22,45,13
2023,9,2,23,0,418
2023,9,2,23,15,275
2023,9,2,23,30,233
2023,9,2,23,45,13
2023,9,3,0,0,99
2023,9,3,0,15,15
2023,9,3,0,30,61
2023,9,3,0,45,4
2023,9,3,1,0,26
2023,9,3,1,15,3
2023,9,3,1,30,25
2023,9,3,1,45,15
2023,9,3,2,0,0
2023,9,3,2,15,0
2023,9,3,2,30,0
2023,9,3,2,45,0
2023,9,3,3,0,0
2023,9,3,3,15,0
2023,9,3,3,30,0
2023,9,3,3,45,0
2023,9,3,4,0,0
2023,9,3,4,15,0
2023,9,3,4,30,0
2023,9,3,4,45,0
2023,9,3,5,0,0
2023,9,3,5,15,0
2023,9,3,5,30,0
2023,9,3,5,45,0
2023,9,3,6,0,0
2023,9,3,6,15,0
2023,9,3,6,30,0
2023,9,3,6,45,0
2023,9,3,7,0,0
2023,9,3,7,15,0
2023,9,3,7,30,0
2023,9,3,7,45,0
2023,9,3,8,0,0
2023,9,3,8,15,0
2023,9,3,8,30,0
2023,9,3,8,45,0
2023,9,3,9,0,0
2023,9,3,9,15,0
2023,9,3,9,30,0
2023,9,3,9,45,0
2023,9,3,10,0,0
2023,9,3,10,15,0
2023,9,3,10,30,0
2023,9,3,10,45,0
2023,9,3,11,0,0
2023,9,3,11,15,0
2023,9,3,11,30,0
2023,9,3,11,45,0
2023,9,3,12,0,0
2023,9,3,12,15,0
2023,9,3,12,30,0
2023,9,3,12,45,0
2023,9,3,13,0,0
2023,9,3,13,15,0
2023,9,3,13,30,27
2023,9,3,13,45,63
2023,9,3,14,0,107
2023,9,3,14,15,155
2023,9,3,14,30,205
2023,9,3,14,45,258
2023,9,3,15,0,310
2023,9,3,15,15,363
2023,9,3,15,30,414
2023,9,3,15,45,465
2023,9,3,16,0,514
2023,9,3,16,15,562
2023,9,3,16,30,607
2023,9,3,16,45,650
2023,9,3,17,0,690
2023,9,3,17,15,728
2023,9,3,17,30,762
2023,9,3,17,45,353
2023,9,3,18,0,366
2023,9,3,18,15,539
2023,9,3,18,30,803
2023,9,3,18,45,693
2023,9,3,19,0,654
2023,9,3,19,15,645
2023,9,3,19,30,909
2023,9,3,19,45,910
2023,9,3,20,0,854
2023,9,3,20,15,764
2023,9,3,20,30,887
2023,9,3,20,45,716
2023,9,3,21,0,689
2023,9,3,21,15,655
2023,9,3,21,30,716
2023,9,3,21,45,35
2023,9,3,22,0,399
2023,9,3,22,15,607
2023,9,3,22,30,223
2023,9,3,22,45,28
2023,9,3,23,0,213
2023,9,3,23,15,416
2023,9,3,23,30,428
2023,9,3,23,45,30
2023,9,4,0,0,319
2023,9,4,0,15,12
2023,9,4,0,30,200
2023,9,4,0,45,8
2023,9,4,1,0,58
2023,9,4,1,15,40
2023,9,4,1,30,33
2023,9,4,1,45,17
2023,9,4,2,0,0
2023,9,4,2,15,0
2023,9,4,2,30,0
2023,9,4,2,45,0
2023,9,4,3,0,0
2023,9,4,3,15,0
2023,9,4,3,30,0
2023,9,4,3,45,0
2023,9,4,4,0,0
2023,9,4,4,15,0
2023,9,4,4,30,0
2023,9,4,4,45,0
2023,9,4,5,0,0
2023,9,4,5,15,0
2023,9,4,5,30,0
2023,9,4,5,45,0
2023,9,4,6,0,0
2023,9,4,6,15,0
2023,9,4,6,30,0
2023,9,4,6,45,0
2023,9,4,7,0,0
2023,9,4,7,15,0
2023,9,4,7,30,0
2023,9,4,7,45,0
2023,9,4,8,0,0
2023,9,4,8,15,0
2023,9,4,8,30,0
2023,9,4,8,45,0
2023,9,4,9,0,0
2023,9,4,9,15,0
2023,9,4,9,30,0
2023,9,4,9,45,0
2023,9,4,10,0,0
2023,9,4,10,15,0
2023,9,4,10,30,0
2023,9,4,10,45,0
2023,9,4,11,0,0
2023,9,4,11,15,0
2023,9,4,11,30,0
2023,9,4,11,45,0
2023,9,4,12,0,0
2023,9,4,12,15,0
2023,9,4,12,30,0
2023,9,4,12,45,0
2023,9,4,13,0,0
2023,9,4,13,15,0
2023,9,4,13,30,29
2023,9,4,13,45,67
2023,9,4,14,0,113
2023,9,4,14,15,164
2023,9,4,14,30,217
2023,9,4,14,45,272
2023,9,4,15,0,326
2023,9,4,15,15,380
2023,9,4,15,30,434
2023,9,4,15,45,487
2023,9,4,16,0,538
2023,9,4,16,15,587
2023,9,4,16,30,633
2023,9,4,16,45,678
2023,9,4,17,0,719
2023,9,4,17,15,758
2023,9,4,17,30,793
2023,9,4,17,45,824
2023,9,4,18,0,853
2023,9,4,18,15,877
2023,9,4,18,30,898
2023,9,4,18,45,915
2023,9,4,19,0,928
2023,9,4,19,15,937
2023,9,4,19,30,944
2023,9,4,19,45,944
2023,9,4,20,0,941
2023,9,4,20,15,933
2023,9,4,20,30,920
2023,9,4,20,45,903
2023,9,4,21,0,883
2023,9,4,21,15,859
2023,9,4,21,30,831
2023,9,4,21,45,800
2023,9,4,22,0,765
2023,9,4,22,15,727
2023,9,4,22,30,686
2023,9,4,22,45,642
2023,9,4,23,0,596
2023,9,4,23,15,547
2023,9,4,23,30,496
2023,9,4,23,45,443
2023,9,5,0,0,390
2023,9,5,0,15,335
2023,9,5,0,30,280
2023,9,5,0,45,226
2023,9,5,1,0,172
2023,9,5,1,15,121
2023,9,5,1,30,73
2023,9,5,1,45,33
2023,9,5,2,0,0
2023,9,5,2,15,0
2023,9,5,2,30,0
2023,9,5,2,45,0
2023,9,5,3,0,0
2023,9,5,3,15,0
2023,9,5,3,30,0
2023,9,5,3,45,0
2023,9,5,4,0,0
2023,9,5,4,15,0
2023,9,5,4,30,0
2023,9,5,4,45,0
2023,9,5,5,0,0
2023,9,5,5,15,0
2023,9,5,5,30,0
2023,9,5,5,45,0
2023,9,5,6,0,0
2023,9,5,6,15,0
2023,9,5,6,30,0
2023,9,5,6,45,0
2023,9,5,7,0,0
2023,9,5,7,15,0
2023,9,5,7,30,0
2023,9,5,7,45,0
2023,9,5,8,0,0
2023,9,5,8,15,0
2023,9,5,8,30,0
2023,9,5,8,45,0
2023,9,5,9,0,0
2023,9,5,9,15,0
2023,9,5,9,30,0
2023,9,5,9,45,0
2023,9,5,10,0,0
2023,9,5,10,15,0
2023,9,5,10,30,0
2023,9,5,10,45,0
2023,9,5,11,0,0
2023,9,5,11,15,0
2023,9,5,11,30,0
2023,9,5,11,45,0
2023,9,5,12,0,0
2023,9,5,12,15,0
2023,9,5,12,30,0
2023,9,5,12,45,0
2023,9,5,13,0,0
2023,9,5,13,15,0
2023,9,5,13,30,27
2023,9,5,13,45,66
2023,9,5,14,0,112
2023,9,5,14,15,163
2023,9,5,14,30,217
2023,9,5,14,45,272
2023,9,5,15,0,327
2023,9,5,15,15,381
2023,9,5,15,30,434
2023,9,5,15,45,486
2023,9,5,16,0,537
2023,9,5,16,15,586
2023,9,5,16,30,633
2023,9,5,16,45,678
2023,9,5,17,0,719
2023,9,5,17,15,758
2023,9,5,17,30,793
2023,9,5,17,45,825
2023,9,5,18,0,854
2023,9,5,18,15,876
2023,9,5,18,30,896
2023,9,5,18,45,913
2023,9,5,19,0,926
2023,9,5,19,15,934
2023,9,5,19,30,939
2023,9,5,19,45,939
2023,9,5,20,0,935
2023,9,5,20,15,927
2023,9,5,20,30,912
2023,9,5,20,45,895
2023,9,5,21,0,875
2023,9,5,21,15,851
2023,9,5,21,30,823
2023,9,5,21,45,792
2023,9,5,22,0,757
2023,9,5,22,15,719
2023,9,5,22,30,678
2023,9,5,22,45,634
2023,9,5,23,0,588
2023,9,5,23,15,539
2023,9,5,23,30,488
2023,9,5,23,45,436
2023,9,6,0,0,383
2023,9,6,0,15,328
2023,9,6,0,30,274
2023,9,6,0,45,219
2023,9,6,1,0,166
2023,9,6,1,15,115
2023,9,6,1,30,68
2023,9,6,1,45,30
2023,9,6,2,0,0
2023,9,6,2,15,0
2023,9,6,2,30,0
2023,9,6,2,45,0
2023,9,6,3,0,0
2023,9,6,3,15,0
2023,9,6,3,30,0
2023,9,6,3,45,0
2023,9,6,4,0,0
2023,9,6,4,15,0
2023,9,6,4,30,0
2023,9,6,4,45,0
2023,9,6,5,0,0
2023,9,6,5,15,0
2023,9,6,5,30,0
2023,9,6,5,45,0
2023,9,6,6,0,0
2023,9,6,6,15,0
2023,9,6,6,30,0
2023,9,6,6,45,0
2023,9,6,7,0,0
2023,9,6,7,15,0
2023,9,6,7,30,0
2023,9,6,7,45,0
2023,9,6,8,0,0
2023,9,6,8,15,0
2023,9,6,8,30,0
2023,9,6,8,45,0
2023,9,6,9,0,0
2023,9,6,9,15,0
2023,9,6,9,30,0
2023,9,6,9,45,0
2023,9,6,10,0,0
2023,9,6,10,15,0
2023,9,6,10,30,0
2023,9,6,10,45,0
2023,9,6,11,0,0
2023,9,6,11,15,0
2023,9,6,11,30,0
2023,9,6,11,45,0
2023,9,6,12,0,0
2023,9,6,12,15,0
2023,9,6,12,30,0
2023,9,6,12,45,0
2023,9,6,13,0,0
2023,9,6,13,15,0
2023,9,6,13,30,26
2023,9,6,13,45,63
2023,9,6,14,0,109
2023,9,6,14,15,160
2023,9,6,14,30,213
2023,9,6,14,45,267
2023,9,6,15,0,321
2023,9,6,15,15,376
2023,9,6,15,30,430
2023,9,6,15,45,482
2023,9,6,16,0,533
2023,9,6,16,15,582
2023,9,6,16,30,629
2023,9,6,16,45,673
2023,9,6,17,0,714
2023,9,6,17,15,753
2023,9,6,17,30,788
2023,9,6,17,45,820
2023,9,6,18,0,848
2023,9,6,18,15,873
2023,9,6,18,30,893
2023,9,6,18,45,910
2023,9,6,19,0,923
2023,9,6,19,15,931
2023,9,6,19,30,935
2023,9,6,19,45,936
2023,9,6,20,0,931
2023,9,6,20,15,923
2023,9,6,20,30,911
2023,9,6,20,45,894
2023,9,6,21,0,874
2023,9,6,21,15,849
2023,9,6,21,30,821
2023,9,6,21,45,790
2023,9,6,22,0,755
2023,9,6,22,15,717
2023,9,6,22,30,675
2023,9,6,22,45,632
2023,9,6,23,0,585
2023,9,6,23,15,536
2023,9,6,23,30,485
2023,9,6,23,45,433
2023,9,7,0,0,380
2023,9,7,0,15,326
2023,9,7,0,30,271
2023,9,7,0,45,216
2023,9,7,1,0,163
2023,9,7,1,15,112
2023,9,7,1,30,65
2023,9,7,1,45,27
2023,9,7,2,0,0
2023,9,7,2,15,0
2023,9,7,2,30,0
2023,9,7,2,45,0
2023,9,7,3,0,0
2023,9,7,3,15,0
2023,9,7,3,30,0
2023,9,7,3,45,0
2023,9,7,4,0,0
2023,9,7,4,15,0
2023,9,7,4,30,0
2023,9,7,4,45,0
2023,9,7,5,0,0
2023,9,7,5,15,0
2023,9,7,5,30,0
2023,9,7,5,45,0
2023,9,7,6,0,0
2023,9,7,6,15,0
2023,9,7,6,30,0
2023,9,7,6,45,0
2023,9,7,7,0,0
2023,9,7,7,15,0
2023,9,7,7,30,0
2023,9,7,7,45,0
2023,9,7,8,0,0
2023,9,7,8,15,0
2023,9,7,8,30,0
2023,9,7,8,45,0
2023,9,7,9,0,0
2023,9,7,9,15,0
2023,9,7,9,30,0
2023,9,7,9,45,0
2023,9,7,10,0,0
2023,9,7,10,15,0
2023,9,7,10,30,0
2023,9,7,10,45,0
2023,9,7,11,0,0
2023,9,7,11,15,0
2023,9,7,11,30,0
2023,9,7,11,45,0
2023,9,7,12,0,0
2023,9,7,12,15,0
2023,9,7,12,30,0
2023,9,7,12,45,0
2023,9,7,13,0,0
2023,9,7,13,15,0
2023,9,7,13,30,25
2023,9,7,13,45,62
2023,9,7,14,0,108
2023,9,7,14,15,159
2023,9,7,14,30,212
2023,9,7,14,45,267
2023,9,7,15,0,322
2023,9,7,15,15,377
2023,9,7,15,30,431
2023,9,7,15,45,484
2023,9,7,16,0,535
2023,9,7,16,15,582
2023,9,7,16,30,629
2023,9,7,16,45,673
2023,9,7,17,0,715
2023,9,7,17,15,753
2023,9,7,17,30,789
2023,9,7,17,45,820
2023,9,7,18,0,848
2023,9,7,18,15,872
2023,9,7,18,30,893
2023,9,7,18,45,910
2023,9,7,19,0,922
2023,9,7,19,15,931
2023,9,7,19,30,935
2023,9,7,19,45,935
2023,9,7,20,0,931
2023,9,7,20,15,923
2023,9,7,20,30,910
2023,9,7,20,45,893
2023,9,7,21,0,873
2023,9,7,21,15,849
2023,9,7,21,30,820
2023,9,7,21,45,789
2023,9,7,22,0,753
2023,9,7,22,15,715
2023,9,7,22,30,674
2023,9,7,22,45,629
2023,9,7,23,0,582
2023,9,7,23,15,533
2023,9,7,23,30,482
2023,9,7,23,45,430
2023,9,8,0,0,376
2023,9,8,0,15,321
2023,9,8,0,30,266
2023,9,8,0,45,211
2023,9,8,1,0,158
2023,9,8,1,15,107
2023,9,8,1,30,61
2023,9,8,1,45,24
2023,9,8,2,0,0
2023,9,8,2,15,0
2023,9,8,2,30,0
2023,9,8,2,45,0
2023,9,8,3,0,0
2023,9,8,3,15,0
2023,9,8,3,30,0
2023,9,8,3,45,0
2023,9,8,4,0,0
2023,9,8,4,15,0
2023,9,8,4,30,0
2023,9,8,4,45,0
2023,9,8,5,0,0
2023,9,8,5,15,0
2023,9,8,5,30,0
2023,9,8,5,45,0
2023,9,8,6,0,0
2023,9,8,6,15,0
2023,9,8,6,30,0
2023,9,8,6,45,0
2023,9,8,7,0,0
2023,9,8,7,15,0
2023,9,8,7,30,0
2023,9,8,7,45,0
2023,9,8,8,0,0
2023,9,8,8,15,0
2023,9,8,8,30,0
2023,9,8,8,45,0
2023,9,8,9,0,0
2023,9,8,9,15,0
2023,9,8,9,30,0
2023,9,8,9,45,0
2023,9,8,10,0,0
2023,9,8,10,15,0
2023,9,8,10,30,0
2023,9,8,10,45,0
2023,9,8,11,0,0
2023,9,8,11,15,0
2023,9,8,11,30,0
2023,9,8,11,45,0
2023,9,8,12,0,0
2023,9,8,12,15,0
2023,9,8,12,30,0
2023,9,8,12,45,0
2023,9,8,13,0,0
2023,9,8,13,15,0
2023,9,8,13,30,23
2023,9,8,13,45,58
2023,9,8,14,0,103
2023,9,8,14,15,152
2023,9,8,14,30,205
2023,9,8,14,45,258
2023,9,8,15,0,311
2023,9,8,15,15,364
2023,9,8,15,30,417
2023,9,8,15,45,468
2023,9,8,16,0,518
2023,9,8,16,15,565
2023,9,8,16,30,611
2023,9,8,16,45,654
2023,9,8,17,0,695
2023,9,8,17,15,733
2023,9,8,17,30,767
2023,9,8,17,45,794
2023,9,8,18,0,821
2023,9,8,18,15,845
2023,9,8,18,30,866
2023,9,8,18,45,883
2023,9,8,19,0,895
2023,9,8,19,15,901
2023,9,8,19,30,905
2023,9,8,19,45,906
2023,9,8,20,0,901
2023,9,8,20,15,893
2023,9,8,20,30,881
2023,9,8,20,45,859
2023,9,8,21,0,839
2023,9,8,21,15,815
2023,9,8,21,30,787
2023,9,8,21,45,757
2023,9,8,22,0,722
2023,9,8,22,15,684
2023,9,8,22,30,643
2023,9,8,22,45,601
2023,9,8,23,0,555
2023,9,8,23,15,507
2023,9,8,23,30,458
2023,9,8,23,45,408
2023,9,9,0,0,355
2023,9,9,0,15,301
2023,9,9,0,30,248
2023,9,9,0,45,196
2023,9,9,1,0,145
2023,9,9,1,15,96
2023,9,9,1,30,53
2023,9,9,1,45,20
2023,9,9,2,0,0
2023,9,9,2,15,0
2023,9,9,2,30,0
2023,9,9,2,45,0
2023,9,9,3,0,0
2023,9,9,3,15,0
2023,9,9,3,30,0
2023,9,9,3,45,0
2023,9,9,4,0,0
2023,9,9,4,15,0
2023,9,9,4,30,0
2023,9,9,4,45,0
2023,9,9,5,0,0
2023,9,9,5,15,0
2023,9,9,5,30,0
2023,9,9,5,45,0
2023,9,9,6,0,0
2023,9,9,6,15,0
2023,9,9,6,30,0
2023,9,9,6,45,0
2023,9,9,7,0,0
2023,9,9,7,15,0
2023,9,9,7,30,0
2023,9,9,7,45,0
2023,9,9,8,0,0
2023,9,9,8,15,0
2023,9,9,8,30,0
2023,9,9,8,45,0
2023,9,9,9,0,0
2023,9,9,9,15,0
2023,9,9,9,30,0
2023,9,9,9,45,0
2023,9,9,10,0,0
2023,9,9,10,15,0
2023,9,9,10,30,0
2023,9,9,10,45,0
2023,9,9,11,0,0
2023,9,9,11,15,0
2023,9,9,11,30,0
2023,9,9,11,45,0
2023,9,9,12,0,0
2023,9,9,12,15,0
2023,9,9,12,30,0
2023,9,9,12,45,0
2023,9,9,13,0,0
2023,9,9,13,15,0
2023,9,9,13,30,14
2023,9,9,13,45,42
2023,9,9,14,0,99
2023,9,9,14,15,148
2023,9,9,14,30,96
2023,9,9,14,45,212
2023,9,9,15,0,239
2023,9,9,15,15,289
2023,9,9,15,30,411
2023,9,9,15,45,460
2023,9,9,16,0,510
2023,9,9,16,15,556
2023,9,9,16,30,602
2023,9,9,16,45,643
2023,9,9,17,0,683
2023,9,9,17,15,721
2023,9,9,17,30,753
2023,9,9,17,45,781
2023,9,9,18,0,809
2023,9,9,18,15,833
2023,9,9,18,30,853
2023,9,9,18,45,868
2023,9,9,19,0,881
2023,9,9,19,15,889
2023,9,9,19,30,893
2023,9,9,19,45,893
2023,9,9,20,0,888
2023,9,9,20,15,882
2023,9,9,20,30,870
2023,9,9,20,45,853
2023,9,9,21,0,833
2023,9,9,21,15,811
2023,9,9,21,30,783
2023,9,9,21,45,752
2023,9,9,22,0,719
2023,9,9,22,15,681
2023,9,9,22,30,640
2023,9,9,22,45,599
2023,9,9,23,0,553
2023,9,9,23,15,505
2023,9,9,23,30,454
2023,9,9,23,45,405
2023,9,10,0,0,352
2023,9,10,0,15,299
2023,9,10,0,30,245
2023,9,10,0,45,193
2023,9,10,1,0,142
2023,9,10,1,15,93
2023,9,10,1,30,50
2023,9,10,1,45,18
2023,9,10,2,0,0
2023,9,10,2,15,0
2023,9,10,2,30,0
2023,9,10,2,45,0
2023,9,10,3,0,0
2023,9,10,3,15,0
2023,9,10,3,30,0
2023,9,10,3,45,0
2023,9,10,4,0,0
2023,9,10,4,15,0
2023,9,10,4,30,0
2023,9,10,4,45,0
2023,9,10,5,0,0
2023,9,10,5,15,0
2023,9,10,5,30,0
2023,9,10,5,45,0
2023,9,10,6,0,0
2023,9,10,6,15,0
2023,9,10,6,30,0
2023,9,10,6,45,0
2023,9,10,7,0,0
2023,9,10,7,15,0
2023,9,10,7,30,0
2023,9,10,7,45,0
2023,9,10,8,0,0
2023,9,10,8,15,0
2023,9,10,8,30,0
2023,9,10,8,45,0
2023,9,10,9,0,0
2023,9,10,9,15,0
2023,9,10,9,30,0
2023,9,10,9,45,0
2023,9,10,10,0,0
2023,9,10,10,15,0
2023,9,10,10,30,0
2023,9,10,10,45,0
2023,9,10,11,0,0
2023,9,10,11,15,0
2023,9,10,11,30,0
2023,9,10,11,45,0
2023,9,10,12,0,0
2023,9,10,12,15,0
2023,9,10,12,30,0
2023,9,10,12,45,0
2023,9,10,13,0,0
2023,9,10,13,15,0
2023,9,10,13,30,9
2023,9,10,13,45,24
2023,9,10,14,0,68
2023,9,10,14,15,128
2023,9,10,14,30,101
2023,9,10,14,45,109
2023,9,10,15,0,170
2023,9,10,15,15,79
2023,9,10,15,30,246
2023,9,10,15,45,326
2023,9,10,16,0,148
2023,9,10,16,15,177
2023,9,10,16,30,222
2023,9,10,16,45,344
2023,9,10,17,0,198
2023,9,10,17,15,174
2023,9,10,17,30,209
2023,9,10,17,45,282
2023,9,10,18,0,375
2023,9,10,18,15,422
2023,9,10,18,30,404
2023,9,10,18,45,267
2023,9,10,19,0,200
2023,9,10,19,15,218
2023,9,10,19,30,471
2023,9,10,19,45,495
2023,9,10,20,0,80
2023,9,10,20,15,232
2023,9,10,20,30,86
2023,9,10,20,45,262
2023,9,10,21,0,163
2023,9,10,21,15,186
2023,9,10,21,30,115
2023,9,10,21,45,24
2023,9,10,22,0,122
2023,9,10,22,15,60
2023,9,10,22,30,41
2023,9,10,22,45,155
2023,9,10,23,0,47
2023,9,10,23,15,104
2023,9,10,23,30,151
2023,9,10,23,45,94
2023,9,11,0,0,111
2023,9,11,0,15,82
2023,9,11,0,30,31
2023,9,11,0,45,37
2023,9,11,1,0,27
2023,9,11,1,15,53
2023,9,11,1,30,42
2023,9,11,1,45,14
2023,9,11,2,0,0
2023,9,11,2,15,0
2023,9,11,2,30,0
2023,9,11,2,45,0
2023,9,11,3,0,0
2023,9,11,3,15,0
2023,9,11,3,30,0
2023,9,11,3,45,0
2023,9,11,4,0,0
2023,9,11,4,15,0
2023,9,11,4,30,0
2023,9,11,4,45,0
2023,9,11,5,0,0
2023,9,11,5,15,0
2023,9,11,5,30,0
2023,9,11,5,45,0
2023,9,11,6,0,0
2023,9,11,6,15,0
2023,9,11,6,30,0
2023,9,11,6,45,0
2023,9,11,7,0,0
2023,9,11,7,15,0
2023,9,11,7,30,0
2023,9,11,7,45,0
2023,9,11,8,0,0
2023,9,11,8,15,0
2023,9,11,8,30,0
2023,9,11,8,45,0
2023,9,11,9,0,0
2023,9,11,9,15,0
2023,9,11,9,30,0
2023,9,11,9,45,0
2023,9,11,10,0,0
2023,9,11,10,15,0
2023,9,11,10,30,0
2023,9,11,10,45,0
2023,9,11,11,0,0
2023,9,11,11,15,0
2023,9,11,11,30,0
2023,9,11,11,45,0
2023,9,11,12,0,0
2023,9,11,12,15,0
2023,9,11,12,30,0
2023,9,11,12,45,0
2023,9,11,13,0,0
2023,9,11,13,15,0
2023,9,11,13,30,17
2023,9,11,13,45,48
2023,9,11,14,0,89
2023,9,11,14,15,136
2023,9,11,14,30,186
2023,9,11,14,45,238
2023,9,11,15,0,290
2023,9,11,15,15,342
2023,9,11,15,30,394
2023,9,11,15,45,445
2023,9,11,16,0,494
2023,9,11,16,15,542
2023,9,11,16,30,587
2023,9,11,16,45,630
2023,9,11,17,0,670
2023,9,11,17,15,707
2023,9,11,17,30,741
2023,9,11,17,45,774
2023,9,11,18,0,801
2023,9,11,18,15,825
2023,9,11,18,30,845
2023,9,11,18,45,859
2023,9,11,19,0,871
2023,9,11,19,15,879
2023,9,11,19,30,882
2023,9,11,19,45,690
2023,9,11,20,0,823
2023,9,11,20,15,733
2023,9,11,20,30,786
2023,9,11,20,45,613
2023,9,11,21,0,820
2023,9,11,21,15,795
2023,9,11,21,30,558
2023,9,11,21,45,736
2023,9,11,22,0,701
2023,9,11,22,15,663
2023,9,11,22,30,623
2023,9,11,22,45,580
2023,9,11,23,0,535
2023,9,11,23,15,418
2023,9,11,23,30,326
2023,9,11,23,45,386
2023,9,12,0,0,274
2023,9,12,0,15,281
2023,9,12,0,30,128
2023,9,12,0,45,88
2023,9,12,1,0,72
2023,9,12,1,15,59
2023,9,12,1,30,29
2023,9,12,1,45,5
2023,9,12,2,0,0
2023,9,12,2,15,0
2023,9,12,2,30,0
2023,9,12,2,45,0
2023,9,12,3,0,0
2023,9,12,3,15,0
2023,9,12,3,30,0
2023,9,12,3,45,0
2023,9,12,4,0,0
2023,9,12,4,15,0
2023,9,12,4,30,0
2023,9,12,4,45,0
2023,9,12,5,0,0
2023,9,12,5,15,0
2023,9,12,5,30,0
2023,9,12,5,45,0
2023,9,12,6,0,0
2023,9,12,6,15,0
2023,9,12,6,30,0
2023,9,12,6,45,0
2023,9,12,7,0,0
2023,9,12,7,15,0
2023,9,12,7,30,0
2023,9,12,7,45,0
2023,9,12,8,0,0
2023,9,12,8,15,0
2023,9,12,8,30,0
2023,9,12,8,45,0
2023,9,12,9,0,0
2023,9,12,9,15,0
2023,9,12,9,30,0
2023,9,12,9,45,0
2023,9,12,10,0,0
2023,9,12,10,15,0
2023,9,12,10,30,0
2023,9,12,10,45,0
2023,9,12,11,0,0
2023,9,12,11,15,0
2023,9,12,11,30,0
2023,9,12,11,45,0
2023,9,12,12,0,0
2023,9,12,12,15,0
2023,9,12,12,30,0
2023,9,12,12,45,0
2023,9,12,13,0,0
2023,9,12,13,15,0
2023,9,12,13,30,7
2023,9,12,13,45,23
2023,9,12,14,0,55
2023,9,12,14,15,92
2023,9,12,14,30,38
2023,9,12,14,45,172
2023,9,12,15,0,201
2023,9,12,15,15,303
2023,9,12,15,30,367
2023,9,12,15,45,383
2023,9,12,16,0,400
2023,9,12,16,15,424
2023,9,12,16,30,372
2023,9,12,16,45,546
2023,9,12,17,0,632
2023,9,12,17,15,112
2023,9,12,17,30,626
2023,9,12,17,45,635
2023,9,12,18,0,591
2023,9,12,18,15,326
2023,9,12,18,30,547
2023,9,12,18,45,810
2023,9,12,19,0,645
2023,9,12,19,15,425
2023,9,12,19,30,615
2023,9,12,19,45,484
2023,9,12,20,0,625
2023,9,12,20,15,726
2023,9,12,20,30,854
2023,9,12,20,45,832
2023,9,12,21,0,812
2023,9,12,21,15,786
2023,9,12,21,30,758
2023,9,12,21,45,725
2023,9,12,22,0,691
2023,9,12,22,15,652
2023,9,12,22,30,611
2023,9,12,22,45,567
2023,9,12,23,0,450
2023,9,12,23,15,408
2023,9,12,23,30,311
2023,9,12,23,45,25
2023,9,13,0,0,320
2023,9,13,0,15,268
2023,9,13,0,30,217
2023,9,13,0,45,154
2023,9,13,1,0,89
2023,9,13,1,15,58
2023,9,13,1,30,29
2023,9,13,1,45,0
2023,9,13,2,0,0
2023,9,13,2,15,0
2023,9,13,2,30,0
2023,9,13,2,45,0
2023,9,13,3,0,0
2023,9,13,3,15,0
2023,9,13,3,30,0
2023,9,13,3,45,0
2023,9,13,4,0,0
2023,9,13,4,15,0
2023,9,13,4,30,0
2023,9,13,4,45,0
2023,9,13,5,0,0
2023,9,13,5,15,0
2023,9,13,5,30,0
2023,9,13,5,45,0
2023,9,13,6,0,0
2023,9,13,6,15,0
2023,9,13,6,30,0
2023,9,13,6,45,0
2023,9,13,7,0,0
2023,9,13,7,15,0
2023,9,13,7,30,0
2023,9,13,7,45,0
2023,9,13,8,0,0
2023,9,13,8,15,0
2023,9,13,8,30,0
2023,9,13,8,45,0
2023,9,13,9,0,0
2023,9,13,9,15,0
2023,9,13,9,30,0
2023,9,13,9,45,0
2023,9,13,10,0,0
2023,9,13,10,15,0
2023,9,13,10,30,0
2023,9,13,10,45,0
2023,9,13,11,0,0
2023,9,13,11,15,0
2023,9,13,11,30,0
2023,9,13,11,45,0
2023,9,13,12,0,0
2023,9,13,12,15,0
2023,9,13,12,30,0
2023,9,13,12,45,0
2023,9,13,13,0,0
2023,9,13,13,15,0
2023,9,13,13,30,6
2023,9,13,13,45,28
2023,9,13,14,0,52
2023,9,13,14,15,68
2023,9,13,14,30,109
2023,9,13,14,45,115
2023,9,13,15,0,279
2023,9,13,15,15,331
2023,9,13,15,30,382
2023,9,13,15,45,433
2023,9,13,16,0,482
2023,9,13,16,15,529
2023,9,13,16,30,574
2023,9,13,16,45,617
2023,9,13,17,0,658
2023,9,13,17,15,695
2023,9,13,17,30,729
2023,9,13,17,45,771
2023,9,13,18,0,798
2023,9,13,18,15,821
2023,9,13,18,30,841
2023,9,13,18,45,856
2023,9,13,19,0,868
2023,9,13,19,15,875
2023,9,13,19,30,759
2023,9,13,19,45,697
2023,9,13,20,0,876
2023,9,13,20,15,691
2023,9,13,20,30,619
2023,9,13,20,45,711
2023,9,13,21,0,519
2023,9,13,21,15,323
2023,9,13,21,30,225
2023,9,13,21,45,364
2023,9,13,22,0,511
2023,9,13,22,15,513
2023,9,13,22,30,516
2023,9,13,22,45,485
2023,9,13,23,0,454
2023,9,13,23,15,418
2023,9,13,23,30,391
2023,9,13,23,45,294
2023,9,14,0,0,306
2023,9,14,0,15,263
2023,9,14,0,30,197
2023,9,14,0,45,85
2023,9,14,1,0,118
2023,9,14,1,15,46
2023,9,14,1,30,17
2023,9,14,1,45,0
2023,9,14,2,0,0
2023,9,14,2,15,0
2023,9,14,2,30,0
2023,9,14,2,45,0
2023,9,14,3,0,0
2023,9,14,3,15,0
2023,9,14,3,30,0
2023,9,14,3,45,0
2023,9,14,4,0,0
2023,9,14,4,15,0
2023,9,14,4,30,0
2023,9,14,4,45,0
2023,9,14,5,0,0
2023,9,14,5,15,0
2023,9,14,5,30,0
2023,9,14,5,45,0
2023,9,14,6,0,0
2023,9,14,6,15,0
2023,9,14,6,30,0
2023,9,14,6,45,0
2023,9,14,7,0,0
2023,9,14,7,15,0
2023,9,14,7,30,0
2023,9,14,7,45,0
2023,9,14,8,0,0
2023,9,14,8,15,0
2023,9,14,8,30,0
2023,9,14,8,45,0
2023,9,14,9,0,0
2023,9,14,9,15,0
2023,9,14,9,30,0
2023,9,14,9,45,0
2023,9,14,10,0,0
2023,9,14,10,15,0
2023,9,14,10,30,0
2023,9,14,10,45,0
2023,9,14,11,0,0
2023,9,14,11,15,0
2023,9,14,11,30,0
2023,9,14,11,45,0
2023,9,14,12,0,0
2023,9,14,12,15,0
2023,9,14,12,30,0
2023,9,14,12,45,0
2023,9,14,13,0,0
2023,9,14,13,15,0
2023,9,14,13,30,12
2023,9,14,13,45,40
2023,9,14,14,0,79
2023,9,14,14,15,125
2023,9,14,14,30,88
2023,9,14,14,45,87
2023,9,14,15,0,138
2023,9,14,15,15,151
2023,9,14,15,30,291
2023,9,14,15,45,429
2023,9,14,16,0,478
2023,9,14,16,15,525
2023,9,14,16,30,569
2023,9,14,16,45,611
2023,9,14,17,0,651
2023,9,14,17,15,688
2023,9,14,17,30,722
2023,9,14,17,45,750
2023,9,14,18,0,777
2023,9,14,18,15,800
2023,9,14,18,30,819
2023,9,14,18,45,834
2023,9,14,19,0,846
2023,9,14,19,15,853
2023,9,14,19,30,635
2023,9,14,19,45,600
2023,9,14,20,0,375
2023,9,14,20,15,90
2023,9,14,20,30,214
2023,9,14,20,45,166
2023,9,14,21,0,281
2023,9,14,21,15,264
2023,9,14,21,30,468
2023,9,14,21,45,500
2023,9,14,22,0,676
2023,9,14,22,15,396
2023,9,14,22,30,362
2023,9,14,22,45,337
2023,9,14,23,0,278
2023,9,14,23,15,321
2023,9,14,23,30,369
2023,9,14,23,45,363
2023,9,15,0,0,311
2023,9,15,0,15,260
2023,9,15,0,30,105
2023,9,15,0,45,158
2023,9,15,1,0,110
2023,9,15,1,15,66
2023,9,15,1,30,29
2023,9,15,1,45,0
2023,9,15,2,0,0
2023,9,15,2,15,0
2023,9,15,2,30,0
2023,9,15,2,45,0
2023,9,15,3,0,0
2023,9,15,3,15,0
2023,9,15,3,30,0
2023,9,15,3,45,0
2023,9,15,4,0,0
2023,9,15,4,15,0
2023,9,15,4,30,0
2023,9,15,4,45,0
2023,9,15,5,0,0
2023,9,15,5,15,0
2023,9,15,5,30,0
2023,9,15,5,45,0
2023,9,15,6,0,0
2023,9,15,6,15,0
2023,9,15,6,30,0
2023,9,15,6,45,0
2023,9,15,7,0,0
2023,9,15,7,15,0
2023,9,15,7,30,0
2023,9,15,7,45,0
2023,9,15,8,0,0
2023,9,15,8,15,0
2023,9,15,8,30,0
2023,9,15,8,45,0
2023,9,15,9,0,0
2023,9,15,9,15,0
2023,9,15,9,30,0
2023,9,15,9,45,0
2023,9,15,10,0,0
2023,9,15,10,15,0
2023,9,15,10,30,0
2023,9,15,10,45,0
2023,9,15,11,0,0
2023,9,15,11,15,0
2023,9,15,11,30,0
2023,9,15,11,45,0
2023,9,15,12,0,0
2023,9,15,12,15,0
2023,9,15,12,30,0
2023,9,15,12,45,0
2023,9,15,13,0,0
2023,9,15,13,15,0
2023,9,15,13,30,13
2023,9,15,13,45,43
2023,9,15,14,0,84
2023,9,15,14,15,132
2023,9,15,14,30,183
2023,9,15,14,45,235
2023,9,15,15,0,288
2023,9,15,15,15,341
2023,9,15,15,30,394
2023,9,15,15,45,446
2023,9,15,16,0,494
2023,9,15,16,15,542
2023,9,15,16,30,588
2023,9,15,16,45,631
2023,9,15,17,0,672
2023,9,15,17,15,707
2023,9,15,17,30,741
2023,9,15,17,45,773
2023,9,15,18,0,800
2023,9,15,18,15,824
2023,9,15,18,30,844
2023,9,15,18,45,859
2023,9,15,19,0,871
2023,9,15,19,15,879
2023,9,15,19,30,882
2023,9,15,19,45,882
2023,9,15,20,0,877
2023,9,15,20,15,868
2023,9,15,20,30,855
2023,9,15,20,45,836
2023,9,15,21,0,815
2023,9,15,21,15,792
2023,9,15,21,30,763
2023,9,15,21,45,732
2023,9,15,22,0,699
2023,9,15,22,15,660
2023,9,15,22,30,620
2023,9,15,22,45,576
2023,9,15,23,0,531
2023,9,15,23,15,482
2023,9,15,23,30,432
2023,9,15,23,45,381
2023,9,16,0,0,329
2023,9,16,0,15,274
2023,9,16,0,30,221
2023,9,16,0,45,168
2023,9,16,1,0,118
2023,9,16,1,15,71
2023,9,16,1,30,31
2023,9,16,1,45,0
2023,9,16,2,0,0
2023,9,16,2,15,0
2023,9,16,2,30,0
2023,9,16,2,45,0
2023,9,16,3,0,0
2023,9,16,3,15,0
2023,9,16,3,30,0
2023,9,16,3,45,0
2023,9,16,4,0,0
2023,9,16,4,15,0
2023,9,16,4,30,0
2023,9,16,4,45,0
2023,9,16,5,0,0
2023,9,16,5,15,0
2023,9,16,5,30,0
2023,9,16,5,45,0
2023,9,16,6,0,0
2023,9,16,6,15,0
2023,9,16,6,30,0
2023,9,16,6,45,0
2023,9,16,7,0,0
2023,9,16,7,15,0
2023,9,16,7,30,0
2023,9,16,7,45,0
2023,9,16,8,0,0
2023,9,16,8,15,0
2023,9,16,8,30,0
2023,9,16,8,45,0
2023,9,16,9,0,0
2023,9,16,9,15,0
2023,9,16,9,30,0
2023,9,16,9,45,0
2023,9,16,10,0,0
2023,9,16,10,15,0
2023,9,16,10,30,0
2023,9,16,10,45,0
2023,9,16,11,0,0
2023,9,16,11,15,0
2023,9,16,11,30,0
2023,9,16,11,45,0
2023,9,16,12,0,0
2023,9,16,12,15,0
2023,9,16,12,30,0
2023,9,16,12,45,0
2023,9,16,13,0,0
2023,9,16,13,15,0
2023,9,16,13,30,0
2023,9,16,13,45,42
2023,9,16,14,0,84
2023,9,16,14,15,131
2023,9,16,14,30,183
2023,9,16,14,45,235
2023,9,16,15,0,289
2023,9,16,15,15,342
2023,9,16,15,30,394
2023,9,16,15,45,446
2023,9,16,16,0,496
2023,9,16,16,15,543
2023,9,16,16,30,589
2023,9,16,16,45,632
2023,9,16,17,0,673
2023,9,16,17,15,710
2023,9,16,17,30,744
2023,9,16,17,45,774
2023,9,16,18,0,801
2023,9,16,18,15,822
2023,9,16,18,30,842
2023,9,16,18,45,858
2023,9,16,19,0,869
2023,9,16,19,15,877
2023,9,16,19,30,880
2023,9,16,19,45,879
2023,9,16,20,0,874
2023,9,16,20,15,865
2023,9,16,20,30,852
2023,9,16,20,45,832
2023,9,16,21,0,811
2023,9,16,21,15,786
2023,9,16,21,30,758
2023,9,16,21,45,725
2023,9,16,22,0,690
2023,9,16,22,15,651
2023,9,16,22,30,610
2023,9,16,22,45,565
2023,9,16,23,0,519
2023,9,16,23,15,470
2023,9,16,23,30,420
2023,9,16,23,45,368
2023,9,17,0,0,315
2023,9,17,0,15,262
2023,9,17,0,30,209
2023,9,17,0,45,157
2023,9,17,1,0,107
2023,9,17,1,15,63
2023,9,17,1,30,26
2023,9,17,1,45,0
2023,9,17,2,0,0
2023,9,17,2,15,0
2023,9,17,2,30,0
2023,9,17,2,45,0
2023,9,17,3,0,0
2023,9,17,3,15,0
2023,9,17,3,30,0
2023,9,17,3,45,0
2023,9,17,4,0,0
2023,9,17,4,15,0
2023,9,17,4,30,0
2023,9,17,4,45,0
2023,9,17,5,0,0
2023,9,17,5,15,0
2023,9,17,5,30,0
2023,9,17,5,45,0
2023,9,17,6,0,0
2023,9,17,6,15,0
2023,9,17,6,30,0
2023,9,17,6,45,0
2023,9,17,7,0,0
2023,9,17,7,15,0
2023,9,17,7,30,0
2023,9,17,7,45,0
2023,9,17,8,0,0
2023,9,17,8,15,0
2023,9,17,8,30,0
2023,9,17,8,45,0
2023,9,17,9,0,0
2023,9,17,9,15,0
2023,9,17,9,30,0
2023,9,17,9,45,0
2023,9,17,10,0,0
2023,9,17,10,15,0
2023,9,17,10,30,0
2023,9,17,10,45,0
2023,9,17,11,0,0
2023,9,17,11,15,0
2023,9,17,11,30,0
2023,9,17,11,45,0
2023,9,17,12,0,0
2023,9,17,12,15,0
2023,9,17,12,30,0
2023,9,17,12,45,0
2023,9,17,13,0,0
2023,9,17,13,15,0
2023,9,17,13,30,0
2023,9,17,13,45,39
2023,9,17,14,0,79
2023,9,17,14,15,126
2023,9,17,14,30,177
2023,9,17,14,45,229
2023,9,17,15,0,283
2023,9,17,15,15,336
2023,9,17,15,30,388
2023,9,17,15,45,440
2023,9,17,16,0,490
2023,9,17,16,15,538
2023,9,17,16,30,583
2023,9,17,16,45,627
2023,9,17,17,0,665
2023,9,17,17,15,703
2023,9,17,17,30,737
2023,9,17,17,45,772
2023,9,17,18,0,799
2023,9,17,18,15,822
2023,9,17,18,30,841
2023,9,17,18,45,857
2023,9,17,19,0,868
2023,9,17,19,15,876
2023,9,17,19,30,879
2023,9,17,19,45,879
2023,9,17,20,0,874
2023,9,17,20,15,864
2023,9,17,20,30,851
2023,9,17,20,45,834
2023,9,17,21,0,813
2023,9,17,21,15,788
2023,9,17,21,30,759
2023,9,17,21,45,727
2023,9,17,22,0,691
2023,9,17,22,15,652
2023,9,17,22,30,613
2023,9,17,22,45,568
2023,9,17,23,0,355
2023,9,17,23,15,472
2023,9,17,23,30,422
2023,9,17,23,45,371
2023,9,18,0,0,317
2023,9,18,0,15,264
2023,9,18,0,30,210
2023,9,18,0,45,159
2023,9,18,1,0,108
2023,9,18,1,15,62
2023,9,18,1,30,25
2023,9,18,1,45,0
2023,9,18,2,0,0
2023,9,18,2,15,0
2023,9,18,2,30,0
2023,9,18,2,45,0
2023,9,18,3,0,0
2023,9,18,3,15,0
2023,9,18,3,30,0
2023,9,18,3,45,0
2023,9,18,4,0,0
2023,9,18,4,15,0
2023,9,18,4,30,0
2023,9,18,4,45,0
2023,9,18,5,0,0
2023,9,18,5,15,0
2023,9,18,5,30,0
2023,9,18,5,45,0
2023,9,18,6,0,0
2023,9,18,6,15,0
2023,9,18,6,30,0
2023,9,18,6,45,0
2023,9,18,7,0,0
2023,9,18,7,15,0
2023,9,18,7,30,0
2023,9,18,7,45,0
2023,9,18,8,0,0
2023,9,18,8,15,0
2023,9,18,8,30,0
2023,9,18,8,45,0
2023,9,18,9,0,0
2023,9,18,9,15,0
2023,9,18,9,30,0
2023,9,18,9,45,0
2023,9,18,10,0,0
2023,9,18,10,15,0
2023,9,18,10,30,0
2023,9,18,10,45,0
2023,9,18,11,0,0
2023,9,18,11,15,0
2023,9,18,11,30,0
2023,9,18,11,45,0
2023,9,18,12,0,0
2023,9,18,12,15,0
2023,9,18,12,30,0
2023,9,18,12,45,0
2023,9,18,13,0,0
2023,9,18,13,15,0
2023,9,18,13,30,0
2023,9,18,13,45,40
2023,9,18,14,0,82
2023,9,18,14,15,131
2023,9,18,14,30,183
2023,9,18,14,45,237
2023,9,18,15,0,291
2023,9,18,15,15,345
2023,9,18,15,30,399
2023,9,18,15,45,451
2023,9,18,16,0,502
2023,9,18,16,15,551
2023,9,18,16,30,599
2023,9,18,16,45,643
2023,9,18,17,0,684
2023,9,18,17,15,722
2023,9,18,17,30,757
2023,9,18,17,45,788
2023,9,18,18,0,815
2023,9,18,18,15,836
2023,9,18,18,30,856
2023,9,18,18,45,871
2023,9,18,19,0,883
2023,9,18,19,15,891
2023,9,18,19,30,894
2023,9,18,19,45,893
2023,9,18,20,0,887
2023,9,18,20,15,878
2023,9,18,20,30,864
2023,9,18,20,45,845
2023,9,18,21,0,824
2023,9,18,21,15,798
2023,9,18,21,30,769
2023,9,18,21,45,736
2023,9,18,22,0,699
2023,9,18,22,15,660
2023,9,18,22,30,617
2023,9,18,22,45,572
2023,9,18,23,0,525
2023,9,18,23,15,475
2023,9,18,23,30,423
2023,9,18,23,45,370
2023,9,19,0,0,316
2023,9,19,0,15,262
2023,9,19,0,30,208
2023,9,19,0,45,154
2023,9,19,1,0,104
2023,9,19,1,15,58
2023,9,19,1,30,22
2023,9,19,1,45,0
2023,9,19,2,0,0
2023,9,19,2,15,0
2023,9,19,2,30,0
2023,9,19,2,45,0
2023,9,19,3,0,0
2023,9,19,3,15,0
2023,9,19,3,30,0
2023,9,19,3,45,0
2023,9,19,4,0,0
2023,9,19,4,15,0
2023,9,19,4,30,0
2023,9,19,4,45,0
2023,9,19,5,0,0
2023,9,19,5,15,0
2023,9,19,5,30,0
2023,9,19,5,45,0
2023,9,19,6,0,0
2023,9,19,6,15,0
2023,9,19,6,30,0
2023,9,19,6,45,0
2023,9,19,7,0,0
2023,9,19,7,15,0
2023,9,19,7,30,0
2023,9,19,7,45,0
2023,9,19,8,0,0
2023,9,19,8,15,0
2023,9,19,8,30,0
2023,9,19,8,45,0
2023,9,19,9,0,0
2023,9,19,9,15,0
2023,9,19,9,30,0
2023,9,19,9,45,0
2023,9,19,10,0,0
2023,9,19,10,15,0
2023,9,19,10,30,0
2023,9,19,10,45,0
2023,9,19,11,0,0
2023,9,19,11,15,0
2023,9,19,11,30,0
2023,9,19,11,45,0
2023,9,19,12,0,0
2023,9,19,12,15,0
2023,9,19,12,30,0
2023,9,19,12,45,0
2023,9,19,13,0,0
2023,9,19,13,15,0
2023,9,19,13,30,0
2023,9,19,13,45,37
2023,9,19,14,0,78
2023,9,19,14,15,126
2023,9,19,14,30,177
2023,9,19,14,45,230
2023,9,19,15,0,285
2023,9,19,15,15,338
2023,9,19,15,30,392
2023,9,19,15,45,444
2023,9,19,16,0,494
2023,9,19,16,15,543
2023,9,19,16,30,589
2023,9,19,16,45,633
2023,9,19,17,0,673
2023,9,19,17,15,711
2023,9,19,17,30,746
2023,9,19,17,45,776
2023,9,19,18,0,804
2023,9,19,18,15,827
2023,9,19,18,30,847
2023,9,19,18,45,862
2023,9,19,19,0,874
2023,9,19,19,15,881
2023,9,19,19,30,884
2023,9,19,19,45,883
2023,9,19,20,0,878
2023,9,19,20,15,868
2023,9,19,20,30,855
2023,9,19,20,45,837
2023,9,19,21,0,815
2023,9,19,21,15,789
2023,9,19,21,30,760
2023,9,19,21,45,727
2023,9,19,22,0,691
2023,9,19,22,15,651
2023,9,19,22,30,609
2023,9,19,22,45,564
2023,9,19,23,0,516
2023,9,19,23,15,467
2023,9,19,23,30,415
2023,9,19,23,45,363
2023,9,20,0,0,309
2023,9,20,0,15,255
2023,9,20,0,30,201
2023,9,20,0,45,148
2023,9,20,1,0,98
2023,9,20,1,15,54
2023,9,20,1,30,19
2023,9,20,1,45,0
2023,9,20,2,0,0
2023,9,20,2,15,0
2023,9,20,2,30,0
2023,9,20,2,45,0
2023,9,20,3,0,0
2023,9,20,3,15,0
2023,9,20,3,30,0
2023,9,20,3,45,0
2023,9,20,4,0,0
2023,9,20,4,15,0
2023,9,20,4,30,0
2023,9,20,4,45,0
2023,9,20,5,0,0
2023,9,20,5,15,0
2023,9,20,5,30,0
2023,9,20,5,45,0
2023,9,20,6,0,0
2023,9,20,6,15,0
2023,9,20,6,30,0
2023,9,20,6,45,0
2023,9,20,7,0,0
2023,9,20,7,15,0
2023,9,20,7,30,0
2023,9,20,7,45,0
2023,9,20,8,0,0
2023,9,20,8,15,0
2023,9,20,8,30,0
2023,9,20,8,45,0
2023,9,20,9,0,0
2023,9,20,9,15,0
2023,9,20,9,30,0
2023,9,20,9,45,0
2023,9,20,10,0,0
2023,9,20,10,15,0
2023,9,20,10,30,0
2023,9,20,10,45,0
2023,9,20,11,0,0
2023,9,20,11,15,0
2023,9,20,11,30,0
2023,9,20,11,45,0
2023,9,20,12,0,0
2023,9,20,12,15,0
2023,9,20,12,30,0
2023,9,20,12,45,0
2023,9,20,13,0,0
2023,9,20,13,15,0
2023,9,20,13,30,0
2023,9,20,13,45,24
2023,9,20,14,0,54
2023,9,20,14,15,109
2023,9,20,14,30,175
2023,9,20,14,45,228
2023,9,20,15,0,282
2023,9,20,15,15,319
2023,9,20,15,30,390
2023,9,20,15,45,442
2023,9,20,16,0,493
2023,9,20,16,15,541
2023,9,20,16,30,587
2023,9,20,16,45,631
2023,9,20,17,0,672
2023,9,20,17,15,710
2023,9,20,17,30,744
2023,9,20,17,45,776
2023,9,20,18,0,803
2023,9,20,18,15,826
2023,9,20,18,30,846
2023,9,20,18,45,861
2023,9,20,19,0,872
2023,9,20,19,15,879
2023,9,20,19,30,882
2023,9,20,19,45,880
2023,9,20,20,0,653
2023,9,20,20,15,709
2023,9,20,20,30,659
2023,9,20,20,45,830
2023,9,20,21,0,613
2023,9,20,21,15,531
2023,9,20,21,30,558
2023,9,20,21,45,359
2023,9,20,22,0,18
2023,9,20,22,15,18
2023,9,20,22,30,108
2023,9,20,22,45,75
2023,9,20,23,0,65
2023,9,20,23,15,20
2023,9,20,23,30,45
2023,9,20,23,45,8
2023,9,21,0,0,75
2023,9,21,0,15,36
2023,9,21,0,30,103
2023,9,21,0,45,49
2023,9,21,1,0,68
2023,9,21,1,15,32
2023,9,21,1,30,15
2023,9,21,1,45,0
2023,9,21,2,0,0
2023,9,21,2,15,0
2023,9,21,2,30,0
2023,9,21,2,45,0
2023,9,21,3,0,0
2023,9,21,3,15,0
2023,9,21,3,30,0
2023,9,21,3,45,0
2023,9,21,4,0,0
2023,9,21,4,15,0
2023,9,21,4,30,0
2023,9,21,4,45,0
2023,9,21,5,0,0
2023,9,21,5,15,0
2023,9,21,5,30,0
2023,9,21,5,45,0
2023,9,21,6,0,0
2023,9,21,6,15,0
2023,9,21,6,30,0
2023,9,21,6,45,0
2023,9,21,7,0,0
2023,9,21,7,15,0
2023,9,21,7,30,0
2023,9,21,7,45,0
2023,9,21,8,0,0
2023,9,21,8,15,0
2023,9,21,8,30,0
2023,9,21,8,45,0
2023,9,21,9,0,0
2023,9,21,9,15,0
2023,9,21,9,30,0
2023,9,21,9,45,0
2023,9,21,10,0,0
2023,9,21,10,15,0
2023,9,21,10,30,0
2023,9,21,10,45,0
2023,9,21,11,0,0
2023,9,21,11,15,0
2023,9,21,11,30,0
2023,9,21,11,45,0
2023,9,21,12,0,0
2023,9,21,12,15,0
2023,9,21,12,30,0
2023,9,21,12,45,0
2023,9,21,13,0,0
2023,9,21,13,15,0
2023,9,21,13,30,0
2023,9,21,13,45,31
2023,9,21,14,0,70
2023,9,21,14,15,116
2023,9,21,14,30,166
2023,9,21,14,45,218
2023,9,21,15,0,271
2023,9,21,15,15,324
2023,9,21,15,30,377
2023,9,21,15,45,429
2023,9,21,16,0,479
2023,9,21,16,15,527
2023,9,21,16,30,572
2023,9,21,16,45,616
2023,9,21,17,0,656
2023,9,21,17,15,694
2023,9,21,17,30,728
2023,9,21,17,45,759
2023,9,21,18,0,786
2023,9,21,18,15,809
2023,9,21,18,30,828
2023,9,21,18,45,844
2023,9,21,19,0,855
2023,9,21,19,15,865
2023,9,21,19,30,868
2023,9,21,19,45,867
2023,9,21,20,0,861
2023,9,21,20,15,852
2023,9,21,20,30,840
2023,9,21,20,45,823
2023,9,21,21,0,801
2023,9,21,21,15,775
2023,9,21,21,30,748
2023,9,21,21,45,715
2023,9,21,22,0,678
2023,9,21,22,15,641
2023,9,21,22,30,598
2023,9,21,22,45,552
2023,9,21,23,0,504
2023,9,21,23,15,456
2023,9,21,23,30,404
2023,9,21,23,45,351
2023,9,22,0,0,297
2023,9,22,0,15,242
2023,9,22,0,30,189
2023,9,22,0,45,137
2023,9,22,1,0,88
2023,9,22,1,15,44
2023,9,22,1,30,13
2023,9,22,1,45,0
2023,9,22,2,0,0
2023,9,22,2,15,0
2023,9,22,2,30,0
2023,9,22,2,45,0
2023,9,22,3,0,0
2023,9,22,3,15,0
2023,9,22,3,30,0
2023,9,22,3,45,0
2023,9,22,4,0,0
2023,9,22,4,15,0
2023,9,22,4,30,0
2023,9,22,4,45,0
2023,9,22,5,0,0
2023,9,22,5,15,0
2023,9,22,5,30,0
2023,9,22,5,45,0
2023,9,22,6,0,0
2023,9,22,6,15,0
2023,9,22,6,30,0
2023,9,22,6,45,0
2023,9,22,7,0,0
2023,9,22,7,15,0
2023,9,22,7,30,0
2023,9,22,7,45,0
2023,9,22,8,0,0
2023,9,22,8,15,0
2023,9,22,8,30,0
2023,9,22,8,45,0
2023,9,22,9,0,0
2023,9,22,9,15,0
2023,9,22,9,30,0
2023,9,22,9,45,0
2023,9,22,10,0,0
2023,9,22,10,15,0
2023,9,22,10,30,0
2023,9,22,10,45,0
2023,9,22,11,0,0
2023,9,22,11,15,0
2023,9,22,11,30,0
2023,9,22,11,45,0
2023,9,22,12,0,0
2023,9,22,12,15,0
2023,9,22,12,30,0
2023,9,22,12,45,0
2023,9,22,13,0,0
2023,9,22,13,15,0
2023,9,22,13,30,0
2023,9,22,13,45,32
2023,9,22,14,0,73
2023,9,22,14,15,121
2023,9,22,14,30,173
2023,9,22,14,45,226
2023,9,22,15,0,224
2023,9,22,15,15,335
2023,9,22,15,30,389
2023,9,22,15,45,441
2023,9,22,16,0,492
2023,9,22,16,15,541
2023,9,22,16,30,587
2023,9,22,16,45,631
2023,9,22,17,0,672
2023,9,22,17,15,710
2023,9,22,17,30,745
2023,9,22,17,45,776
2023,9,22,18,0,806
2023,9,22,18,15,757
2023,9,22,18,30,849
2023,9,22,18,45,865
2023,9,22,19,0,876
2023,9,22,19,15,883
2023,9,22,19,30,886
2023,9,22,19,45,885
2023,9,22,20,0,879
2023,9,22,20,15,869
2023,9,22,20,30,736
2023,9,22,20,45,840
2023,9,22,21,0,661
2023,9,22,21,15,792
2023,9,22,21,30,762
2023,9,22,21,45,617
2023,9,22,22,0,569
2023,9,22,22,15,478
2023,9,22,22,30,485
2023,9,22,22,45,374
2023,9,22,23,0,366
2023,9,22,23,15,279
2023,9,22,23,30,224
2023,9,22,23,45,144
2023,9,23,0,0,214
2023,9,23,0,15,135
2023,9,23,0,30,73
2023,9,23,0,45,43
2023,9,23,1,0,39
2023,9,23,1,15,22
2023,9,23,1,30,0
2023,9,23,1,45,0
2023,9,23,2,0,0
2023,9,23,2,15,0
2023,9,23,2,30,0
2023,9,23,2,45,0
2023,9,23,3,0,0
2023,9,23,3,15,0
2023,9,23,3,30,0
2023,9,23,3,45,0
2023,9,23,4,0,0
2023,9,23,4,15,0
2023,9,23,4,30,0
2023,9,23,4,45,0
2023,9,23,5,0,0
2023,9,23,5,15,0
2023,9,23,5,30,0
2023,9,23,5,45,0
2023,9,23,6,0,0
2023,9,23,6,15,0
2023,9,23,6,30,0
2023,9,23,6,45,0
2023,9,23,7,0,0
2023,9,23,7,15,0
2023,9,23,7,30,0
2023,9,23,7,45,0
2023,9,23,8,0,0
2023,9,23,8,15,0
2023,9,23,8,30,0
2023,9,23,8,45,0
2023,9,23,9,0,0
2023,9,23,9,15,0
2023,9,23,9,30,0
2023,9,23,9,45,0
2023,9,23,10,0,0
2023,9,23,10,15,0
2023,9,23,10,30,0
2023,9,23,10,45,0
2023,9,23,11,0,0
2023,9,23,11,15,0
2023,9,23,11,30,0
2023,9,23,11,45,0
2023,9,23,12,0,0
2023,9,23,12,15,0
2023,9,23,12,30,0
2023,9,23,12,45,0
2023,9,23,13,0,0
2023,9,23,13,15,0
2023,9,23,13,30,0
2023,9,23,13,45,11
2023,9,23,14,0,30
2023,9,23,14,15,4
2023,9,23,14,30,28
2023,9,23,14,45,167
2023,9,23,15,0,132
2023,9,23,15,15,27
2023,9,23,15,30,134
2023,9,23,15,45,167
2023,9,23,16,0,123
2023,9,23,16,15,77
2023,9,23,16,30,25
2023,9,23,16,45,28
2023,9,23,17,0,30
2023,9,23,17,15,205
2023,9,23,17,30,66
2023,9,23,17,45,24
2023,9,23,18,0,36
2023,9,23,18,15,94
2023,9,23,18,30,315
2023,9,23,18,45,252
2023,9,23,19,0,665
2023,9,23,19,15,615
2023,9,23,19,30,857
2023,9,23,19,45,856
2023,9,23,20,0,851
2023,9,23,20,15,841
2023,9,23,20,30,827
2023,9,23,20,45,809
2023,9,23,21,0,787
2023,9,23,21,15,761
2023,9,23,21,30,731
2023,9,23,21,45,698
2023,9,23,22,0,664
2023,9,23,22,15,624
2023,9,23,22,30,582
2023,9,23,22,45,537
2023,9,23,23,0,491
2023,9,23,23,15,441
2023,9,23,23,30,390
2023,9,23,23,45,339
2023,9,24,0,0,285
2023,9,24,0,15,232
2023,9,24,0,30,179
2023,9,24,0,45,127
2023,9,24,1,0,80
2023,9,24,1,15,38
2023,9,24,1,30,0
2023,9,24,1,45,0
2023,9,24,2,0,0
2023,9,24,2,15,0
2023,9,24,2,30,0
2023,9,24,2,45,0
2023,9,24,3,0,0
2023,9,24,3,15,0
2023,9,24,3,30,0
2023,9,24,3,45,0
2023,9,24,4,0,0
2023,9,24,4,15,0
2023,9,24,4,30,0
2023,9,24,4,45,0
2023,9,24,5,0,0
2023,9,24,5,15,0
2023,9,24,5,30,0
2023,9,24,5,45,0
2023,9,24,6,0,0
2023,9,24,6,15,0
2023,9,24,6,30,0
2023,9,24,6,45,0
2023,9,24,7,0,0
2023,9,24,7,15,0
2023,9,24,7,30,0
2023,9,24,7,45,0
2023,9,24,8,0,0
2023,9,24,8,15,0
2023,9,24,8,30,0
2023,9,24,8,45,0
2023,9,24,9,0,0
2023,9,24,9,15,0
2023,9,24,9,30,0
2023,9,24,9,45,0
2023,9,24,10,0,0
2023,9,24,10,15,0
2023,9,24,10,30,0
2023,9,24,10,45,0
2023,9,24,11,0,0
2023,9,24,11,15,0
2023,9,24,11,30,0
2023,9,24,11,45,0
2023,9,24,12,0,0
2023,9,24,12,15,0
2023,9,24,12,30,0
2023,9,24,12,45,0
2023,9,24,13,0,0
2023,9,24,13,15,0
2023,9,24,13,30,0
2023,9,24,13,45,29
2023,9,24,14,0,68
2023,9,24,14,15,115
2023,9,24,14,30,167
2023,9,24,14,45,220
2023,9,24,15,0,275
2023,9,24,15,15,329
2023,9,24,15,30,383
2023,9,24,15,45,435
2023,9,24,16,0,486
2023,9,24,16,15,535
2023,9,24,16,30,581
2023,9,24,16,45,625
2023,9,24,17,0,666
2023,9,24,17,15,703
2023,9,24,17,30,738
2023,9,24,17,45,770
2023,9,24,18,0,797
2023,9,24,18,15,820
2023,9,24,18,30,839
2023,9,24,18,45,855
2023,9,24,19,0,866
2023,9,24,19,15,876
2023,9,24,19,30,879
2023,9,24,19,45,877
2023,9,24,20,0,871
2023,9,24,20,15,861
2023,9,24,20,30,847
2023,9,24,20,45,828
2023,9,24,21,0,806
2023,9,24,21,15,779
2023,9,24,21,30,749
2023,9,24,21,45,713
2023,9,24,22,0,676
2023,9,24,22,15,635
2023,9,24,22,30,592
2023,9,24,22,45,546
2023,9,24,23,0,498
2023,9,24,23,15,447
2023,9,24,23,30,395
2023,9,24,23,45,342
2023,9,25,0,0,287
2023,9,25,0,15,233
2023,9,25,0,30,179
2023,9,25,0,45,127
2023,9,25,1,0,78
2023,9,25,1,15,36
2023,9,25,1,30,0
2023,9,25,1,45,0
2023,9,25,2,0,0
2023,9,25,2,15,0
2023,9,25,2,30,0
2023,9,25,2,45,0
2023,9,25,3,0,0
2023,9,25,3,15,0
2023,9,25,3,30,0
2023,9,25,3,45,0
2023,9,25,4,0,0
2023,9,25,4,15,0
2023,9,25,4,30,0
2023,9,25,4,45,0
2023,9,25,5,0,0
2023,9,25,5,15,0
2023,9,25,5,30,0
2023,9,25,5,45,0
2023,9,25,6,0,0
2023,9,25,6,15,0
2023,9,25,6,30,0
2023,9,25,6,45,0
2023,9,25,7,0,0
2023,9,25,7,15,0
2023,9,25,7,30,0
2023,9,25,7,45,0
2023,9,25,8,0,0
2023,9,25,8,15,0
2023,9,25,8,30,0
2023,9,25,8,45,0
2023,9,25,9,0,0
2023,9,25,9,15,0
2023,9,25,9,30,0
2023,9,25,9,45,0
2023,9,25,10,0,0
2023,9,25,10,15,0
2023,9,25,10,30,0
2023,9,25,10,45,0
2023,9,25,11,0,0
2023,9,25,11,15,0
2023,9,25,11,30,0
2023,9,25,11,45,0
2023,9,25,12,0,0
2023,9,25,12,15,0
2023,9,25,12,30,0
2023,9,25,12,45,0
2023,9,25,13,0,0
2023,9,25,13,15,0
2023,9,25,13,30,0
2023,9,25,13,45,27
2023,9,25,14,0,66
2023,9,25,14,15,112
2023,9,25,14,30,163
2023,9,25,14,45,216
2023,9,25,15,0,270
2023,9,25,15,15,324
2023,9,25,15,30,377
2023,9,25,15,45,429
2023,9,25,16,0,479
2023,9,25,16,15,527
2023,9,25,16,30,573
2023,9,25,16,45,616
2023,9,25,17,0,657
2023,9,25,17,15,694
2023,9,25,17,30,728
2023,9,25,17,45,759
2023,9,25,18,0,786
2023,9,25,18,15,809
2023,9,25,18,30,828
2023,9,25,18,45,843
2023,9,25,19,0,854
2023,9,25,19,15,860
2023,9,25,19,30,863
2023,9,25,19,45,861
2023,9,25,20,0,855
2023,9,25,20,15,845
2023,9,25,20,30,830
2023,9,25,20,45,811
2023,9,25,21,0,788
2023,9,25,21,15,762
2023,9,25,21,30,732
2023,9,25,21,45,699
2023,9,25,22,0,664
2023,9,25,22,15,624
2023,9,25,22,30,581
2023,9,25,22,45,535
2023,9,25,23,0,487
2023,9,25,23,15,437
2023,9,25,23,30,385
2023,9,25,23,45,332
2023,9,26,0,0,278
2023,9,26,0,15,224
2023,9,26,0,30,171
2023,9,26,0,45,120
2023,9,26,1,0,72
2023,9,26,1,15,32
2023,9,26,1,30,0
2023,9,26,1,45,0
2023,9,26,2,0,0
2023,9,26,2,15,0
2023,9,26,2,30,0
2023,9,26,2,45,0
2023,9,26,3,0,0
2023,9,26,3,15,0
2023,9,26,3,30,0
2023,9,26,3,45,0
2023,9,26,4,0,0
2023,9,26,4,15,0
2023,9,26,4,30,0
2023,9,26,4,45,0
2023,9,26,5,0,0
2023,9,26,5,15,0
2023,9,26,5,30,0
2023,9,26,5,45,0
2023,9,26,6,0,0
2023,9,26,6,15,0
2023,9,26,6,30,0
2023,9,26,6,45,0
2023,9,26,7,0,0
2023,9,26,7,15,0
2023,9,26,7,30,0
2023,9,26,7,45,0
2023,9,26,8,0,0
2023,9,26,8,15,0
2023,9,26,8,30,0
2023,9,26,8,45,0
2023,9,26,9,0,0
2023,9,26,9,15,0
2023,9,26,9,30,0
2023,9,26,9,45,0
2023,9,26,10,0,0
2023,9,26,10,15,0
2023,9,26,10,30,0
2023,9,26,10,45,0
2023,9,26,11,0,0
2023,9,26,11,15,0
2023,9,26,11,30,0
2023,9,26,11,45,0
2023,9,26,12,0,0
2023,9,26,12,15,0
2023,9,26,12,30,0
2023,9,26,12,45,0
2023,9,26,13,0,0
2023,9,26,13,15,0
2023,9,26,13,30,0
2023,9,26,13,45,26
2023,9,26,14,0,65
2023,9,26,14,15,113
2023,9,26,14,30,165
2023,9,26,14,45,220
2023,9,26,15,0,275
2023,9,26,15,15,329
2023,9,26,15,30,384
2023,9,26,15,45,437
2023,9,26,16,0,488
2023,9,26,16,15,537
2023,9,26,16,30,584
2023,9,26,16,45,628
2023,9,26,17,0,669
2023,9,26,17,15,707
2023,9,26,17,30,742
2023,9,26,17,45,772
2023,9,26,18,0,799
2023,9,26,18,15,822
2023,9,26,18,30,841
2023,9,26,18,45,857
2023,9,26,19,0,868
2023,9,26,19,15,875
2023,9,26,19,30,877
2023,9,26,19,45,875
2023,9,26,20,0,869
2023,9,26,20,15,859
2023,9,26,20,30,844
2023,9,26,20,45,825
2023,9,26,21,0,802
2023,9,26,21,15,775
2023,9,26,21,30,744
2023,9,26,21,45,710
2023,9,26,22,0,673
2023,9,26,22,15,632
2023,9,26,22,30,585
2023,9,26,22,45,538
2023,9,26,23,0,490
2023,9,26,23,15,439
2023,9,26,23,30,386
2023,9,26,23,45,332
2023,9,27,0,0,277
2023,9,27,0,15,223
2023,9,27,0,30,169
2023,9,27,0,45,117
2023,9,27,1,0,69
2023,9,27,1,15,29
2023,9,27,1,30,0
2023,9,27,1,45,0
2023,9,27,2,0,0
2023,9,27,2,15,0
2023,9,27,2,30,0
2023,9,27,2,45,0
2023,9,27,3,0,0
2023,9,27,3,15,0
2023,9,27,3,30,0
2023,9,27,3,45,0
2023,9,27,4,0,0
2023,9,27,4,15,0
2023,9,27,4,30,0
2023,9,27,4,45,0
2023,9,27,5,0,0
2023,9,27,5,15,0
2023,9,27,5,30,0
2023,9,27,5,45,0
2023,9,27,6,0,0
2023,9,27,6,15,0
2023,9,27,6,30,0
2023,9,27,6,45,0
2023,9,27,7,0,0
2023,9,27,7,15,0
2023,9,27,7,30,0
2023,9,27,7,45,0
2023,9,27,8,0,0
2023,9,27,8,15,0
2023,9,27,8,30,0
2023,9,27,8,45,0
2023,9,27,9,0,0
2023,9,27,9,15,0
2023,9,27,9,30,0
2023,9,27,9,45,0
2023,9,27,10,0,0
2023,9,27,10,15,0
2023,9,27,10,30,0
2023,9,27,10,45,0
2023,9,27,11,0,0
2023,9,27,11,15,0
2023,9,27,11,30,0
2023,9,27,11,45,0
2023,9,27,12,0,0
2023,9,27,12,15,0
2023,9,27,12,30,0
2023,9,27,12,45,0
2023,9,27,13,0,0
2023,9,27,13,15,0
2023,9,27,13,30,0
2023,9,27,13,45,25
2023,9,27,14,0,63
2023,9,27,14,15,111
2023,9,27,14,30,163
2023,9,27,14,45,217
2023,9,27,15,0,272
2023,9,27,15,15,327
2023,9,27,15,30,381
2023,9,27,15,45,434
2023,9,27,16,0,485
2023,9,27,16,15,534
2023,9,27,16,30,581
2023,9,27,16,45,625
2023,9,27,17,0,666
2023,9,27,17,15,704
2023,9,27,17,30,682
2023,9,27,17,45,774
2023,9,27,18,0,801
2023,9,27,18,15,824
2023,9,27,18,30,844
2023,9,27,18,45,859
2023,9,27,19,0,870
2023,9,27,19,15,877
2023,9,27,19,30,879
2023,9,27,19,45,877
2023,9,27,20,0,871
2023,9,27,20,15,860
2023,9,27,20,30,846
2023,9,27,20,45,826
2023,9,27,21,0,681
2023,9,27,21,15,776
2023,9,27,21,30,746
2023,9,27,21,45,570
2023,9,27,22,0,557
2023,9,27,22,15,523
2023,9,27,22,30,477
2023,9,27,22,45,542
2023,9,27,23,0,492
2023,9,27,23,15,441
2023,9,27,23,30,388
2023,9,27,23,45,334
2023,9,28,0,0,224
2023,9,28,0,15,223
2023,9,28,0,30,168
2023,9,28,0,45,101
2023,9,28,1,0,51
2023,9,28,1,15,18
2023,9,28,1,30,0
2023,9,28,1,45,0
2023,9,28,2,0,0
2023,9,28,2,15,0
2023,9,28,2,30,0
2023,9,28,2,45,0
2023,9,28,3,0,0
2023,9,28,3,15,0
2023,9,28,3,30,0
2023,9,28,3,45,0
2023,9,28,4,0,0
2023,9,28,4,15,0
2023,9,28,4,30,0
2023,9,28,4,45,0
2023,9,28,5,0,0
2023,9,28,5,15,0
2023,9,28,5,30,0
2023,9,28,5,45,0
2023,9,28,6,0,0
2023,9,28,6,15,0
2023,9,28,6,30,0
2023,9,28,6,45,0
2023,9,28,7,0,0
2023,9,28,7,15,0
2023,9,28,7,30,0
2023,9,28,7,45,0
2023,9,28,8,0,0
2023,9,28,8,15,0
2023,9,28,8,30,0
2023,9,28,8,45,0
2023,9,28,9,0,0
2023,9,28,9,15,0
2023,9,28,9,30,0
2023,9,28,9,45,0
2023,9,28,10,0,0
2023,9,28,10,15,0
2023,9,28,10,30,0
2023,9,28,10,45,0
2023,9,28,11,0,0
2023,9,28,11,15,0
2023,9,28,11,30,0
2023,9,28,11,45,0
2023,9,28,12,0,0
2023,9,28,12,15,0
2023,9,28,12,30,0
2023,9,28,12,45,0
2023,9,28,13,0,0
2023,9,28,13,15,0
2023,9,28,13,30,0
2023,9,28,13,45,22
2023,9,28,14,0,58
2023,9,28,14,15,104
2023,9,28,14,30,154
2023,9,28,14,45,207
2023,9,28,15,0,261
2023,9,28,15,15,315
2023,9,28,15,30,368
2023,9,28,15,45,420
2023,9,28,16,0,471
2023,9,28,16,15,519
2023,9,28,16,30,565
2023,9,28,16,45,608
2023,9,28,17,0,649
2023,9,28,17,15,686
2023,9,28,17,30,723
2023,9,28,17,45,753
2023,9,28,18,0,780
2023,9,28,18,15,803
2023,9,28,18,30,822
2023,9,28,18,45,837
2023,9,28,19,0,848
2023,9,28,19,15,855
2023,9,28,19,30,857
2023,9,28,19,45,855
2023,9,28,20,0,849
2023,9,28,20,15,838
2023,9,28,20,30,824
2023,9,28,20,45,805
2023,9,28,21,0,782
2023,9,28,21,15,755
2023,9,28,21,30,725
2023,9,28,21,45,691
2023,9,28,22,0,653
2023,9,28,22,15,613
2023,9,28,22,30,569
2023,9,28,22,45,523
2023,9,28,23,0,475
2023,9,28,23,15,424
2023,9,28,23,30,372
2023,9,28,23,45,319
2023,9,29,0,0,264
2023,9,29,0,15,210
2023,9,29,0,30,157
2023,9,29,0,45,106
2023,9,29,1,0,60
2023,9,29,1,15,23
2023,9,29,1,30,0
2023,9,29,1,45,0
2023,9,29,2,0,0
2023,9,29,2,15,0
2023,9,29,2,30,0
2023,9,29,2,45,0
2023,9,29,3,0,0
2023,9,29,3,15,0
2023,9,29,3,30,0
2023,9,29,3,45,0
2023,9,29,4,0,0
2023,9,29,4,15,0
2023,9,29,4,30,0
2023,9,29,4,45,0
2023,9,29,5,0,0
2023,9,29,5,15,0
2023,9,29,5,30,0
2023,9,29,5,45,0
2023,9,29,6,0,0
2023,9,29,6,15,0
2023,9,29,6,30,0
2023,9,29,6,45,0
2023,9,29,7,0,0
2023,9,29,7,15,0
2023,9,29,7,30,0
2023,9,29,7,45,0
2023,9,29,8,0,0
2023,9,29,8,15,0
2023,9,29,8,30,0
2023,9,29,8,45,0
2023,9,29,9,0,0
2023,9,29,9,15,0
2023,9,29,9,30,0
2023,9,29,9,45,0
2023,9,29,10,0,0
2023,9,29,10,15,0
2023,9,29,10,30,0
2023,9,29,10,45,0
2023,9,29,11,0,0
2023,9,29,11,15,0
2023,9,29,11,30,0
2023,9,29,11,45,0
2023,9,29,12,0,0
2023,9,29,12,15,0
2023,9,29,12,30,0
2023,9,29,12,45,0
2023,9,29,13,0,0
2023,9,29,13,15,0
2023,9,29,13,30,0
2023,9,29,13,45,20
2023,9,29,14,0,56
2023,9,29,14,15,101
2023,9,29,14,30,151
2023,9,29,14,45,203
2023,9,29,15,0,256
2023,9,29,15,15,310
2023,9,29,15,30,363
2023,9,29,15,45,414
2023,9,29,16,0,464
2023,9,29,16,15,512
2023,9,29,16,30,558
2023,9,29,16,45,601
2023,9,29,17,0,644
2023,9,29,17,15,681
2023,9,29,17,30,715
2023,9,29,17,45,745
2023,9,29,18,0,771
2023,9,29,18,15,794
2023,9,29,18,30,816
2023,9,29,18,45,830
2023,9,29,19,0,840
2023,9,29,19,15,847
2023,9,29,19,30,849
2023,9,29,19,45,846
2023,9,29,20,0,839
2023,9,29,20,15,829
2023,9,29,20,30,814
2023,9,29,20,45,794
2023,9,29,21,0,771
2023,9,29,21,15,742
2023,9,29,21,30,711
2023,9,29,21,45,678
2023,9,29,22,0,640
2023,9,29,22,15,600
2023,9,29,22,30,556
2023,9,29,22,45,510
2023,9,29,23,0,462
2023,9,29,23,15,412
2023,9,29,23,30,360
2023,9,29,23,45,307
2023,9,30,0,0,254
2023,9,30,0,15,200
2023,9,30,0,30,148
2023,9,30,0,45,98
2023,9,30,1,0,53
2023,9,30,1,15,19
2023,9,30,1,30,0
2023,9,30,1,45,0
2023,9,30,2,0,0
2023,9,30,2,15,0
2023,9,30,2,30,0
2023,9,30,2,45,0
2023,9,30,3,0,0
2023,9,30,3,15,0
2023,9,30,3,30,0
2023,9,30,3,45,0
2023,9,30,4,0,0
2023,9,30,4,15,0
2023,9,30,4,30,0
2023,9,30,4,45,0
2023,9,30,5,0,0
2023,9,30,5,15,0
2023,9,30,5,30,0
2023,9,30,5,45,0
2023,9,30,6,0,0
2023,9,30,6,15,0
2023,9,30,6,30,0
2023,9,30,6,45,0
2023,9,30,7,0,0
2023,9,30,7,15,0
2023,9,30,7,30,0
2023,9,30,7,45,0
2023,9,30,8,0,0
2023,9,30,8,15,0
2023,9,30,8,30,0
2023,9,30,8,45,0
2023,9,30,9,0,0
2023,9,30,9,15,0
2023,9,30,9,30,0
2023,9,30,9,45,0
2023,9,30,10,0,0
2023,9,30,10,15,0
2023,9,30,10,30,0
2023,9,30,10,45,0
2023,9,30,11,0,0
2023,9,30,11,15,0
2023,9,30,11,30,0
2023,9,30,11,45,0
2023,9,30,12,0,0
2023,9,30,12,15,0
2023,9,30,12,30,0
2023,9,30,12,45,0
2023,9,30,13,0,0
2023,9,30,13,15,0
2023,9,30,13,30,0
2023,9,30,13,45,10
2023,9,30,14,0,30
2023,9,30,14,15,91
2023,9,30,14,30,74
2023,9,30,14,45,158
2023,9,30,15,0,245
2023,9,30,15,15,150
2023,9,30,15,30,211
2023,9,30,15,45,238
2023,9,30,16,0,346
2023,9,30,16,15,381
2023,9,30,16,30,384
2023,9,30,16,45,190
2023,9,30,17,0,358
2023,9,30,17,15,208
2023,9,30,17,30,213
2023,9,30,17,45,293
2023,9,30,18,0,367
2023,9,30,18,15,359
2023,9,30,18,30,269
2023,9,30,18,45,345
2023,9,30,19,0,322
2023,9,30,19,15,340
2023,9,30,19,30,262
2023,9,30,19,45,275
2023,9,30,20,0,202
2023,9,30,20,15,310
2023,9,30,20,30,315
2023,9,30,20,45,193
2023,9,30,21,0,185
2023,9,30,21,15,127
2023,9,30,21,30,148
2023,9,30,21,45,92
2023,9,30,22,0,32
2023,9,30,22,15,46
2023,9,30,22,30,24
2023,9,30,22,45,25
2023,9,30,23,0,24
2023,9,30,23,15,40
2023,9,30,23,30,37
2023,9,30,23,45,61
2023,10,1,0,0,24
2023,10,1,0,15,6
2023,10,1,0,30,21
2023,10,1,0,45,52
2023,10,1,1,0,29
2023,10,1,1,15,7
2023,10,1,1,30,0
2023,10,1,1,45,0
2023,10,1,2,0,0
2023,10,1,2,15,0
2023,10,1,2,30,0
2023,10,1,2,45,0
2023,10,1,3,0,0
2023,10,1,3,15,0
2023,10,1,3,30,0
2023,10,1,3,45,0
2023,10,1,4,0,0
2023,10,1,4,15,0
2023,10,1,4,30,0
2023,10,1,4,45,0
2023,10,1,5,0,0
2023,10,1,5,15,0
2023,10,1,5,30,0
2023,10,1,5,45,0
2023,10,1,6,0,0
2023,10,1,6,15,0
2023,10,1,6,30,0
2023,10,1,6,45,0
2023,10,1,7,0,0
2023,10,1,7,15,0
2023,10,1,7,30,0
2023,10,1,7,45,0
2023,10,1,8,0,0
2023,10,1,8,15,0
2023,10,1,8,30,0
2023,10,1,8,45,0
2023,10,1,9,0,0
2023,10,1,9,15,0
2023,10,1,9,30,0
2023,10,1,9,45,0
2023,10,1,10,0,0
2023,10,1,10,15,0
2023,10,1,10,30,0
2023,10,1,10,45,0
2023,10,1,11,0,0
2023,10,1,11,15,0
2023,10,1,11,30,0
2023,10,1,11,45,0
2023,10,1,12,0,0
2023,10,1,12,15,0
2023,10,1,12,30,0
2023,10,1,12,45,0
2023,10,1,13,0,0
2023,10,1,13,15,0
2023,10,1,13,30,0
2023,10,1,13,45,15
2023,10,1,14,0,46
2023,10,1,14,15,88
2023,10,1,14,30,136
2023,10,1,14,45,187
2023,10,1,15,0,239
2023,10,1,15,15,292
2023,10,1,15,30,344
2023,10,1,15,45,397
2023,10,1,16,0,446
2023,10,1,16,15,494
2023,10,1,16,30,540
2023,10,1,16,45,584
2023,10,1,17,0,624
2023,10,1,17,15,661
2023,10,1,17,30,694
2023,10,1,17,45,727
2023,10,1,18,0,753
2023,10,1,18,15,773
2023,10,1,18,30,792
2023,10,1,18,45,806
2023,10,1,19,0,817
2023,10,1,19,15,821
2023,10,1,19,30,823
2023,10,1,19,45,820
2023,10,1,20,0,814
2023,10,1,20,15,800
2023,10,1,20,30,786
2023,10,1,20,45,766
2023,10,1,21,0,743
2023,10,1,21,15,716
2023,10,1,21,30,686
2023,10,1,21,45,454
2023,10,1,22,0,615
2023,10,1,22,15,354
2023,10,1,22,30,531
2023,10,1,22,45,485
2023,10,1,23,0,438
2023,10,1,23,15,15
2023,10,1,23,30,160
2023,10,1,23,45,77
2023,10,2,0,0,112
2023,10,2,0,15,123
2023,10,2,0,30,48
2023,10,2,0,45,83
2023,10,2,1,0,27
2023,10,2,1,15,7
2023,10,2,1,30,0
2023,10,2,1,45,0
2023,10,2,2,0,0
2023,10,2,2,15,0
2023,10,2,2,30,0
2023,10,2,2,45,0
2023,10,2,3,0,0
2023,10,2,3,15,0
2023,10,2,3,30,0
2023,10,2,3,45,0
2023,10,2,4,0,0
2023,10,2,4,15,0
2023,10,2,4,30,0
2023,10,2,4,45,0
2023,10,2,5,0,0
2023,10,2,5,15,0
2023,10,2,5,30,0
2023,10,2,5,45,0
2023,10,2,6,0,0
2023,10,2,6,15,0
2023,10,2,6,30,0
2023,10,2,6,45,0
2023,10,2,7,0,0
2023,10,2,7,15,0
2023,10,2,7,30,0
2023,10,2,7,45,0
2023,10,2,8,0,0
2023,10,2,8,15,0
2023,10,2,8,30,0
2023,10,2,8,45,0
2023,10,2,9,0,0
2023,10,2,9,15,0
2023,10,2,9,30,0
2023,10,2,9,45,0
2023,10,2,10,0,0
2023,10,2,10,15,0
2023,10,2,10,30,0
2023,10,2,10,45,0
2023,10,2,11,0,0
2023,10,2,11,15,0
2023,10,2,11,30,0
2023,10,2,11,45,0
2023,10,2,12,0,0
2023,10,2,12,15,0
2023,10,2,12,30,0
2023,10,2,12,45,0
2023,10,2,13,0,0
2023,10,2,13,15,0
2023,10,2,13,30,0
2023,10,2,13,45,14
2023,10,2,14,0,44
2023,10,2,14,15,85
2023,10,2,14,30,132
2023,10,2,14,45,183
2023,10,2,15,0,234
2023,10,2,15,15,238
2023,10,2,15,30,285
2023,10,2,15,45,389
2023,10,2,16,0,439
2023,10,2,16,15,487
2023,10,2,16,30,532
2023,10,2,16,45,485
2023,10,2,17,0,476
2023,10,2,17,15,622
2023,10,2,17,30,648
2023,10,2,17,45,675
2023,10,2,18,0,688
2023,10,2,18,15,762
2023,10,2,18,30,778
2023,10,2,18,45,692
2023,10,2,19,0,803
2023,10,2,19,15,809
2023,10,2,19,30,811
2023,10,2,19,45,809
2023,10,2,20,0,802
2023,10,2,20,15,792
2023,10,2,20,30,777
2023,10,2,20,45,753
2023,10,2,21,0,730
2023,10,2,21,15,703
2023,10,2,21,30,673
2023,10,2,21,45,639
2023,10,2,22,0,602
2023,10,2,22,15,562
2023,10,2,22,30,519
2023,10,2,22,45,345
2023,10,2,23,0,426
2023,10,2,23,15,377
2023,10,2,23,30,326
2023,10,2,23,45,275
2023,10,3,0,0,223
2023,10,3,0,15,172
2023,10,3,0,30,50
2023,10,3,0,45,64
2023,10,3,1,0,27
2023,10,3,1,15,0
2023,10,3,1,30,0
2023,10,3,1,45,0
2023,10,3,2,0,0
2023,10,3,2,15,0
2023,10,3,2,30,0
2023,10,3,2,45,0
2023,10,3,3,0,0
2023,10,3,3,15,0
2023,10,3,3,30,0
2023,10,3,3,45,0
2023,10,3,4,0,0
2023,10,3,4,15,0
2023,10,3,4,30,0
2023,10,3,4,45,0
2023,10,3,5,0,0
2023,10,3,5,15,0
2023,10,3,5,30,0
2023,10,3,5,45,0
2023,10,3,6,0,0
2023,10,3,6,15,0
2023,10,3,6,30,0
2023,10,3,6,45,0
2023,10,3,7,0,0
2023,10,3,7,15,0
2023,10,3,7,30,0
2023,10,3,7,45,0
2023,10,3,8,0,0
2023,10,3,8,15,0
2023,10,3,8,30,0
2023,10,3,8,45,0
2023,10,3,9,0,0
2023,10,3,9,15,0
2023,10,3,9,30,0
2023,10,3,9,45,0
2023,10,3,10,0,0
2023,10,3,10,15,0
2023,10,3,10,30,0
2023,10,3,10,45,0
2023,10,3,11,0,0
2023,10,3,11,15,0
2023,10,3,11,30,0
2023,10,3,11,45,0
2023,10,3,12,0,0
2023,10,3,12,15,0
2023,10,3,12,30,0
2023,10,3,12,45,0
2023,10,3,13,0,0
2023,10,3,13,15,0
2023,10,3,13,30,0
2023,10,3,13,45,15
2023,10,3,14,0,47
2023,10,3,14,15,90
2023,10,3,14,30,138
2023,10,3,14,45,190
2023,10,3,15,0,242
2023,10,3,15,15,293
2023,10,3,15,30,345
2023,10,3,15,45,396
2023,10,3,16,0,445
2023,10,3,16,15,492
2023,10,3,16,30,537
2023,10,3,16,45,580
2023,10,3,17,0,617
2023,10,3,17,15,653
2023,10,3,17,30,687
2023,10,3,17,45,713
2023,10,3,18,0,740
2023,10,3,18,15,761
2023,10,3,18,30,780
2023,10,3,18,45,794
2023,10,3,19,0,804
2023,10,3,19,15,809
2023,10,3,19,30,811
2023,10,3,19,45,808
2023,10,3,20,0,804
2023,10,3,20,15,793
2023,10,3,20,30,778
2023,10,3,20,45,759
2023,10,3,21,0,736
2023,10,3,21,15,710
2023,10,3,21,30,681
2023,10,3,21,45,647
2023,10,3,22,0,610
2023,10,3,22,15,570
2023,10,3,22,30,527
2023,10,3,22,45,481
2023,10,3,23,0,432
2023,10,3,23,15,383
2023,10,3,23,30,333
2023,10,3,23,45,281
2023,10,4,0,0,228
2023,10,4,0,15,176
2023,10,4,0,30,126
2023,10,4,0,45,78
2023,10,4,1,0,38
2023,10,4,1,15,0
2023,10,4,1,30,0
2023,10,4,1,45,0
2023,10,4,2,0,0
2023,10,4,2,15,0
2023,10,4,2,30,0
2023,10,4,2,45,0
2023,10,4,3,0,0
2023,10,4,3,15,0
2023,10,4,3,30,0
2023,10,4,3,45,0
2023,10,4,4,0,0
2023,10,4,4,15,0
2023,10,4,4,30,0
2023,10,4,4,45,0
2023,10,4,5,0,0
2023,10,4,5,15,0
2023,10,4,5,30,0
2023,10,4,5,45,0
2023,10,4,6,0,0
2023,10,4,6,15,0
2023,10,4,6,30,0
2023,10,4,6,45,0
2023,10,4,7,0,0
2023,10,4,7,15,0
2023,10,4,7,30,0
2023,10,4,7,45,0
2023,10,4,8,0,0
2023,10,4,8,15,0
2023,10,4,8,30,0
2023,10,4,8,45,0
2023,10,4,9,0,0
2023,10,4,9,15,0
2023,10,4,9,30,0
2023,10,4,9,45,0
2023,10,4,10,0,0
2023,10,4,10,15,0
2023,10,4,10,30,0
2023,10,4,10,45,0
2023,10,4,11,0,0
2023,10,4,11,15,0
2023,10,4,11,30,0
2023,10,4,11,45,0
2023,10,4,12,0,0
2023,10,4,12,15,0
2023,10,4,12,30,0
2023,10,4,12,45,0
2023,10,4,13,0,0
2023,10,4,13,15,0
2023,10,4,13,30,0
2023,10,4,13,45,14
2023,10,4,14,0,46
2023,10,4,14,15,89
2023,10,4,14,30,138
2023,10,4,14,45,190
2023,10,4,15,0,243
2023,10,4,15,15,295
2023,10,4,15,30,348
2023,10,4,15,45,399
2023,10,4,16,0,448
2023,10,4,16,15,496
2023,10,4,16,30,541
2023,10,4,16,45,584
2023,10,4,17,0,624
2023,10,4,17,15,660
2023,10,4,17,30,693
2023,10,4,17,45,723
2023,10,4,18,0,749
2023,10,4,18,15,772
2023,10,4,18,30,790
2023,10,4,18,45,804
2023,10,4,19,0,814
2023,10,4,19,15,820
2023,10,4,19,30,821
2023,10,4,19,45,819
2023,10,4,20,0,812
2023,10,4,20,15,801
2023,10,4,20,30,786
2023,10,4,20,45,765
2023,10,4,21,0,742
2023,10,4,21,15,718
2023,10,4,21,30,687
2023,10,4,21,45,654
2023,10,4,22,0,616
2023,10,4,22,15,576
2023,10,4,22,30,532
2023,10,4,22,45,487
2023,10,4,23,0,439
2023,10,4,23,15,388
2023,10,4,23,30,337
2023,10,4,23,45,284
2023,10,5,0,0,231
2023,10,5,0,15,178
2023,10,5,0,30,127
2023,10,5,0,45,79
2023,10,5,1,0,37
2023,10,5,1,15,0
2023,10,5,1,30,0
2023,10,5,1,45,0
2023,10,5,2,0,0
2023,10,5,2,15,0
2023,10,5,2,30,0
2023,10,5,2,45,0
2023,10,5,3,0,0
2023,10,5,3,15,0
2023,10,5,3,30,0
2023,10,5,3,45,0
2023,10,5,4,0,0
2023,10,5,4,15,0
2023,10,5,4,30,0
2023,10,5,4,45,0
2023,10,5,5,0,0
2023,10,5,5,15,0
2023,10,5,5,30,0
2023,10,5,5,45,0
2023,10,5,6,0,0
2023,10,5,6,15,0
2023,10,5,6,30,0
2023,10,5,6,45,0
2023,10,5,7,0,0
2023,10,5,7,15,0
2023,10,5,7,30,0
2023,10,5,7,45,0
2023,10,5,8,0,0
2023,10,5,8,15,0
2023,10,5,8,30,0
2023,10,5,8,45,0
2023,10,5,9,0,0
2023,10,5,9,15,0
2023,10,5,9,30,0
2023,10,5,9,45,0
2023,10,5,10,0,0
2023,10,5,10,15,0
2023,10,5,10,30,0
2023,10,5,10,45,0
2023,10,5,11,0,0
2023,10,5,11,15,0
2023,10,5,11,30,0
2023,10,5,11,45,0
2023,10,5,12,0,0
2023,10,5,12,15,0
2023,10,5,12,30,0
2023,10,5,12,45,0
2023,10,5,13,0,0
2023,10,5,13,15,0
2023,10,5,13,30,0
2023,10,5,13,45,0
2023,10,5,14,0,45
2023,10,5,14,15,88
2023,10,5,14,30,137
2023,10,5,14,45,188
2023,10,5,15,0,241
2023,10,5,15,15,293
2023,10,5,15,30,345
2023,10,5,15,45,395
2023,10,5,16,0,444
2023,10,5,16,15,491
2023,10,5,16,30,536
2023,10,5,16,45,578
2023,10,5,17,0,618
2023,10,5,17,15,654
2023,10,5,17,30,687
2023,10,5,17,45,716
2023,10,5,18,0,742
2023,10,5,18,15,764
2023,10,5,18,30,782
2023,10,5,18,45,796
2023,10,5,19,0,806
2023,10,5,19,15,812
2023,10,5,19,30,813
2023,10,5,19,45,811
2023,10,5,20,0,804
2023,10,5,20,15,793
2023,10,5,20,30,780
2023,10,5,20,45,760
2023,10,5,21,0,737
2023,10,5,21,15,710
2023,10,5,21,30,679
2023,10,5,21,45,646
2023,10,5,22,0,608
2023,10,5,22,15,568
2023,10,5,22,30,524
2023,10,5,22,45,481
2023,10,5,23,0,433
2023,10,5,23,15,382
2023,10,5,23,30,331
2023,10,5,23,45,279
2023,10,6,0,0,226
2023,10,6,0,15,173
2023,10,6,0,30,122
2023,10,6,0,45,74
2023,10,6,1,0,34
2023,10,6,1,15,0
2023,10,6,1,30,0
2023,10,6,1,45,0
2023,10,6,2,0,0
2023,10,6,2,15,0
2023,10,6,2,30,0
2023,10,6,2,45,0
2023,10,6,3,0,0
2023,10,6,3,15,0
2023,10,6,3,30,0
2023,10,6,3,45,0
2023,10,6,4,0,0
2023,10,6,4,15,0
2023,10,6,4,30,0
2023,10,6,4,45,0
2023,10,6,5,0,0
2023,10,6,5,15,0
2023,10,6,5,30,0
2023,10,6,5,45,0
2023,10,6,6,0,0
2023,10,6,6,15,0
2023,10,6,6,30,0
2023,10,6,6,45,0
2023,10,6,7,0,0
2023,10,6,7,15,0
2023,10,6,7,30,0
2023,10,6,7,45,0
2023,10,6,8,0,0
2023,10,6,8,15,0
2023,10,6,8,30,0
2023,10,6,8,45,0
2023,10,6,9,0,0
2023,10,6,9,15,0
2023,10,6,9,30,0
2023,10,6,9,45,0
2023,10,6,10,0,0
2023,10,6,10,15,0
2023,10,6,10,30,0
2023,10,6,10,45,0
2023,10,6,11,0,0
2023,10,6,11,15,0
2023,10,6,11,30,0
2023,10,6,11,45,0
2023,10,6,12,0,0
2023,10,6,12,15,0
2023,10,6,12,30,0
2023,10,6,12,45,0
2023,10,6,13,0,0
2023,10,6,13,15,0
2023,10,6,13,30,0
2023,10,6,13,45,0
2023,10,6,14,0,42
2023,10,6,14,15,85
2023,10,6,14,30,134
2023,10,6,14,45,185
2023,10,6,15,0,238
2023,10,6,15,15,291
2023,10,6,15,30,343
2023,10,6,15,45,394
2023,10,6,16,0,443
2023,10,6,16,15,491
2023,10,6,16,30,536
2023,10,6,16,45,580
2023,10,6,17,0,620
2023,10,6,17,15,657
2023,10,6,17,30,690
2023,10,6,17,45,719
2023,10,6,18,0,745
2023,10,6,18,15,767
2023,10,6,18,30,785
2023,10,6,18,45,799
2023,10,6,19,0,809
2023,10,6,19,15,815
2023,10,6,19,30,816
2023,10,6,19,45,814
2023,10,6,20,0,807
2023,10,6,20,15,796
2023,10,6,20,30,780
2023,10,6,20,45,759
2023,10,6,21,0,736
2023,10,6,21,15,708
2023,10,6,21,30,677
2023,10,6,21,45,643
2023,10,6,22,0,606
2023,10,6,22,15,565
2023,10,6,22,30,521
2023,10,6,22,45,476
2023,10,6,23,0,428
2023,10,6,23,15,377
2023,10,6,23,30,326
2023,10,6,23,45,273
2023,10,7,0,0,220
2023,10,7,0,15,167
2023,10,7,0,30,117
2023,10,7,0,45,70
2023,10,7,1,0,30
2023,10,7,1,15,0
2023,10,7,1,30,0
2023,10,7,1,45,0
2023,10,7,2,0,0
2023,10,7,2,15,0
2023,10,7,2,30,0
2023,10,7,2,45,0
2023,10,7,3,0,0
2023,10,7,3,15,0
2023,10,7,3,30,0
2023,10,7,3,45,0
2023,10,7,4,0,0
2023,10,7,4,15,0
2023,10,7,4,30,0
2023,10,7,4,45,0
2023,10,7,5,0,0
2023,10,7,5,15,0
2023,10,7,5,30,0
2023,10,7,5,45,0
2023,10,7,6,0,0
2023,10,7,6,15,0
2023,10,7,6,30,0
2023,10,7,6,45,0
2023,10,7,7,0,0
2023,10,7,7,15,0
2023,10,7,7,30,0
2023,10,7,7,45,0
2023,10,7,8,0,0
2023,10,7,8,15,0
2023,10,7,8,30,0
2023,10,7,8,45,0
2023,10,7,9,0,0
2023,10,7,9,15,0
2023,10,7,9,30,0
2023,10,7,9,45,0
2023,10,7,10,0,0
2023,10,7,10,15,0
2023,10,7,10,30,0
2023,10,7,10,45,0
2023,10,7,11,0,0
2023,10,7,11,15,0
2023,10,7,11,30,0
2023,10,7,11,45,0
2023,10,7,12,0,0
2023,10,7,12,15,0
2023,10,7,12,30,0
2023,10,7,12,45,0
2023,10,7,13,0,0
2023,10,7,13,15,0
2023,10,7,13,30,0
2023,10,7,13,45,0
2023,10,7,14,0,38
2023,10,7,14,15,79
2023,10,7,14,30,126
2023,10,7,14,45,176
2023,10,7,15,0,228
2023,10,7,15,15,280
2023,10,7,15,30,332
2023,10,7,15,45,382
2023,10,7,16,0,431
2023,10,7,16,15,478
2023,10,7,16,30,523
2023,10,7,16,45,565
2023,10,7,17,0,605
2023,10,7,17,15,641
2023,10,7,17,30,674
2023,10,7,17,45,707
2023,10,7,18,0,733
2023,10,7,18,15,755
2023,10,7,18,30,773
2023,10,7,18,45,787
2023,10,7,19,0,797
2023,10,7,19,15,802
2023,10,7,19,30,804
2023,10,7,19,45,801
2023,10,7,20,0,794
2023,10,7,20,15,783
2023,10,7,20,30,767
2023,10,7,20,45,747
2023,10,7,21,0,724
2023,10,7,21,15,697
2023,10,7,21,30,666
2023,10,7,21,45,633
2023,10,7,22,0,595
2023,10,7,22,15,557
2023,10,7,22,30,513
2023,10,7,22,45,467
2023,10,7,23,0,419
2023,10,7,23,15,369
2023,10,7,23,30,317
2023,10,7,23,45,265
2023,10,8,0,0,213
2023,10,8,0,15,161
2023,10,8,0,30,111
2023,10,8,0,45,64
2023,10,8,1,0,26
2023,10,8,1,15,0
2023,10,8,1,30,0
2023,10,8,1,45,0
2023,10,8,2,0,0
2023,10,8,2,15,0
2023,10,8,2,30,0
2023,10,8,2,45,0
2023,10,8,3,0,0
2023,10,8,3,15,0
2023,10,8,3,30,0
2023,10,8,3,45,0
2023,10,8,4,0,0
2023,10,8,4,15,0
2023,10,8,4,30,0
2023,10,8,4,45,0
2023,10,8,5,0,0
2023,10,8,5,15,0
2023,10,8,5,30,0
2023,10,8,5,45,0
2023,10,8,6,0,0
2023,10,8,6,15,0
2023,10,8,6,30,0
2023,10,8,6,45,0
2023,10,8,7,0,0
2023,10,8,7,15,0
2023,10,8,7,30,0
2023,10,8,7,45,0
2023,10,8,8,0,0
2023,10,8,8,15,0
2023,10,8,8,30,0
2023,10,8,8,45,0
2023,10,8,9,0,0
2023,10,8,9,15,0
2023,10,8,9,30,0
2023,10,8,9,45,0
2023,10,8,10,0,0
2023,10,8,10,15,0
2023,10,8,10,30,0
2023,10,8,10,45,0
2023,10,8,11,0,0
2023,10,8,11,15,0
2023,10,8,11,30,0
2023,10,8,11,45,0
2023,10,8,12,0,0
2023,10,8,12,15,0
2023,10,8,12,30,0
2023,10,8,12,45,0
2023,10,8,13,0,0
2023,10,8,13,15,0
2023,10,8,13,30,0
2023,10,8,13,45,0
2023,10,8,14,0,34
2023,10,8,14,15,73
2023,10,8,14,30,119
2023,10,8,14,45,169
2023,10,8,15,0,219
2023,10,8,15,15,271
2023,10,8,15,30,322
2023,10,8,15,45,372
2023,10,8,16,0,421
2023,10,8,16,15,467
2023,10,8,16,30,511
2023,10,8,16,45,554
2023,10,8,17,0,593
2023,10,8,17,15,630
2023,10,8,17,30,663
2023,10,8,17,45,694
2023,10,8,18,0,719
2023,10,8,18,15,741
2023,10,8,18,30,759
2023,10,8,18,45,773
2023,10,8,19,0,785
2023,10,8,19,15,791
2023,10,8,19,30,792
2023,10,8,19,45,789
2023,10,8,20,0,782
2023,10,8,20,15,774
2023,10,8,20,30,758
2023,10,8,20,45,736
2023,10,8,21,0,712
2023,10,8,21,15,685
2023,10,8,21,30,655
2023,10,8,21,45,623
2023,10,8,22,0,585
2023,10,8,22,15,545
2023,10,8,22,30,501
2023,10,8,22,45,456
2023,10,8,23,0,408
2023,10,8,23,15,358
2023,10,8,23,30,308
2023,10,8,23,45,256
2023,10,9,0,0,204
2023,10,9,0,15,153
2023,10,9,0,30,103
2023,10,9,0,45,58
2023,10,9,1,0,23
2023,10,9,1,15,0
2023,10,9,1,30,0
2023,10,9,1,45,0
2023,10,9,2,0,0
2023,10,9,2,15,0
2023,10,9,2,30,0
2023,10,9,2,45,0
2023,10,9,3,0,0
2023,10,9,3,15,0
2023,10,9,3,30,0
2023,10,9,3,45,0
2023,10,9,4,0,0
2023,10,9,4,15,0
2023,10,9,4,30,0
2023,10,9,4,45,0
2023,10,9,5,0,0
2023,10,9,5,15,0
2023,10,9,5,30,0
2023,10,9,5,45,0
2023,10,9,6,0,0
2023,10,9,6,15,0
2023,10,9,6,30,0
2023,10,9,6,45,0
2023,10,9,7,0,0
2023,10,9,7,15,0
2023,10,9,7,30,0
2023,10,9,7,45,0
2023,10,9,8,0,0
2023,10,9,8,15,0
2023,10,9,8,30,0
2023,10,9,8,45,0
2023,10,9,9,0,0
2023,10,9,9,15,0
2023,10,9,9,30,0
2023,10,9,9,45,0
2023,10,9,10,0,0
2023,10,9,10,15,0
2023,10,9,10,30,0
2023,10,9,10,45,0
2023,10,9,11,0,0
2023,10,9,11,15,0
2023,10,9,11,30,0
2023,10,9,11,45,0
2023,10,9,12,0,0
2023,10,9,12,15,0
2023,10,9,12,30,0
2023,10,9,12,45,0
2023,10,9,13,0,0
2023,10,9,13,15,0
2023,10,9,13,30,0
2023,10,9,13,45,0
2023,10,9,14,0,33
2023,10,9,14,15,72
2023,10,9,14,30,119
2023,10,9,14,45,168
2023,10,9,15,0,220
2023,10,9,15,15,272
2023,10,9,15,30,323
2023,10,9,15,45,374
2023,10,9,16,0,422
2023,10,9,16,15,471
2023,10,9,16,30,516
2023,10,9,16,45,558
2023,10,9,17,0,597
2023,10,9,17,15,634
2023,10,9,17,30,667
2023,10,9,17,45,700
2023,10,9,18,0,725
2023,10,9,18,15,747
2023,10,9,18,30,765
2023,10,9,18,45,778
2023,10,9,19,0,788
2023,10,9,19,15,796
2023,10,9,19,30,797
2023,10,9,19,45,795
2023,10,9,20,0,787
2023,10,9,20,15,776
2023,10,9,20,30,760
2023,10,9,20,45,737
2023,10,9,21,0,713
2023,10,9,21,15,649
2023,10,9,21,30,549
2023,10,9,21,45,427
2023,10,9,22,0,581
2023,10,9,22,15,540
2023,10,9,22,30,399
2023,10,9,22,45,411
2023,10,9,23,0,351
2023,10,9,23,15,335
2023,10,9,23,30,262
2023,10,9,23,45,171
2023,10,10,0,0,88
2023,10,10,0,15,128
2023,10,10,0,30,71
2023,10,10,0,45,41
2023,10,10,1,0,12
2023,10,10,1,15,0
2023,10,10,1,30,0
2023,10,10,1,45,0
2023,10,10,2,0,0
2023,10,10,2,15,0
2023,10,10,2,30,0
2023,10,10,2,45,0
2023,10,10,3,0,0
2023,10,10,3,15,0
2023,10,10,3,30,0
2023,10,10,3,45,0
2023,10,10,4,0,0
2023,10,10,4,15,0
2023,10,10,4,30,0
2023,10,10,4,45,0
2023,10,10,5,0,0
2023,10,10,5,15,0
2023,10,10,5,30,0
2023,10,10,5,45,0
2023,10,10,6,0,0
2023,10,10,6,15,0
2023,10,10,6,30,0
2023,10,10,6,45,0
2023,10,10,7,0,0
2023,10,10,7,15,0
2023,10,10,7,30,0
2023,10,10,7,45,0
2023,10,10,8,0,0
2023,10,10,8,15,0
2023,10,10,8,30,0
2023,10,10,8,45,0
2023,10,10,9,0,0
2023,10,10,9,15,0
2023,10,10,9,30,0
2023,10,10,9,45,0
2023,10,10,10,0,0
2023,10,10,10,15,0
2023,10,10,10,30,0
2023,10,10,10,45,0
2023,10,10,11,0,0
2023,10,10,11,15,0
2023,10,10,11,30,0
2023,10,10,11,45,0
2023,10,10,12,0,0
2023,10,10,12,15,0
2023,10,10,12,30,0
2023,10,10,12,45,0
2023,10,10,13,0,0
2023,10,10,13,15,0
2023,10,10,13,30,0
2023,10,10,13,45,0
2023,10,10,14,0,34
2023,10,10,14,15,74
2023,10,10,14,30,122
2023,10,10,14,45,172
2023,10,10,15,0,224
2023,10,10,15,15,277
2023,10,10,15,30,329
2023,10,10,15,45,379
2023,10,10,16,0,428
2023,10,10,16,15,474
2023,10,10,16,30,518
2023,10,10,16,45,560
2023,10,10,17,0,599
2023,10,10,17,15,636
2023,10,10,17,30,668
2023,10,10,17,45,697
2023,10,10,18,0,722
2023,10,10,18,15,744
2023,10,10,18,30,762
2023,10,10,18,45,773
2023,10,10,19,0,783
2023,10,10,19,15,788
2023,10,10,19,30,789
2023,10,10,19,45,786
2023,10,10,20,0,778
2023,10,10,20,15,765
2023,10,10,20,30,749
2023,10,10,20,45,730
2023,10,10,21,0,706
2023,10,10,21,15,679
2023,10,10,21,30,646
2023,10,10,21,45,612
2023,10,10,22,0,575
2023,10,10,22,15,534
2023,10,10,22,30,491
2023,10,10,22,45,445
2023,10,10,23,0,398
2023,10,10,23,15,348
2023,10,10,23,30,298
2023,10,10,23,45,246
2023,10,11,0,0,194
2023,10,11,0,15,143
2023,10,11,0,30,95
2023,10,11,0,45,51
2023,10,11,1,0,18
2023,10,11,1,15,0
2023,10,11,1,30,0
2023,10,11,1,45,0
2023,10,11,2,0,0
2023,10,11,2,15,0
2023,10,11,2,30,0
2023,10,11,2,45,0
2023,10,11,3,0,0
2023,10,11,3,15,0
2023,10,11,3,30,0
2023,10,11,3,45,0
2023,10,11,4,0,0
2023,10,11,4,15,0
2023,10,11,4,30,0
2023,10,11,4,45,0
2023,10,11,5,0,0
2023,10,11,5,15,0
2023,10,11,5,30,0
2023,10,11,5,45,0
2023,10,11,6,0,0
2023,10,11,6,15,0
2023,10,11,6,30,0
2023,10,11,6,45,0
2023,10,11,7,0,0
2023,10,11,7,15,0
2023,10,11,7,30,0
2023,10,11,7,45,0
2023,10,11,8,0,0
2023,10,11,8,15,0
2023,10,11,8,30,0
2023,10,11,8,45,0
2023,10,11,9,0,0
2023,10,11,9,15,0
2023,10,11,9,30,0
2023,10,11,9,45,0
2023,10,11,10,0,0
2023,10,11,10,15,0
2023,10,11,10,30,0
2023,10,11,10,45,0
2023,10,11,11,0,0
2023,10,11,11,15,0
2023,10,11,11,30,0
2023,10,11,11,45,0
2023,10,11,12,0,0
2023,10,11,12,15,0
2023,10,11,12,30,0
2023,10,11,12,45,0
2023,10,11,13,0,0
2023,10,11,13,15,0
2023,10,11,13,30,0
2023,10,11,13,45,0
2023,10,11,14,0,31
2023,10,11,14,15,71
2023,10,11,14,30,118
2023,10,11,14,45,169
2023,10,11,15,0,221
2023,10,11,15,15,272
2023,10,11,15,30,324
2023,10,11,15,45,374
2023,10,11,16,0,424
2023,10,11,16,15,471
2023,10,11,16,30,516
2023,10,11,16,45,558
2023,10,11,17,0,597
2023,10,11,17,15,634
2023,10,11,17,30,666
2023,10,11,17,45,696
2023,10,11,18,0,722
2023,10,11,18,15,744
2023,10,11,18,30,764
2023,10,11,18,45,778
2023,10,11,19,0,787
2023,10,11,19,15,793
2023,10,11,19,30,794
2023,10,11,19,45,791
2023,10,11,20,0,787
2023,10,11,20,15,775
2023,10,11,20,30,759
2023,10,11,20,45,737
2023,10,11,21,0,714
2023,10,11,21,15,689
2023,10,11,21,30,658
2023,10,11,21,45,623
2023,10,11,22,0,585
2023,10,11,22,15,544
2023,10,11,22,30,500
2023,10,11,22,45,456
2023,10,11,23,0,407
2023,10,11,23,15,356
2023,10,11,23,30,304
2023,10,11,23,45,251
2023,10,12,0,0,198
2023,10,12,0,15,146
2023,10,12,0,30,95
2023,10,12,0,45,51
2023,10,12,1,0,16
2023,10,12,1,15,0
2023,10,12,1,30,0
2023,10,12,1,45,0
2023,10,12,2,0,0
2023,10,12,2,15,0
2023,10,12,2,30,0
2023,10,12,2,45,0
2023,10,12,3,0,0
2023,10,12,3,15,0
2023,10,12,3,30,0
2023,10,12,3,45,0
2023,10,12,4,0,0
2023,10,12,4,15,0
2023,10,12,4,30,0
2023,10,12,4,45,0
2023,10,12,5,0,0
2023,10,12,5,15,0
2023,10,12,5,30,0
2023,10,12,5,45,0
2023,10,12,6,0,0
2023,10,12,6,15,0
2023,10,12,6,30,0
2023,10,12,6,45,0
2023,10,12,7,0,0
2023,10,12,7,15,0
2023,10,12,7,30,0
2023,10,12,7,45,0
2023,10,12,8,0,0
2023,10,12,8,15,0
2023,10,12,8,30,0
2023,10,12,8,45,0
2023,10,12,9,0,0
2023,10,12,9,15,0
2023,10,12,9,30,0
2023,10,12,9,45,0
2023,10,12,10,0,0
2023,10,12,10,15,0
2023,10,12,10,30,0
2023,10,12,10,45,0
2023,10,12,11,0,0
2023,10,12,11,15,0
2023,10,12,11,30,0
2023,10,12,11,45,0
2023,10,12,12,0,0
2023,10,12,12,15,0
2023,10,12,12,30,0
2023,10,12,12,45,0
2023,10,12,13,0,0
2023,10,12,13,15,0
2023,10,12,13,30,0
2023,10,12,13,45,0
2023,10,12,14,0,32
2023,10,12,14,15,72
2023,10,12,14,30,120
2023,10,12,14,45,171
2023,10,12,15,0,223
2023,10,12,15,15,276
2023,10,12,15,30,328
2023,10,12,15,45,379
2023,10,12,16,0,428
2023,10,12,16,15,475
2023,10,12,16,30,521
2023,10,12,16,45,563
2023,10,12,17,0,602
2023,10,12,17,15,639
2023,10,12,17,30,671
2023,10,12,17,45,702
2023,10,12,18,0,727
2023,10,12,18,15,749
2023,10,12,18,30,767
2023,10,12,18,45,781
2023,10,12,19,0,790
2023,10,12,19,15,795
2023,10,12,19,30,796
2023,10,12,19,45,793
2023,10,12,20,0,786
2023,10,12,20,15,774
2023,10,12,20,30,758
2023,10,12,20,45,738
2023,10,12,21,0,714
2023,10,12,21,15,686
2023,10,12,21,30,655
2023,10,12,21,45,620
2023,10,12,22,0,582
2023,10,12,22,15,541
2023,10,12,22,30,497
2023,10,12,22,45,450
2023,10,12,23,0,404
2023,10,12,23,15,353
2023,10,12,23,30,301
2023,10,12,23,45,248
2023,10,13,0,0,195
2023,10,13,0,15,143
2023,10,13,0,30,93
2023,10,13,0,45,48
2023,10,13,1,0,15
2023,10,13,1,15,0
2023,10,13,1,30,0
2023,10,13,1,45,0
2023,10,13,2,0,0
2023,10,13,2,15,0
2023,10,13,2,30,0
2023,10,13,2,45,0
2023,10,13,3,0,0
2023,10,13,3,15,0
2023,10,13,3,30,0
2023,10,13,3,45,0
2023,10,13,4,0,0
2023,10,13,4,15,0
2023,10,13,4,30,0
2023,10,13,4,45,0
2023,10,13,5,0,0
2023,10,13,5,15,0
2023,10,13,5,30,0
2023,10,13,5,45,0
2023,10,13,6,0,0
2023,10,13,6,15,0
2023,10,13,6,30,0
2023,10,13,6,45,0
2023,10,13,7,0,0
2023,10,13,7,15,0
2023,10,13,7,30,0
2023,10,13,7,45,0
2023,10,13,8,0,0
2023,10,13,8,15,0
2023,10,13,8,30,0
2023,10,13,8,45,0
2023,10,13,9,0,0
2023,10,13,9,15,0
2023,10,13,9,30,0
2023,10,13,9,45,0
2023,10,13,10,0,0
2023,10,13,10,15,0
2023,10,13,10,30,0
2023,10,13,10,45,0
2023,10,13,11,0,0
2023,10,13,11,15,0
2023,10,13,11,30,0
2023,10,13,11,45,0
2023,10,13,12,0,0
2023,10,13,12,15,0
2023,10,13,12,30,0
2023,10,13,12,45,0
2023,10,13,13,0,0
2023,10,13,13,15,0
2023,10,13,13,30,0
2023,10,13,13,45,0
2023,10,13,14,0,29
2023,10,13,14,15,68
2023,10,13,14,30,116
2023,10,13,14,45,166
2023,10,13,15,0,219
2023,10,13,15,15,271
2023,10,13,15,30,324
2023,10,13,15,45,375
2023,10,13,16,0,424
2023,10,13,16,15,472
2023,10,13,16,30,517
2023,10,13,16,45,559
2023,10,13,17,0,598
2023,10,13,17,15,596
2023,10,13,17,30,623
2023,10,13,17,45,694
2023,10,13,18,0,719
2023,10,13,18,15,741
2023,10,13,18,30,759
2023,10,13,18,45,575
2023,10,13,19,0,689
2023,10,13,19,15,787
2023,10,13,19,30,584
2023,10,13,19,45,581
2023,10,13,20,0,586
2023,10,13,20,15,590
2023,10,13,20,30,606
2023,10,13,20,45,582
2023,10,13,21,0,538
2023,10,13,21,15,518
2023,10,13,21,30,498
2023,10,13,21,45,477
2023,10,13,22,0,445
2023,10,13,22,15,429
2023,10,13,22,30,368
2023,10,13,22,45,333
2023,10,13,23,0,301
2023,10,13,23,15,208
2023,10,13,23,30,248
2023,10,13,23,45,184
2023,10,14,0,0,157
2023,10,14,0,15,58
2023,10,14,0,30,66
2023,10,14,0,45,28
2023,10,14,1,0,0
2023,10,14,1,15,0
2023,10,14,1,30,0
2023,10,14,1,45,0
2023,10,14,2,0,0
2023,10,14,2,15,0
2023,10,14,2,30,0
2023,10,14,2,45,0
2023,10,14,3,0,0
2023,10,14,3,15,0
2023,10,14,3,30,0
2023,10,14,3,45,0
2023,10,14,4,0,0
2023,10,14,4,15,0
2023,10,14,4,30,0
2023,10,14,4,45,0
2023,10,14,5,0,0
2023,10,14,5,15,0
2023,10,14,5,30,0
2023,10,14,5,45,0
2023,10,14,6,0,0
2023,10,14,6,15,0
2023,10,14,6,30,0
2023,10,14,6,45,0
2023,10,14,7,0,0
2023,10,14,7,15,0
2023,10,14,7,30,0
2023,10,14,7,45,0
2023,10,14,8,0,0
2023,10,14,8,15,0
2023,10,14,8,30,0
2023,10,14,8,45,0
2023,10,14,9,0,0
2023,10,14,9,15,0
2023,10,14,9,30,0
2023,10,14,9,45,0
2023,10,14,10,0,0
2023,10,14,10,15,0
2023,10,14,10,30,0
2023,10,14,10,45,0
2023,10,14,11,0,0
2023,10,14,11,15,0
2023,10,14,11,30,0
2023,10,14,11,45,0
2023,10,14,12,0,0
2023,10,14,12,15,0
2023,10,14,12,30,0
2023,10,14,12,45,0
2023,10,14,13,0,0
2023,10,14,13,15,0
2023,10,14,13,30,0
2023,10,14,13,45,0
2023,10,14,14,0,26
2023,10,14,14,15,65
2023,10,14,14,30,111
2023,10,14,14,45,161
2023,10,14,15,0,213
2023,10,14,15,15,265
2023,10,14,15,30,317
2023,10,14,15,45,367
2023,10,14,16,0,416
2023,10,14,16,15,464
2023,10,14,16,30,509
2023,10,14,16,45,551
2023,10,14,17,0,590
2023,10,14,17,15,626
2023,10,14,17,30,659
2023,10,14,17,45,688
2023,10,14,18,0,714
2023,10,14,18,15,735
2023,10,14,18,30,753
2023,10,14,18,45,766
2023,10,14,19,0,776
2023,10,14,19,15,781
2023,10,14,19,30,781
2023,10,14,19,45,778
2023,10,14,20,0,771
2023,10,14,20,15,759
2023,10,14,20,30,743
2023,10,14,20,45,721
2023,10,14,21,0,698
2023,10,14,21,15,670
2023,10,14,21,30,638
2023,10,14,21,45,604
2023,10,14,22,0,566
2023,10,14,22,15,525
2023,10,14,22,30,481
2023,10,14,22,45,435
2023,10,14,23,0,386
2023,10,14,23,15,336
2023,10,14,23,30,286
2023,10,14,23,45,234
2023,10,15,0,0,182
2023,10,15,0,15,130
2023,10,15,0,30,82
2023,10,15,0,45,40
2023,10,15,1,0,0
2023,10,15,1,15,0
2023,10,15,1,30,0
2023,10,15,1,45,0
2023,10,15,2,0,0
2023,10,15,2,15,0
2023,10,15,2,30,0
2023,10,15,2,45,0
2023,10,15,3,0,0
2023,10,15,3,15,0
2023,10,15,3,30,0
2023,10,15,3,45,0
2023,10,15,4,0,0
2023,10,15,4,15,0
2023,10,15,4,30,0
2023,10,15,4,45,0
2023,10,15,5,0,0
2023,10,15,5,15,0
2023,10,15,5,30,0
2023,10,15,5,45,0
2023,10,15,6,0,0
2023,10,15,6,15,0
2023,10,15,6,30,0
2023,10,15,6,45,0
2023,10,15,7,0,0
2023,10,15,7,15,0
2023,10,15,7,30,0
2023,10,15,7,45,0
2023,10,15,8,0,0
2023,10,15,8,15,0
2023,10,15,8,30,0
2023,10,15,8,45,0
2023,10,15,9,0,0
2023,10,15,9,15,0
2023,10,15,9,30,0
2023,10,15,9,45,0
2023,10,15,10,0,0
2023,10,15,10,15,0
2023,10,15,10,30,0
2023,10,15,10,45,0
2023,10,15,11,0,0
2023,10,15,11,15,0
2023,10,15,11,30,0
2023,10,15,11,45,0
2023,10,15,12,0,0
2023,10,15,12,15,0
2023,10,15,12,30,0
2023,10,15,12,45,0
2023,10,15,13,0,0
2023,10,15,13,15,0
2023,10,15,13,30,0
2023,10,15,13,45,0
2023,10,15,14,0,25
2023,10,15,14,15,62
2023,10,15,14,30,108
2023,10,15,14,45,158
2023,10,15,15,0,210
2023,10,15,15,15,262
2023,10,15,15,30,314
2023,10,15,15,45,364
2023,10,15,16,0,413
2023,10,15,16,15,460
2023,10,15,16,30,505
2023,10,15,16,45,547
2023,10,15,17,0,584
2023,10,15,17,15,620
2023,10,15,17,30,652
2023,10,15,17,45,680
2023,10,15,18,0,705
2023,10,15,18,15,727
2023,10,15,18,30,744
2023,10,15,18,45,758
2023,10,15,19,0,767
2023,10,15,19,15,772
2023,10,15,19,30,773
2023,10,15,19,45,770
2023,10,15,20,0,762
2023,10,15,20,15,750
2023,10,15,20,30,734
2023,10,15,20,45,714
2023,10,15,21,0,691
2023,10,15,21,15,663
2023,10,15,21,30,632
2023,10,15,21,45,597
2023,10,15,22,0,559
2023,10,15,22,15,518
2023,10,15,22,30,475
2023,10,15,22,45,429
2023,10,15,23,0,381
2023,10,15,23,15,331
2023,10,15,23,30,281
2023,10,15,23,45,229
2023,10,16,0,0,177
2023,10,16,0,15,126
2023,10,16,0,30,78
2023,10,16,0,45,37
2023,10,16,1,0,0
2023,10,16,1,15,0
2023,10,16,1,30,0
2023,10,16,1,45,0
2023,10,16,2,0,0
2023,10,16,2,15,0
2023,10,16,2,30,0
2023,10,16,2,45,0
2023,10,16,3,0,0
2023,10,16,3,15,0
2023,10,16,3,30,0
2023,10,16,3,45,0
2023,10,16,4,0,0
2023,10,16,4,15,0
2023,10,16,4,30,0
2023,10,16,4,45,0
2023,10,16,5,0,0
2023,10,16,5,15,0
2023,10,16,5,30,0
2023,10,16,5,45,0
2023,10,16,6,0,0
2023,10,16,6,15,0
2023,10,16,6,30,0
2023,10,16,6,45,0
2023,10,16,7,0,0
2023,10,16,7,15,0
2023,10,16,7,30,0
2023,10,16,7,45,0
2023,10,16,8,0,0
2023,10,16,8,15,0
2023,10,16,8,30,0
2023,10,16,8,45,0
2023,10,16,9,0,0
2023,10,16,9,15,0
2023,10,16,9,30,0
2023,10,16,9,45,0
2023,10,16,10,0,0
2023,10,16,10,15,0
2023,10,16,10,30,0
2023,10,16,10,45,0
2023,10,16,11,0,0
2023,10,16,11,15,0
2023,10,16,11,30,0
2023,10,16,11,45,0
2023,10,16,12,0,0
2023,10,16,12,15,0
2023,10,16,12,30,0
2023,10,16,12,45,0
2023,10,16,13,0,0
2023,10,16,13,15,0
2023,10,16,13,30,0
2023,10,16,13,45,0
2023,10,16,14,0,23
2023,10,16,14,15,60
2023,10,16,14,30,105
2023,10,16,14,45,154
2023,10,16,15,0,206
2023,10,16,15,15,257
2023,10,16,15,30,309
2023,10,16,15,45,359
2023,10,16,16,0,408
2023,10,16,16,15,455
2023,10,16,16,30,499
2023,10,16,16,45,541
2023,10,16,17,0,580
2023,10,16,17,15,615
2023,10,16,17,30,648
2023,10,16,17,45,677
2023,10,16,18,0,703
2023,10,16,18,15,724
2023,10,16,18,30,741
2023,10,16,18,45,755
2023,10,16,19,0,764
2023,10,16,19,15,769
2023,10,16,19,30,769
2023,10,16,19,45,766
2023,10,16,20,0,758
2023,10,16,20,15,747
2023,10,16,20,30,731
2023,10,16,20,45,709
2023,10,16,21,0,685
2023,10,16,21,15,657
2023,10,16,21,30,626
2023,10,16,21,45,592
2023,10,16,22,0,556
2023,10,16,22,15,515
2023,10,16,22,30,471
2023,10,16,22,45,425
2023,10,16,23,0,377
2023,10,16,23,15,326
2023,10,16,23,30,275
2023,10,16,23,45,223
2023,10,17,0,0,171
2023,10,17,0,15,121
2023,10,17,0,30,74
2023,10,17,0,45,34
2023,10,17,1,0,0
2023,10,17,1,15,0
2023,10,17,1,30,0
2023,10,17,1,45,0
2023,10,17,2,0,0
2023,10,17,2,15,0
2023,10,17,2,30,0
2023,10,17,2,45,0
2023,10,17,3,0,0
2023,10,17,3,15,0
2023,10,17,3,30,0
2023,10,17,3,45,0
2023,10,17,4,0,0
2023,10,17,4,15,0
2023,10,17,4,30,0
2023,10,17,4,45,0
2023,10,17,5,0,0
2023,10,17,5,15,0
2023,10,17,5,30,0
2023,10,17,5,45,0
2023,10,17,6,0,0
2023,10,17,6,15,0
2023,10,17,6,30,0
2023,10,17,6,45,0
2023,10,17,7,0,0
2023,10,17,7,15,0
2023,10,17,7,30,0
2023,10,17,7,45,0
2023,10,17,8,0,0
2023,10,17,8,15,0
2023,10,17,8,30,0
2023,10,17,8,45,0
2023,10,17,9,0,0
2023,10,17,9,15,0
2023,10,17,9,30,0
2023,10,17,9,45,0
2023,10,17,10,0,0
2023,10,17,10,15,0
2023,10,17,10,30,0
2023,10,17,10,45,0
2023,10,17,11,0,0
2023,10,17,11,15,0
2023,10,17,11,30,0
2023,10,17,11,45,0
2023,10,17,12,0,0
2023,10,17,12,15,0
2023,10,17,12,30,0
2023,10,17,12,45,0
2023,10,17,13,0,0
2023,10,17,13,15,0
2023,10,17,13,30,0
2023,10,17,13,45,0
2023,10,17,14,0,20
2023,10,17,14,15,56
2023,10,17,14,30,100
2023,10,17,14,45,84
2023,10,17,15,0,200
2023,10,17,15,15,252
2023,10,17,15,30,294
2023,10,17,15,45,349
2023,10,17,16,0,402
2023,10,17,16,15,448
2023,10,17,16,30,493
2023,10,17,16,45,535
2023,10,17,17,0,574
2023,10,17,17,15,609
2023,10,17,17,30,642
2023,10,17,17,45,670
2023,10,17,18,0,695
2023,10,17,18,15,717
2023,10,17,18,30,734
2023,10,17,18,45,747
2023,10,17,19,0,756
2023,10,17,19,15,761
2023,10,17,19,30,762
2023,10,17,19,45,759
2023,10,17,20,0,751
2023,10,17,20,15,739
2023,10,17,20,30,723
2023,10,17,20,45,702
2023,10,17,21,0,678
2023,10,17,21,15,651
2023,10,17,21,30,619
2023,10,17,21,45,585
2023,10,17,22,0,547
2023,10,17,22,15,506
2023,10,17,22,30,462
2023,10,17,22,45,418
2023,10,17,23,0,370
2023,10,17,23,15,320
2023,10,17,23,30,268
2023,10,17,23,45,217
2023,10,18,0,0,166
2023,10,18,0,15,116
2023,10,18,0,30,69
2023,10,18,0,45,30
2023,10,18,1,0,0
2023,10,18,1,15,0
2023,10,18,1,30,0
2023,10,18,1,45,0
2023,10,18,2,0,0
2023,10,18,2,15,0
2023,10,18,2,30,0
2023,10,18,2,45,0
2023,10,18,3,0,0
2023,10,18,3,15,0
2023,10,18,3,30,0
2023,10,18,3,45,0
2023,10,18,4,0,0
2023,10,18,4,15,0
2023,10,18,4,30,0
2023,10,18,4,45,0
2023,10,18,5,0,0
2023,10,18,5,15,0
2023,10,18,5,30,0
2023,10,18,5,45,0
2023,10,18,6,0,0
2023,10,18,6,15,0
2023,10,18,6,30,0
2023,10,18,6,45,0
2023,10,18,7,0,0
2023,10,18,7,15,0
2023,10,18,7,30,0
2023,10,18,7,45,0
2023,10,18,8,0,0
2023,10,18,8,15,0
2023,10,18,8,30,0
2023,10,18,8,45,0
2023,10,18,9,0,0
2023,10,18,9,15,0
2023,10,18,9,30,0
2023,10,18,9,45,0
2023,10,18,10,0,0
2023,10,18,10,15,0
2023,10,18,10,30,0
2023,10,18,10,45,0
2023,10,18,11,0,0
2023,10,18,11,15,0
2023,10,18,11,30,0
2023,10,18,11,45,0
2023,10,18,12,0,0
2023,10,18,12,15,0
2023,10,18,12,30,0
2023,10,18,12,45,0
2023,10,18,13,0,0
2023,10,18,13,15,0
2023,10,18,13,30,0
2023,10,18,13,45,0
2023,10,18,14,0,18
2023,10,18,14,15,53
2023,10,18,14,30,96
2023,10,18,14,45,145
2023,10,18,15,0,195
2023,10,18,15,15,245
2023,10,18,15,30,296
2023,10,18,15,45,345
2023,10,18,16,0,394
2023,10,18,16,15,440
2023,10,18,16,30,484
2023,10,18,16,45,526
2023,10,18,17,0,564
2023,10,18,17,15,600
2023,10,18,17,30,632
2023,10,18,17,45,662
2023,10,18,18,0,687
2023,10,18,18,15,708
2023,10,18,18,30,725
2023,10,18,18,45,739
2023,10,18,19,0,747
2023,10,18,19,15,752
2023,10,18,19,30,753
2023,10,18,19,45,750
2023,10,18,20,0,742
2023,10,18,20,15,730
2023,10,18,20,30,714
2023,10,18,20,45,692
2023,10,18,21,0,669
2023,10,18,21,15,641
2023,10,18,21,30,610
2023,10,18,21,45,576
2023,10,18,22,0,541
2023,10,18,22,15,500
2023,10,18,22,30,456
2023,10,18,22,45,411
2023,10,18,23,0,363
2023,10,18,23,15,313
2023,10,18,23,30,263
2023,10,18,23,45,212
2023,10,19,0,0,161
2023,10,19,0,15,111
2023,10,19,0,30,65
2023,10,19,0,45,27
2023,10,19,1,0,0
2023,10,19,1,15,0
2023,10,19,1,30,0
2023,10,19,1,45,0
2023,10,19,2,0,0
2023,10,19,2,15,0
2023,10,19,2,30,0
2023,10,19,2,45,0
2023,10,19,3,0,0
2023,10,19,3,15,0
2023,10,19,3,30,0
2023,10,19,3,45,0
2023,10,19,4,0,0
2023,10,19,4,15,0
2023,10,19,4,30,0
2023,10,19,4,45,0
2023,10,19,5,0,0
2023,10,19,5,15,0
2023,10,19,5,30,0
2023,10,19,5,45,0
2023,10,19,6,0,0
2023,10,19,6,15,0
2023,10,19,6,30,0
2023,10,19,6,45,0
2023,10,19,7,0,0
2023,10,19,7,15,0
2023,10,19,7,30,0
2023,10,19,7,45,0
2023,10,19,8,0,0
2023,10,19,8,15,0
2023,10,19,8,30,0
2023,10,19,8,45,0
2023,10,19,9,0,0
2023,10,19,9,15,0
2023,10,19,9,30,0
2023,10,19,9,45,0
2023,10,19,10,0,0
2023,10,19,10,15,0
2023,10,19,10,30,0
2023,10,19,10,45,0
2023,10,19,11,0,0
2023,10,19,11,15,0
2023,10,19,11,30,0
2023,10,19,11,45,0
2023,10,19,12,0,0
2023,10,19,12,15,0
2023,10,19,12,30,0
2023,10,19,12,45,0
2023,10,19,13,0,0
2023,10,19,13,15,0
2023,10,19,13,30,0
2023,10,19,13,45,0
2023,10,19,14,0,17
2023,10,19,14,15,51
2023,10,19,14,30,94
2023,10,19,14,45,142
2023,10,19,15,0,192
2023,10,19,15,15,243
2023,10,19,15,30,294
2023,10,19,15,45,345
2023,10,19,16,0,393
2023,10,19,16,15,438
2023,10,19,16,30,482
2023,10,19,16,45,523
2023,10,19,17,0,562
2023,10,19,17,15,597
2023,10,19,17,30,629
2023,10,19,17,45,657
2023,10,19,18,0,682
2023,10,19,18,15,703
2023,10,19,18,30,721
2023,10,19,18,45,733
2023,10,19,19,0,742
2023,10,19,19,15,747
2023,10,19,19,30,748
2023,10,19,19,45,744
2023,10,19,20,0,737
2023,10,19,20,15,725
2023,10,19,20,30,711
2023,10,19,20,45,688
2023,10,19,21,0,664
2023,10,19,21,15,636
2023,10,19,21,30,605
2023,10,19,21,45,571
2023,10,19,22,0,533
2023,10,19,22,15,492
2023,10,19,22,30,448
2023,10,19,22,45,403
2023,10,19,23,0,355
2023,10,19,23,15,305
2023,10,19,23,30,256
2023,10,19,23,45,205
2023,10,20,0,0,154
2023,10,20,0,15,105
2023,10,20,0,30,60
2023,10,20,0,45,24
2023,10,20,1,0,0
2023,10,20,1,15,0
2023,10,20,1,30,0
2023,10,20,1,45,0
2023,10,20,2,0,0
2023,10,20,2,15,0
2023,10,20,2,30,0
2023,10,20,2,45,0
2023,10,20,3,0,0
2023,10,20,3,15,0
2023,10,20,3,30,0
2023,10,20,3,45,0
2023,10,20,4,0,0
2023,10,20,4,15,0
2023,10,20,4,30,0
2023,10,20,4,45,0
2023,10,20,5,0,0
2023,10,20,5,15,0
2023,10,20,5,30,0
2023,10,20,5,45,0
2023,10,20,6,0,0
2023,10,20,6,15,0
2023,10,20,6,30,0
2023,10,20,6,45,0
2023,10,20,7,0,0
2023,10,20,7,15,0
2023,10,20,7,30,0
2023,10,20,7,45,0
2023,10,20,8,0,0
2023,10,20,8,15,0
2023,10,20,8,30,0
2023,10,20,8,45,0
2023,10,20,9,0,0
2023,10,20,9,15,0
2023,10,20,9,30,0
2023,10,20,9,45,0
2023,10,20,10,0,0
2023,10,20,10,15,0
2023,10,20,10,30,0
2023,10,20,10,45,0
2023,10,20,11,0,0
2023,10,20,11,15,0
2023,10,20,11,30,0
2023,10,20,11,45,0
2023,10,20,12,0,0
2023,10,20,12,15,0
2023,10,20,12,30,0
2023,10,20,12,45,0
2023,10,20,13,0,0
2023,10,20,13,15,0
2023,10,20,13,30,0
2023,10,20,13,45,0
2023,10,20,14,0,15
2023,10,20,14,15,47
2023,10,20,14,30,90
2023,10,20,14,45,138
2023,10,20,15,0,188
2023,10,20,15,15,239
2023,10,20,15,30,289
2023,10,20,15,45,339
2023,10,20,16,0,386
2023,10,20,16,15,432
2023,10,20,16,30,476
2023,10,20,16,45,518
2023,10,20,17,0,556
2023,10,20,17,15,592
2023,10,20,17,30,624
2023,10,20,17,45,654
2023,10,20,18,0,679
2023,10,20,18,15,700
2023,10,20,18,30,717
2023,10,20,18,45,730
2023,10,20,19,0,739
2023,10,20,19,15,743
2023,10,20,19,30,744
2023,10,20,19,45,740
2023,10,20,20,0,732
2023,10,20,20,15,717
2023,10,20,20,30,701
2023,10,20,20,45,684
2023,10,20,21,0,660
2023,10,20,21,15,633
2023,10,20,21,30,601
2023,10,20,21,45,566
2023,10,20,22,0,529
2023,10,20,22,15,488
2023,10,20,22,30,444
2023,10,20,22,45,398
2023,10,20,23,0,351
2023,10,20,23,15,301
2023,10,20,23,30,250
2023,10,20,23,45,199
2023,10,21,0,0,149
2023,10,21,0,15,101
2023,10,21,0,30,57
2023,10,21,0,45,21
2023,10,21,1,0,0
2023,10,21,1,15,0
2023,10,21,1,30,0
2023,10,21,1,45,0
2023,10,21,2,0,0
2023,10,21,2,15,0
2023,10,21,2,30,0
2023,10,21,2,45,0
2023,10,21,3,0,0
2023,10,21,3,15,0
2023,10,21,3,30,0
2023,10,21,3,45,0
2023,10,21,4,0,0
2023,10,21,4,15,0
2023,10,21,4,30,0
2023,10,21,4,45,0
2023,10,21,5,0,0
2023,10,21,5,15,0
2023,10,21,5,30,0
2023,10,21,5,45,0
2023,10,21,6,0,0
2023,10,21,6,15,0
2023,10,21,6,30,0
2023,10,21,6,45,0
2023,10,21,7,0,0
2023,10,21,7,15,0
2023,10,21,7,30,0
2023,10,21,7,45,0
2023,10,21,8,0,0
2023,10,21,8,15,0
2023,10,21,8,30,0
2023,10,21,8,45,0
2023,10,21,9,0,0
2023,10,21,9,15,0
2023,10,21,9,30,0
2023,10,21,9,45,0
2023,10,21,10,0,0
2023,10,21,10,15,0
2023,10,21,10,30,0
2023,10,21,10,45,0
2023,10,21,11,0,0
2023,10,21,11,15,0
2023,10,21,11,30,0
2023,10,21,11,45,0
2023,10,21,12,0,0
2023,10,21,12,15,0
2023,10,21,12,30,0
2023,10,21,12,45,0
2023,10,21,13,0,0
2023,10,21,13,15,0
2023,10,21,13,30,0
2023,10,21,13,45,0
2023,10,21,14,0,14
2023,10,21,14,15,45
2023,10,21,14,30,87
2023,10,21,14,45,134
2023,10,21,15,0,183
2023,10,21,15,15,233
2023,10,21,15,30,283
2023,10,21,15,45,332
2023,10,21,16,0,380
2023,10,21,16,15,425
2023,10,21,16,30,469
2023,10,21,16,45,510
2023,10,21,17,0,548
2023,10,21,17,15,583
2023,10,21,17,30,615
2023,10,21,17,45,646
2023,10,21,18,0,671
2023,10,21,18,15,692
2023,10,21,18,30,709
2023,10,21,18,45,722
2023,10,21,19,0,730
2023,10,21,19,15,735
2023,10,21,19,30,735
2023,10,21,19,45,732
2023,10,21,20,0,724
2023,10,21,20,15,712
2023,10,21,20,30,696
2023,10,21,20,45,674
2023,10,21,21,0,653
2023,10,21,21,15,625
2023,10,21,21,30,592
2023,10,21,21,45,558
2023,10,21,22,0,520
2023,10,21,22,15,480
2023,10,21,22,30,437
2023,10,21,22,45,391
2023,10,21,23,0,344
2023,10,21,23,15,295
2023,10,21,23,30,245
2023,10,21,23,45,195
2023,10,22,0,0,145
2023,10,22,0,15,97
2023,10,22,0,30,53
2023,10,22,0,45,19
2023,10,22,1,0,0
2023,10,22,1,15,0
2023,10,22,1,30,0
2023,10,22,1,45,0
2023,10,22,2,0,0
2023,10,22,2,15,0
2023,10,22,2,30,0
2023,10,22,2,45,0
2023,10,22,3,0,0
2023,10,22,3,15,0
2023,10,22,3,30,0
2023,10,22,3,45,0
2023,10,22,4,0,0
2023,10,22,4,15,0
2023,10,22,4,30,0
2023,10,22,4,45,0
2023,10,22,5,0,0
2023,10,22,5,15,0
2023,10,22,5,30,0
2023,10,22,5,45,0
2023,10,22,6,0,0
2023,10,22,6,15,0
2023,10,22,6,30,0
2023,10,22,6,45,0
2023,10,22,7,0,0
2023,10,22,7,15,0
2023,10,22,7,30,0
2023,10,22,7,45,0
2023,10,22,8,0,0
2023,10,22,8,15,0
2023,10,22,8,30,0
2023,10,22,8,45,0
2023,10,22,9,0,0
2023,10,22,9,15,0
2023,10,22,9,30,0
2023,10,22,9,45,0
2023,10,22,10,0,0
2023,10,22,10,15,0
2023,10,22,10,30,0
2023,10,22,10,45,0
2023,10,22,11,0,0
2023,10,22,11,15,0
2023,10,22,11,30,0
2023,10,22,11,45,0
2023,10,22,12,0,0
2023,10,22,12,15,0
2023,10,22,12,30,0
2023,10,22,12,45,0
2023,10,22,13,0,0
2023,10,22,13,15,0
2023,10,22,13,30,0
2023,10,22,13,45,0
2023,10,22,14,0,0
2023,10,22,14,15,43
2023,10,22,14,30,84
2023,10,22,14,45,130
2023,10,22,15,0,179
2023,10,22,15,15,230
2023,10,22,15,30,280
2023,10,22,15,45,329
2023,10,22,16,0,377
2023,10,22,16,15,422
2023,10,22,16,30,466
2023,10,22,16,45,506
2023,10,22,17,0,544
2023,10,22,17,15,579
2023,10,22,17,30,613
2023,10,22,17,45,641
2023,10,22,18,0,665
2023,10,22,18,15,686
2023,10,22,18,30,703
2023,10,22,18,45,716
2023,10,22,19,0,725
2023,10,22,19,15,732
2023,10,22,19,30,732
2023,10,22,19,45,728
2023,10,22,20,0,721
2023,10,22,20,15,709
2023,10,22,20,30,695
2023,10,22,20,45,675
2023,10,22,21,0,651
2023,10,22,21,15,623
2023,10,22,21,30,592
2023,10,22,21,45,557
2023,10,22,22,0,521
2023,10,22,22,15,481
2023,10,22,22,30,437
2023,10,22,22,45,391
2023,10,22,23,0,343
2023,10,22,23,15,294
2023,10,22,23,30,243
2023,10,22,23,45,193
2023,10,23,0,0,143
2023,10,23,0,15,95
2023,10,23,0,30,51
2023,10,23,0,45,17
2023,10,23,1,0,0
2023,10,23,1,15,0
2023,10,23,1,30,0
2023,10,23,1,45,0
2023,10,23,2,0,0
2023,10,23,2,15,0
2023,10,23,2,30,0
2023,10,23,2,45,0
2023,10,23,3,0,0
2023,10,23,3,15,0
2023,10,23,3,30,0
2023,10,23,3,45,0
2023,10,23,4,0,0
2023,10,23,4,15,0
2023,10,23,4,30,0
2023,10,23,4,45,0
2023,10,23,5,0,0
2023,10,23,5,15,0
2023,10,23,5,30,0
2023,10,23,5,45,0
2023,10,23,6,0,0
2023,10,23,6,15,0
2023,10,23,6,30,0
2023,10,23,6,45,0
2023,10,23,7,0,0
2023,10,23,7,15,0
2023,10,23,7,30,0
2023,10,23,7,45,0
2023,10,23,8,0,0
2023,10,23,8,15,0
2023,10,23,8,30,0
2023,10,23,8,45,0
2023,10,23,9,0,0
2023,10,23,9,15,0
2023,10,23,9,30,0
2023,10,23,9,45,0
2023,10,23,10,0,0
2023,10,23,10,15,0
2023,10,23,10,30,0
2023,10,23,10,45,0
2023,10,23,11,0,0
2023,10,23,11,15,0
2023,10,23,11,30,0
2023,10,23,11,45,0
2023,10,23,12,0,0
2023,10,23,12,15,0
2023,10,23,12,30,0
2023,10,23,12,45,0
2023,10,23,13,0,0
2023,10,23,13,15,0
2023,10,23,13,30,0
2023,10,23,13,45,0
2023,10,23,14,0,0
2023,10,23,14,15,41
2023,10,23,14,30,82
2023,10,23,14,45,128
2023,10,23,15,0,177
2023,10,23,15,15,227
2023,10,23,15,30,277
2023,10,23,15,45,326
2023,10,23,16,0,374
2023,10,23,16,15,419
2023,10,23,16,30,463
2023,10,23,16,45,503
2023,10,23,17,0,541
2023,10,23,17,15,576
2023,10,23,17,30,608
2023,10,23,17,45,637
2023,10,23,18,0,661
2023,10,23,18,15,682
2023,10,23,18,30,698
2023,10,23,18,45,711
2023,10,23,19,0,720
2023,10,23,19,15,727
2023,10,23,19,30,727
2023,10,23,19,45,724
2023,10,23,20,0,716
2023,10,23,20,15,703
2023,10,23,20,30,687
2023,10,23,20,45,666
2023,10,23,21,0,642
2023,10,23,21,15,617
2023,10,23,21,30,585
2023,10,23,21,45,551
2023,10,23,22,0,513
2023,10,23,22,15,473
2023,10,23,22,30,429
2023,10,23,22,45,384
2023,10,23,23,0,336
2023,10,23,23,15,287
2023,10,23,23,30,238
2023,10,23,23,45,188
2023,10,24,0,0,138
2023,10,24,0,15,90
2023,10,24,0,30,48
2023,10,24,0,45,15
2023,10,24,1,0,0
2023,10,24,1,15,0
2023,10,24,1,30,0
2023,10,24,1,45,0
2023,10,24,2,0,0
2023,10,24,2,15,0
2023,10,24,2,30,0
2023,10,24,2,45,0
2023,10,24,3,0,0
2023,10,24,3,15,0
2023,10,24,3,30,0
2023,10,24,3,45,0
2023,10,24,4,0,0
2023,10,24,4,15,0
2023,10,24,4,30,0
2023,10,24,4,45,0
2023,10,24,5,0,0
2023,10,24,5,15,0
2023,10,24,5,30,0
2023,10,24,5,45,0
2023,10,24,6,0,0
2023,10,24,6,15,0
2023,10,24,6,30,0
2023,10,24,6,45,0
2023,10,24,7,0,0
2023,10,24,7,15,0
2023,10,24,7,30,0
2023,10,24,7,45,0
2023,10,24,8,0,0
2023,10,24,8,15,0
2023,10,24,8,30,0
2023,10,24,8,45,0
2023,10,24,9,0,0
2023,10,24,9,15,0
2023,10,24,9,30,0
2023,10,24,9,45,0
2023,10,24,10,0,0
2023,10,24,10,15,0
2023,10,24,10,30,0
2023,10,24,10,45,0
2023,10,24,11,0,0
2023,10,24,11,15,0
2023,10,24,11,30,0
2023,10,24,11,45,0
2023,10,24,12,0,0
2023,10,24,12,15,0
2023,10,24,12,30,0
2023,10,24,12,45,0
2023,10,24,13,0,0
2023,10,24,13,15,0
2023,10,24,13,30,0
2023,10,24,13,45,0
2023,10,24,14,0,0
2023,10,24,14,15,39
2023,10,24,14,30,80
2023,10,24,14,45,126
2023,10,24,15,0,176
2023,10,24,15,15,225
2023,10,24,15,30,275
2023,10,24,15,45,324
2023,10,24,16,0,372
2023,10,24,16,15,418
2023,10,24,16,30,461
2023,10,24,16,45,502
2023,10,24,17,0,540
2023,10,24,17,15,575
2023,10,24,17,30,607
2023,10,24,17,45,635
2023,10,24,18,0,660
2023,10,24,18,15,681
2023,10,24,18,30,697
2023,10,24,18,45,710
2023,10,24,19,0,719
2023,10,24,19,15,724
2023,10,24,19,30,724
2023,10,24,19,45,720
2023,10,24,20,0,712
2023,10,24,20,15,700
2023,10,24,20,30,684
2023,10,24,20,45,664
2023,10,24,21,0,640
2023,10,24,21,15,612
2023,10,24,21,30,581
2023,10,24,21,45,547
2023,10,24,22,0,509
2023,10,24,22,15,469
2023,10,24,22,30,425
2023,10,24,22,45,380
2023,10,24,23,0,332
2023,10,24,23,15,284
2023,10,24,23,30,234
2023,10,24,23,45,183
2023,10,25,0,0,134
2023,10,25,0,15,87
2023,10,25,0,30,45
2023,10,25,0,45,14
2023,10,25,1,0,0
2023,10,25,1,15,0
2023,10,25,1,30,0
2023,10,25,1,45,0
2023,10,25,2,0,0
2023,10,25,2,15,0
2023,10,25,2,30,0
2023,10,25,2,45,0
2023,10,25,3,0,0
2023,10,25,3,15,0
2023,10,25,3,30,0
2023,10,25,3,45,0
2023,10,25,4,0,0
2023,10,25,4,15,0
2023,10,25,4,30,0
2023,10,25,4,45,0
2023,10,25,5,0,0
2023,10,25,5,15,0
2023,10,25,5,30,0
2023,10,25,5,45,0
2023,10,25,6,0,0
2023,10,25,6,15,0
2023,10,25,6,30,0
2023,10,25,6,45,0
2023,10,25,7,0,0
2023,10,25,7,15,0
2023,10,25,7,30,0
2023,10,25,7,45,0
2023,10,25,8,0,0
2023,10,25,8,15,0
2023,10,25,8,30,0
2023,10,25,8,45,0
2023,10,25,9,0,0
2023,10,25,9,15,0
2023,10,25,9,30,0
2023,10,25,9,45,0
2023,10,25,10,0,0
2023,10,25,10,15,0
2023,10,25,10,30,0
2023,10,25,10,45,0
2023,10,25,11,0,0
2023,10,25,11,15,0
2023,10,25,11,30,0
2023,10,25,11,45,0
2023,10,25,12,0,0
2023,10,25,12,15,0
2023,10,25,12,30,0
2023,10,25,12,45,0
2023,10,25,13,0,0
2023,10,25,13,15,0
2023,10,25,13,30,0
2023,10,25,13,45,0
2023,10,25,14,0,0
2023,10,25,14,15,36
2023,10,25,14,30,76
2023,10,25,14,45,121
2023,10,25,15,0,170
2023,10,25,15,15,219
2023,10,25,15,30,269
2023,10,25,15,45,317
2023,10,25,16,0,365
2023,10,25,16,15,410
2023,10,25,16,30,453
2023,10,25,16,45,494
2023,10,25,17,0,532
2023,10,25,17,15,566
2023,10,25,17,30,598
2023,10,25,17,45,626
2023,10,25,18,0,650
2023,10,25,18,15,669
2023,10,25,18,30,685
2023,10,25,18,45,698
2023,10,25,19,0,707
2023,10,25,19,15,711
2023,10,25,19,30,711
2023,10,25,19,45,707
2023,10,25,20,0,697
2023,10,25,20,15,685
2023,10,25,20,30,669
2023,10,25,20,45,648
2023,10,25,21,0,625
2023,10,25,21,15,597
2023,10,25,21,30,566
2023,10,25,21,45,532
2023,10,25,22,0,494
2023,10,25,22,15,454
2023,10,25,22,30,412
2023,10,25,22,45,366
2023,10,25,23,0,319
2023,10,25,23,15,271
2023,10,25,23,30,222
2023,10,25,23,45,172
2023,10,26,0,0,124
2023,10,26,0,15,79
2023,10,26,0,30,39
2023,10,26,0,45,0
2023,10,26,1,0,0
2023,10,26,1,15,0
2023,10,26,1,30,0
2023,10,26,1,45,0
2023,10,26,2,0,0
2023,10,26,2,15,0
2023,10,26,2,30,0
2023,10,26,2,45,0
2023,10,26,3,0,0
2023,10,26,3,15,0
2023,10,26,3,30,0
2023,10,26,3,45,0
2023,10,26,4,0,0
2023,10,26,4,15,0
2023,10,26,4,30,0
2023,10,26,4,45,0
2023,10,26,5,0,0
2023,10,26,5,15,0
2023,10,26,5,30,0
2023,10,26,5,45,0
2023,10,26,6,0,0
2023,10,26,6,15,0
2023,10,26,6,30,0
2023,10,26,6,45,0
2023,10,26,7,0,0
2023,10,26,7,15,0
2023,10,26,7,30,0
2023,10,26,7,45,0
2023,10,26,8,0,0
2023,10,26,8,15,0
2023,10,26,8,30,0
2023,10,26,8,45,0
2023,10,26,9,0,0
2023,10,26,9,15,0
2023,10,26,9,30,0
2023,10,26,9,45,0
2023,10,26,10,0,0
2023,10,26,10,15,0
2023,10,26,10,30,0
2023,10,26,10,45,0
2023,10,26,11,0,0
2023,10,26,11,15,0
2023,10,26,11,30,0
2023,10,26,11,45,0
2023,10,26,12,0,0
2023,10,26,12,15,0
2023,10,26,12,30,0
2023,10,26,12,45,0
2023,10,26,13,0,0
2023,10,26,13,15,0
2023,10,26,13,30,0
2023,10,26,13,45,0
2023,10,26,14,0,0
2023,10,26,14,15,19
2023,10,26,14,30,70
2023,10,26,14,45,115
2023,10,26,15,0,162
2023,10,26,15,15,211
2023,10,26,15,30,259
2023,10,26,15,45,307
2023,10,26,16,0,355
2023,10,26,16,15,400
2023,10,26,16,30,443
2023,10,26,16,45,323
2023,10,26,17,0,408
2023,10,26,17,15,522
2023,10,26,17,30,566
2023,10,26,17,45,575
2023,10,26,18,0,641
2023,10,26,18,15,662
2023,10,26,18,30,501
2023,10,26,18,45,593
2023,10,26,19,0,699
2023,10,26,19,15,616
2023,10,26,19,30,704
2023,10,26,19,45,700
2023,10,26,20,0,692
2023,10,26,20,15,680
2023,10,26,20,30,664
2023,10,26,20,45,635
2023,10,26,21,0,612
2023,10,26,21,15,584
2023,10,26,21,30,553
2023,10,26,21,45,519
2023,10,26,22,0,482
2023,10,26,22,15,442
2023,10,26,22,30,400
2023,10,26,22,45,355
2023,10,26,23,0,309
2023,10,26,23,15,261
2023,10,26,23,30,212
2023,10,26,23,45,164
2023,10,27,0,0,116
2023,10,27,0,15,72
2023,10,27,0,30,34
2023,10,27,0,45,0
2023,10,27,1,0,0
2023,10,27,1,15,0
2023,10,27,1,30,0
2023,10,27,1,45,0
2023,10,27,2,0,0
2023,10,27,2,15,0
2023,10,27,2,30,0
2023,10,27,2,45,0
2023,10,27,3,0,0
2023,10,27,3,15,0
2023,10,27,3,30,0
2023,10,27,3,45,0
2023,10,27,4,0,0
2023,10,27,4,15,0
2023,10,27,4,30,0
2023,10,27,4,45,0
2023,10,27,5,0,0
2023,10,27,5,15,0
2023,10,27,5,30,0
2023,10,27,5,45,0
2023,10,27,6,0,0
2023,10,27,6,15,0
2023,10,27,6,30,0
2023,10,27,6,45,0
2023,10,27,7,0,0
2023,10,27,7,15,0
2023,10,27,7,30,0
2023,10,27,7,45,0
2023,10,27,8,0,0
2023,10,27,8,15,0
2023,10,27,8,30,0
2023,10,27,8,45,0
2023,10,27,9,0,0
2023,10,27,9,15,0
2023,10,27,9,30,0
2023,10,27,9,45,0
2023,10,27,10,0,0
2023,10,27,10,15,0
2023,10,27,10,30,0
2023,10,27,10,45,0
2023,10,27,11,0,0
2023,10,27,11,15,0
2023,10,27,11,30,0
2023,10,27,11,45,0
2023,10,27,12,0,0
2023,10,27,12,15,0
2023,10,27,12,30,0
2023,10,27,12,45,0
2023,10,27,13,0,0
2023,10,27,13,15,0
2023,10,27,13,30,0
2023,10,27,13,45,0
2023,10,27,14,0,0
2023,10,27,14,15,31
2023,10,27,14,30,70
2023,10,27,14,45,114
2023,10,27,15,0,163
2023,10,27,15,15,212
2023,10,27,15,30,261
2023,10,27,15,45,310
2023,10,27,16,0,358
2023,10,27,16,15,401
2023,10,27,16,30,445
2023,10,27,16,45,485
2023,10,27,17,0,523
2023,10,27,17,15,558
2023,10,27,17,30,589
2023,10,27,17,45,614
2023,10,27,18,0,638
2023,10,27,18,15,659
2023,10,27,18,30,676
2023,10,27,18,45,686
2023,10,27,19,0,695
2023,10,27,19,15,699
2023,10,27,19,30,699
2023,10,27,19,45,604
2023,10,27,20,0,685
2023,10,27,20,15,528
2023,10,27,20,30,509
2023,10,27,20,45,405
2023,10,27,21,0,495
2023,10,27,21,15,395
2023,10,27,21,30,349
2023,10,27,21,45,326
2023,10,27,22,0,241
2023,10,27,22,15,235
2023,10,27,22,30,8
2023,10,27,22,45,257
2023,10,27,23,0,100
2023,10,27,23,15,46
2023,10,27,23,30,147
2023,10,27,23,45,4
2023,10,28,0,0,76
2023,10,28,0,15,27
2023,10,28,0,30,15
2023,10,28,0,45,0
2023,10,28,1,0,0
2023,10,28,1,15,0
2023,10,28,1,30,0
2023,10,28,1,45,0
2023,10,28,2,0,0
2023,10,28,2,15,0
2023,10,28,2,30,0
2023,10,28,2,45,0
2023,10,28,3,0,0
2023,10,28,3,15,0
2023,10,28,3,30,0
2023,10,28,3,45,0
2023,10,28,4,0,0
2023,10,28,4,15,0
2023,10,28,4,30,0
2023,10,28,4,45,0
2023,10,28,5,0,0
2023,10,28,5,15,0
2023,10,28,5,30,0
2023,10,28,5,45,0
2023,10,28,6,0,0
2023,10,28,6,15,0
2023,10,28,6,30,0
2023,10,28,6,45,0
2023,10,28,7,0,0
2023,10,28,7,15,0
2023,10,28,7,30,0
2023,10,28,7,45,0
2023,10,28,8,0,0
2023,10,28,8,15,0
2023,10,28,8,30,0
2023,10,28,8,45,0
2023,10,28,9,0,0
2023,10,28,9,15,0
2023,10,28,9,30,0
2023,10,28,9,45,0
2023,10,28,10,0,0
2023,10,28,10,15,0
2023,10,28,10,30,0
2023,10,28,10,45,0
2023,10,28,11,0,0
2023,10,28,11,15,0
2023,10,28,11,30,0
2023,10,28,11,45,0
2023,10,28,12,0,0
2023,10,28,12,15,0
2023,10,28,12,30,0
2023,10,28,12,45,0
2023,10,28,13,0,0
2023,10,28,13,15,0
2023,10,28,13,30,0
2023,10,28,13,45,0
2023,10,28,14,0,0
2023,10,28,14,15,29
2023,10,28,14,30,66
2023,10,28,14,45,110
2023,10,28,15,0,158
2023,10,28,15,15,203
2023,10,28,15,30,251
2023,10,28,15,45,297
2023,10,28,16,0,352
2023,10,28,16,15,318
2023,10,28,16,30,441
2023,10,28,16,45,481
2023,10,28,17,0,427
2023,10,28,17,15,554
2023,10,28,17,30,588
2023,10,28,17,45,621
2023,10,28,18,0,645
2023,10,28,18,15,666
2023,10,28,18,30,682
2023,10,28,18,45,698
2023,10,28,19,0,707
2023,10,28,19,15,711
2023,10,28,19,30,711
2023,10,28,19,45,711
2023,10,28,20,0,703
2023,10,28,20,15,691
2023,10,28,20,30,674
2023,10,28,20,45,652
2023,10,28,21,0,632
2023,10,28,21,15,604
2023,10,28,21,30,572
2023,10,28,21,45,537
2023,10,28,22,0,499
2023,10,28,22,15,458
2023,10,28,22,30,414
2023,10,28,22,45,368
2023,10,28,23,0,320
2023,10,28,23,15,270
2023,10,28,23,30,220
2023,10,28,23,45,169
2023,10,29,0,0,121
2023,10,29,0,15,74
2023,10,29,0,30,34
2023,10,29,0,45,0
2023,10,29,1,0,0
2023,10,29,1,15,0
2023,10,29,1,30,0
2023,10,29,1,45,0
2023,10,29,2,0,0
2023,10,29,2,15,0
2023,10,29,2,30,0
2023,10,29,2,45,0
2023,10,29,3,0,0
2023,10,29,3,15,0
2023,10,29,3,30,0
2023,10,29,3,45,0
2023,10,29,4,0,0
2023,10,29,4,15,0
2023,10,29,4,30,0
2023,10,29,4,45,0
2023,10,29,5,0,0
2023,10,29,5,15,0
2023,10,29,5,30,0
2023,10,29,5,45,0
2023,10,29,6,0,0
2023,10,29,6,15,0
2023,10,29,6,30,0
2023,10,29,6,45,0
2023,10,29,7,0,0
2023,10,29,7,15,0
2023,10,29,7,30,0
2023,10,29,7,45,0
2023,10,29,8,0,0
2023,10,29,8,15,0
2023,10,29,8,30,0
2023,10,29,8,45,0
2023,10,29,9,0,0
2023,10,29,9,15,0
2023,10,29,9,30,0
2023,10,29,9,45,0
2023,10,29,10,0,0
2023,10,29,10,15,0
2023,10,29,10,30,0
2023,10,29,10,45,0
2023,10,29,11,0,0
2023,10,29,11,15,0
2023,10,29,11,30,0
2023,10,29,11,45,0
2023,10,29,12,0,0
2023,10,29,12,15,0
2023,10,29,12,30,0
2023,10,29,12,45,0
2023,10,29,13,0,0
2023,10,29,13,15,0
2023,10,29,13,30,0
2023,10,29,13,45,0
2023,10,29,14,0,0
2023,10,29,14,15,32
2023,10,29,14,30,73
2023,10,29,14,45,121
2023,10,29,15,0,172
2023,10,29,15,15,223
2023,10,29,15,30,275
2023,10,29,15,45,325
2023,10,29,16,0,374
2023,10,29,16,15,421
2023,10,29,16,30,466
2023,10,29,16,45,508
2023,10,29,17,0,547
2023,10,29,17,15,583
2023,10,29,17,30,616
2023,10,29,17,45,645
2023,10,29,18,0,670
2023,10,29,18,15,691
2023,10,29,18,30,708
2023,10,29,18,45,721
2023,10,29,19,0,730
2023,10,29,19,15,734
2023,10,29,19,30,734
2023,10,29,19,45,730
2023,10,29,20,0,722
2023,10,29,20,15,709
2023,10,29,20,30,693
2023,10,29,20,45,672
2023,10,29,21,0,647
2023,10,29,21,15,619
2023,10,29,21,30,587
2023,10,29,21,45,551
2023,10,29,22,0,512
2023,10,29,22,15,470
2023,10,29,22,30,426
2023,10,29,22,45,379
2023,10,29,23,0,330
2023,10,29,23,15,279
2023,10,29,23,30,228
2023,10,29,23,45,176
2023,10,30,0,0,125
2023,10,30,0,15,77
2023,10,30,0,30,35
2023,10,30,0,45,0
2023,10,30,1,0,0
2023,10,30,1,15,0
2023,10,30,1,30,0
2023,10,30,1,45,0
2023,10,30,2,0,0
2023,10,30,2,15,0
2023,10,30,2,30,0
2023,10,30,2,45,0
2023,10,30,3,0,0
2023,10,30,3,15,0
2023,10,30,3,30,0
2023,10,30,3,45,0
2023,10,30,4,0,0
2023,10,30,4,15,0
2023,10,30,4,30,0
2023,10,30,4,45,0
2023,10,30,5,0,0
2023,10,30,5,15,0
2023,10,30,5,30,0
2023,10,30,5,45,0
2023,10,30,6,0,0
2023,10,30,6,15,0
2023,10,30,6,30,0
2023,10,30,6,45,0
2023,10,30,7,0,0
2023,10,30,7,15,0
2023,10,30,7,30,0
2023,10,30,7,45,0
2023,10,30,8,0,0
2023,10,30,8,15,0
2023,10,30,8,30,0
2023,10,30,8,45,0
2023,10,30,9,0,0
2023,10,30,9,15,0
2023,10,30,9,30,0
2023,10,30,9,45,0
2023,10,30,10,0,0
2023,10,30,10,15,0
2023,10,30,10,30,0
2023,10,30,10,45,0
2023,10,30,11,0,0
2023,10,30,11,15,0
2023,10,30,11,30,0
2023,10,30,11,45,0
2023,10,30,12,0,0
2023,10,30,12,15,0
2023,10,30,12,30,0
2023,10,30,12,45,0
2023,10,30,13,0,0
2023,10,30,13,15,0
2023,10,30,13,30,0
2023,10,30,13,45,0
2023,10,30,14,0,0
2023,10,30,14,15,30
2023,10,30,14,30,70
2023,10,30,14,45,117
2023,10,30,15,0,167
2023,10,30,15,15,219
2023,10,30,15,30,270
2023,10,30,15,45,320
2023,10,30,16,0,369
2023,10,30,16,15,416
2023,10,30,16,30,461
2023,10,30,16,45,502
2023,10,30,17,0,541
2023,10,30,17,15,577
2023,10,30,17,30,609
2023,10,30,17,45,637
2023,10,30,18,0,662
2023,10,30,18,15,684
2023,10,30,18,30,701
2023,10,30,18,45,713
2023,10,30,19,0,722
2023,10,30,19,15,727
2023,10,30,19,30,727
2023,10,30,19,45,723
2023,10,30,20,0,715
2023,10,30,20,15,702
2023,10,30,20,30,686
2023,10,30,20,45,664
2023,10,30,21,0,640
2023,10,30,21,15,611
2023,10,30,21,30,579
2023,10,30,21,45,544
2023,10,30,22,0,506
2023,10,30,22,15,464
2023,10,30,22,30,419
2023,10,30,22,45,373
2023,10,30,23,0,324
2023,10,30,23,15,274
2023,10,30,23,30,222
2023,10,30,23,45,171
2023,10,31,0,0,121
2023,10,31,0,15,72
2023,10,31,0,30,31
2023,10,31,0,45,0
2023,10,31,1,0,0
2023,10,31,1,15,0
2023,10,31,1,30,0
2023,10,31,1,45,0
2023,10,31,2,0,0
2023,10,31,2,15,0
2023,10,31,2,30,0
2023,10,31,2,45,0
2023,10,31,3,0,0
2023,10,31,3,15,0
2023,10,31,3,30,0
2023,10,31,3,45,0
2023,10,31,4,0,0
2023,10,31,4,15,0
2023,10,31,4,30,0
2023,10,31,4,45,0
2023,10,31,5,0,0
2023,10,31,5,15,0
2023,10,31,5,30,0
2023,10,31,5,45,0
2023,10,31,6,0,0
2023,10,31,6,15,0
2023,10,31,6,30,0
2023,10,31,6,45,0
2023,10,31,7,0,0
2023,10,31,7,15,0
2023,10,31,7,30,0
2023,10,31,7,45,0
2023,10,31,8,0,0
2023,10,31,8,15,0
2023,10,31,8,30,0
2023,10,31,8,45,0
2023,10,31,9,0,0
2023,10,31,9,15,0
2023,10,31,9,30,0
2023,10,31,9,45,0
2023,10,31,10,0,0
2023,10,31,10,15,0
2023,10,31,10,30,0
2023,10,31,10,45,0
2023,10,31,11,0,0
2023,10,31,11,15,0
2023,10,31,11,30,0
2023,10,31,11,45,0
2023,10,31,12,0,0
2023,10,31,12,15,0
2023,10,31,12,30,0
2023,10,31,12,45,0
2023,10,31,13,0,0
2023,10,31,13,15,0
2023,10,31,13,30,0
2023,10,31,13,45,0
2023,10,31,14,0,0
2023,10,31,14,15,27
2023,10,31,14,30,66
2023,10,31,14,45,112
2023,10,31,15,0,161
2023,10,31,15,15,212
2023,10,31,15,30,263
2023,10,31,15,45,312
2023,10,31,16,0,361
2023,10,31,16,15,407
2023,10,31,16,30,451
2023,10,31,16,45,493
2023,10,31,17,0,531
2023,10,31,17,15,567
2023,10,31,17,30,599
2023,10,31,17,45,626
2023,10,31,18,0,651
2023,10,31,18,15,672
2023,10,31,18,30,688
2023,10,31,18,45,702
2023,10,31,19,0,710
2023,10,31,19,15,715
2023,10,31,19,30,715
2023,10,31,19,45,711
2023,10,31,20,0,703
2023,10,31,20,15,690
2023,10,31,20,30,674
2023,10,31,20,45,653
2023,10,31,21,0,629
2023,10,31,21,15,601
2023,10,31,21,30,569
2023,10,31,21,45,534
2023,10,31,22,0,496
2023,10,31,22,15,455
2023,10,31,22,30,411
2023,10,31,22,45,365
2023,10,31,23,0,316
2023,10,31,23,15,267
2023,10,31,23,30,216
2023,10,31,23,45,166
2023,11,1,0,0,116
2023,11,1,0,15,70
2023,11,1,0,30,30
2023,11,1,0,45,0
2023,11,1,1,0,0
2023,11,1,1,15,0
2023,11,1,1,30,0
2023,11,1,1,45,0
2023,11,1,2,0,0
2023,11,1,2,15,0
2023,11,1,2,30,0
2023,11,1,2,45,0
2023,11,1,3,0,0
2023,11,1,3,15,0
2023,11,1,3,30,0
2023,11,1,3,45,0
2023,11,1,4,0,0
2023,11,1,4,15,0
2023,11,1,4,30,0
2023,11,1,4,45,0
2023,11,1,5,0,0
2023,11,1,5,15,0
2023,11,1,5,30,0
2023,11,1,5,45,0
2023,11,1,6,0,0
2023,11,1,6,15,0
2023,11,1,6,30,0
2023,11,1,6,45,0
2023,11,1,7,0,0
2023,11,1,7,15,0
2023,11,1,7,30,0
2023,11,1,7,45,0
2023,11,1,8,0,0
2023,11,1,8,15,0
2023,11,1,8,30,0
2023,11,1,8,45,0
2023,11,1,9,0,0
2023,11,1,9,15,0
2023,11,1,9,30,0
2023,11,1,9,45,0
2023,11,1,10,0,0
2023,11,1,10,15,0
2023,11,1,10,30,0
2023,11,1,10,45,0
2023,11,1,11,0,0
2023,11,1,11,15,0
2023,11,1,11,30,0
2023,11,1,11,45,0
2023,11,1,12,0,0
2023,11,1,12,15,0
2023,11,1,12,30,0
2023,11,1,12,45,0
2023,11,1,13,0,0
2023,11,1,13,15,0
2023,11,1,13,30,0
2023,11,1,13,45,0
2023,11,1,14,0,0
2023,11,1,14,15,24
2023,11,1,14,30,62
2023,11,1,14,45,73
2023,11,1,15,0,157
2023,11,1,15,15,208
2023,11,1,15,30,258
2023,11,1,15,45,308
2023,11,1,16,0,356
2023,11,1,16,15,403
2023,11,1,16,30,447
2023,11,1,16,45,488
2023,11,1,17,0,527
2023,11,1,17,15,563
2023,11,1,17,30,595
2023,11,1,17,45,623
2023,11,1,18,0,648
2023,11,1,18,15,669
2023,11,1,18,30,686
2023,11,1,18,45,699
2023,11,1,19,0,707
2023,11,1,19,15,712
2023,11,1,19,30,712
2023,11,1,19,45,708
2023,11,1,20,0,699
2023,11,1,20,15,687
2023,11,1,20,30,670
2023,11,1,20,45,650
2023,11,1,21,0,625
2023,11,1,21,15,597
2023,11,1,21,30,565
2023,11,1,21,45,530
2023,11,1,22,0,492
2023,11,1,22,15,451
2023,11,1,22,30,407
2023,11,1,22,45,360
2023,11,1,23,0,312
2023,11,1,23,15,263
2023,11,1,23,30,212
2023,11,1,23,45,162
2023,11,2,0,0,112
2023,11,2,0,15,66
2023,11,2,0,30,27
2023,11,2,0,45,0
2023,11,2,1,0,0
2023,11,2,1,15,0
2023,11,2,1,30,0
2023,11,2,1,45,0
2023,11,2,2,0,0
2023,11,2,2,15,0
2023,11,2,2,30,0
2023,11,2,2,45,0
2023,11,2,3,0,0
2023,11,2,3,15,0
2023,11,2,3,30,0
2023,11,2,3,45,0
2023,11,2,4,0,0
2023,11,2,4,15,0
2023,11,2,4,30,0
2023,11,2,4,45,0
2023,11,2,5,0,0
2023,11,2,5,15,0
2023,11,2,5,30,0
2023,11,2,5,45,0
2023,11,2,6,0,0
2023,11,2,6,15,0
2023,11,2,6,30,0
2023,11,2,6,45,0
2023,11,2,7,0,0
2023,11,2,7,15,0
2023,11,2,7,30,0
2023,11,2,7,45,0
2023,11,2,8,0,0
2023,11,2,8,15,0
2023,11,2,8,30,0
2023,11,2,8,45,0
2023,11,2,9,0,0
2023,11,2,9,15,0
2023,11,2,9,30,0
2023,11,2,9,45,0
2023,11,2,10,0,0
2023,11,2,10,15,0
2023,11,2,10,30,0
2023,11,2,10,45,0
2023,11,2,11,0,0
2023,11,2,11,15,0
2023,11,2,11,30,0
2023,11,2,11,45,0
2023,11,2,12,0,0
2023,11,2,12,15,0
2023,11,2,12,30,0
2023,11,2,12,45,0
2023,11,2,13,0,0
2023,11,2,13,15,0
2023,11,2,13,30,0
2023,11,2,13,45,0
2023,11,2,14,0,0
2023,11,2,14,15,22
2023,11,2,14,30,59
2023,11,2,14,45,102
2023,11,2,15,0,150
2023,11,2,15,15,199
2023,11,2,15,30,249
2023,11,2,15,45,298
2023,11,2,16,0,345
2023,11,2,16,15,391
2023,11,2,16,30,434
2023,11,2,16,45,475
2023,11,2,17,0,513
2023,11,2,17,15,548
2023,11,2,17,30,580
2023,11,2,17,45,608
2023,11,2,18,0,633
2023,11,2,18,15,653
2023,11,2,18,30,670
2023,11,2,18,45,683
2023,11,2,19,0,691
2023,11,2,19,15,696
2023,11,2,19,30,696
2023,11,2,19,45,692
2023,11,2,20,0,684
2023,11,2,20,15,671
2023,11,2,20,30,655
2023,11,2,20,45,633
2023,11,2,21,0,609
2023,11,2,21,15,580
2023,11,2,21,30,553
2023,11,2,21,45,518
2023,11,2,22,0,480
2023,11,2,22,15,439
2023,11,2,22,30,395
2023,11,2,22,45,350
2023,11,2,23,0,302
2023,11,2,23,15,253
2023,11,2,23,30,203
2023,11,2,23,45,153
2023,11,3,0,0,104
2023,11,3,0,15,42
2023,11,3,0,30,23
2023,11,3,0,45,0
2023,11,3,1,0,0
2023,11,3,1,15,0
2023,11,3,1,30,0
2023,11,3,1,45,0
2023,11,3,2,0,0
2023,11,3,2,15,0
2023,11,3,2,30,0
2023,11,3,2,45,0
2023,11,3,3,0,0
2023,11,3,3,15,0
2023,11,3,3,30,0
2023,11,3,3,45,0
2023,11,3,4,0,0
2023,11,3,4,15,0
2023,11,3,4,30,0
2023,11,3,4,45,0
2023,11,3,5,0,0
2023,11,3,5,15,0
2023,11,3,5,30,0
2023,11,3,5,45,0
2023,11,3,6,0,0
2023,11,3,6,15,0
2023,11,3,6,30,0
2023,11,3,6,45,0
2023,11,3,7,0,0
2023,11,3,7,15,0
2023,11,3,7,30,0
2023,11,3,7,45,0
2023,11,3,8,0,0
2023,11,3,8,15,0
2023,11,3,8,30,0
2023,11,3,8,45,0
2023,11,3,9,0,0
2023,11,3,9,15,0
2023,11,3,9,30,0
2023,11,3,9,45,0
2023,11,3,10,0,0
2023,11,3,10,15,0
2023,11,3,10,30,0
2023,11,3,10,45,0
2023,11,3,11,0,0
2023,11,3,11,15,0
2023,11,3,11,30,0
2023,11,3,11,45,0
2023,11,3,12,0,0
2023,11,3,12,15,0
2023,11,3,12,30,0
2023,11,3,12,45,0
2023,11,3,13,0,0
2023,11,3,13,15,0
2023,11,3,13,30,0
2023,11,3,13,45,0
2023,11,3,14,0,0
2023,11,3,14,15,19
2023,11,3,14,30,53
2023,11,3,14,45,97
2023,11,3,15,0,144
2023,11,3,15,15,193
2023,11,3,15,30,243
2023,11,3,15,45,292
2023,11,3,16,0,340
2023,11,3,16,15,386
2023,11,3,16,30,429
2023,11,3,16,45,470
2023,11,3,17,0,508
2023,11,3,17,15,544
2023,11,3,17,30,575
2023,11,3,17,45,598
2023,11,3,18,0,622
2023,11,3,18,15,643
2023,11,3,18,30,660
2023,11,3,18,45,673
2023,11,3,19,0,682
2023,11,3,19,15,686
2023,11,3,19,30,692
2023,11,3,19,45,688
2023,11,3,20,0,680
2023,11,3,20,15,668
2023,11,3,20,30,651
2023,11,3,20,45,636
2023,11,3,21,0,612
2023,11,3,21,15,583
2023,11,3,21,30,552
2023,11,3,21,45,517
2023,11,3,22,0,479
2023,11,3,22,15,437
2023,11,3,22,30,393
2023,11,3,22,45,347
2023,11,3,23,0,299
2023,11,3,23,15,250
2023,11,3,23,30,200
2023,11,3,23,45,150
2023,11,4,0,0,102
2023,11,4,0,15,57
2023,11,4,0,30,21
2023,11,4,0,45,0
2023,11,4,1,0,0
2023,11,4,1,15,0
2023,11,4,1,30,0
2023,11,4,1,45,0
2023,11,4,2,0,0
2023,11,4,2,15,0
2023,11,4,2,30,0
2023,11,4,2,45,0
2023,11,4,3,0,0
2023,11,4,3,15,0
2023,11,4,3,30,0
2023,11,4,3,45,0
2023,11,4,4,0,0
2023,11,4,4,15,0
2023,11,4,4,30,0
2023,11,4,4,45,0
2023,11,4,5,0,0
2023,11,4,5,15,0
2023,11,4,5,30,0
2023,11,4,5,45,0
2023,11,4,6,0,0
2023,11,4,6,15,0
2023,11,4,6,30,0
2023,11,4,6,45,0
2023,11,4,7,0,0
2023,11,4,7,15,0
2023,11,4,7,30,0
2023,11,4,7,45,0
2023,11,4,8,0,0
2023,11,4,8,15,0
2023,11,4,8,30,0
2023,11,4,8,45,0
2023,11,4,9,0,0
2023,11,4,9,15,0
2023,11,4,9,30,0
2023,11,4,9,45,0
2023,11,4,10,0,0
2023,11,4,10,15,0
2023,11,4,10,30,0
2023,11,4,10,45,0
2023,11,4,11,0,0
2023,11,4,11,15,0
2023,11,4,11,30,0
2023,11,4,11,45,0
2023,11,4,12,0,0
2023,11,4,12,15,0
2023,11,4,12,30,0
2023,11,4,12,45,0
2023,11,4,13,0,0
2023,11,4,13,15,0
2023,11,4,13,30,0
2023,11,4,13,45,0
2023,11,4,14,0,0
2023,11,4,14,15,18
2023,11,4,14,30,52
2023,11,4,14,45,95
2023,11,4,15,0,142
2023,11,4,15,15,192
2023,11,4,15,30,241
2023,11,4,15,45,290
2023,11,4,16,0,338
2023,11,4,16,15,384
2023,11,4,16,30,427
2023,11,4,16,45,468
2023,11,4,17,0,506
2023,11,4,17,15,541
2023,11,4,17,30,573
2023,11,4,17,45,603
2023,11,4,18,0,628
2023,11,4,18,15,649
2023,11,4,18,30,665
2023,11,4,18,45,678
2023,11,4,19,0,686
2023,11,4,19,15,691
2023,11,4,19,30,691
2023,11,4,19,45,687
2023,11,4,20,0,559
2023,11,4,20,15,531
2023,11,4,20,30,650
2023,11,4,20,45,622
2023,11,4,21,0,598
2023,11,4,21,15,570
2023,11,4,21,30,538
2023,11,4,21,45,339
2023,11,4,22,0,324
2023,11,4,22,15,287
2023,11,4,22,30,322
2023,11,4,22,45,278
2023,11,4,23,0,240
2023,11,4,23,15,215
2023,11,4,23,30,163
2023,11,4,23,45,89
2023,11,5,0,0,77
2023,11,5,0,15,42
2023,11,5,0,30,12
2023,11,5,0,45,0
2023,11,5,1,0,0
2023,11,5,1,15,0
2023,11,5,1,30,0
2023,11,5,1,45,0
2023,11,5,2,0,0
2023,11,5,2,15,0
2023,11,5,2,30,0
2023,11,5,2,45,0
2023,11,5,3,0,0
2023,11,5,3,15,0
2023,11,5,3,30,0
2023,11,5,3,45,0
2023,11,5,4,0,0
2023,11,5,4,15,0
2023,11,5,4,30,0
2023,11,5,4,45,0
2023,11,5,5,0,0
2023,11,5,5,15,0
2023,11,5,5,30,0
2023,11,5,5,45,0
2023,11,5,6,0,0
2023,11,5,6,15,0
2023,11,5,6,30,0
2023,11,5,6,45,0
2023,11,5,7,0,0
2023,11,5,7,15,0
2023,11,5,7,30,0
2023,11,5,7,45,0
2023,11,5,8,0,0
2023,11,5,8,15,0
2023,11,5,8,30,0
2023,11,5,8,45,0
2023,11,5,9,0,0
2023,11,5,9,15,0
2023,11,5,9,30,0
2023,11,5,9,45,0
2023,11,5,10,0,0
2023,11,5,10,15,0
2023,11,5,10,30,0
2023,11,5,10,45,0
2023,11,5,11,0,0
2023,11,5,11,15,0
2023,11,5,11,30,0
2023,11,5,11,45,0
2023,11,5,12,0,0
2023,11,5,12,15,0
2023,11,5,12,30,0
2023,11,5,12,45,0
2023,11,5,13,0,0
2023,11,5,13,15,0
2023,11,5,13,30,0
2023,11,5,13,45,0
2023,11,5,14,0,0
2023,11,5,14,15,15
2023,11,5,14,30,46
2023,11,5,14,45,87
2023,11,5,15,0,132
2023,11,5,15,15,180
2023,11,5,15,30,227
2023,11,5,15,45,274
2023,11,5,16,0,299
2023,11,5,16,15,354
2023,11,5,16,30,379
2023,11,5,16,45,412
2023,11,5,17,0,430
2023,11,5,17,15,469
2023,11,5,17,30,460
2023,11,5,17,45,517
2023,11,5,18,0,523
2023,11,5,18,15,571
2023,11,5,18,30,539
2023,11,5,18,45,480
2023,11,5,19,0,503
2023,11,5,19,15,545
2023,11,5,19,30,476
2023,11,5,19,45,483
2023,11,5,20,0,454
2023,11,5,20,15,381
2023,11,5,20,30,366
2023,11,5,20,45,393
2023,11,5,21,0,416
2023,11,5,21,15,388
2023,11,5,21,30,329
2023,11,5,21,45,365
2023,11,5,22,0,372
2023,11,5,22,15,287
2023,11,5,22,30,271
2023,11,5,22,45,277
2023,11,5,23,0,232
2023,11,5,23,15,191
2023,11,5,23,30,156
2023,11,5,23,45,118
2023,11,6,0,0,70
2023,11,6,0,15,49
2023,11,6,0,30,7
2023,11,6,0,45,0
2023,11,6,1,0,0
2023,11,6,1,15,0
2023,11,6,1,30,0
2023,11,6,1,45,0
2023,11,6,2,0,0
2023,11,6,2,15,0
2023,11,6,2,30,0
2023,11,6,2,45,0
2023,11,6,3,0,0
2023,11,6,3,15,0
2023,11,6,3,30,0
2023,11,6,3,45,0
2023,11,6,4,0,0
2023,11,6,4,15,0
2023,11,6,4,30,0
2023,11,6,4,45,0
2023,11,6,5,0,0
2023,11,6,5,15,0
2023,11,6,5,30,0
2023,11,6,5,45,0
2023,11,6,6,0,0
2023,11,6,6,15,0
2023,11,6,6,30,0
2023,11,6,6,45,0
2023,11,6,7,0,0
2023,11,6,7,15,0
2023,11,6,7,30,0
2023,11,6,7,45,0
2023,11,6,8,0,0
2023,11,6,8,15,0
2023,11,6,8,30,0
2023,11,6,8,45,0
2023,11,6,9,0,0
2023,11,6,9,15,0
2023,11,6,9,30,0
2023,11,6,9,45,0
2023,11,6,10,0,0
2023,11,6,10,15,0
2023,11,6,10,30,0
2023,11,6,10,45,0
2023,11,6,11,0,0
2023,11,6,11,15,0
2023,11,6,11,30,0
2023,11,6,11,45,0
2023,11,6,12,0,0
2023,11,6,12,15,0
2023,11,6,12,30,0
2023,11,6,12,45,0
2023,11,6,13,0,0
2023,11,6,13,15,0
2023,11,6,13,30,0
2023,11,6,13,45,0
2023,11,6,14,0,0
2023,11,6,14,15,14
2023,11,6,14,30,46
2023,11,6,14,45,88
2023,11,6,15,0,127
2023,11,6,15,15,84
2023,11,6,15,30,231
2023,11,6,15,45,279
2023,11,6,16,0,328
2023,11,6,16,15,374
2023,11,6,16,30,417
2023,11,6,16,45,458
2023,11,6,17,0,495
2023,11,6,17,15,527
2023,11,6,17,30,558
2023,11,6,17,45,586
2023,11,6,18,0,610
2023,11,6,18,15,631
2023,11,6,18,30,647
2023,11,6,18,45,660
2023,11,6,19,0,668
2023,11,6,19,15,669
2023,11,6,19,30,669
2023,11,6,19,45,665
2023,11,6,20,0,657
2023,11,6,20,15,645
2023,11,6,20,30,629
2023,11,6,20,45,605
2023,11,6,21,0,581
2023,11,6,21,15,553
2023,11,6,21,30,523
2023,11,6,21,45,488
2023,11,6,22,0,451
2023,11,6,22,15,411
2023,11,6,22,30,367
2023,11,6,22,45,322
2023,11,6,23,0,276
2023,11,6,23,15,229
2023,11,6,23,30,180
2023,11,6,23,45,133
2023,11,7,0,0,88
2023,11,7,0,15,47
2023,11,7,0,30,15
2023,11,7,0,45,0
2023,11,7,1,0,0
2023,11,7,1,15,0
2023,11,7,1,30,0
2023,11,7,1,45,0
2023,11,7,2,0,0
2023,11,7,2,15,0
2023,11,7,2,30,0
2023,11,7,2,45,0
2023,11,7,3,0,0
2023,11,7,3,15,0
2023,11,7,3,30,0
2023,11,7,3,45,0
2023,11,7,4,0,0
2023,11,7,4,15,0
2023,11,7,4,30,0
2023,11,7,4,45,0
2023,11,7,5,0,0
2023,11,7,5,15,0
2023,11,7,5,30,0
2023,11,7,5,45,0
2023,11,7,6,0,0
2023,11,7,6,15,0
2023,11,7,6,30,0
2023,11,7,6,45,0
2023,11,7,7,0,0
2023,11,7,7,15,0
2023,11,7,7,30,0
2023,11,7,7,45,0
2023,11,7,8,0,0
2023,11,7,8,15,0
2023,11,7,8,30,0
2023,11,7,8,45,0
2023,11,7,9,0,0
2023,11,7,9,15,0
2023,11,7,9,30,0
2023,11,7,9,45,0
2023,11,7,10,0,0
2023,11,7,10,15,0
2023,11,7,10,30,0
2023,11,7,10,45,0
2023,11,7,11,0,0
2023,11,7,11,15,0
2023,11,7,11,30,0
2023,11,7,11,45,0
2023,11,7,12,0,0
2023,11,7,12,15,0
2023,11,7,12,30,0
2023,11,7,12,45,0
2023,11,7,13,0,0
2023,11,7,13,15,0
2023,11,7,13,30,0
2023,11,7,13,45,0
2023,11,7,14,0,0
2023,11,7,14,15,0
2023,11,7,14,30,42
2023,11,7,14,45,81
2023,11,7,15,0,126
2023,11,7,15,15,173
2023,11,7,15,30,220
2023,11,7,15,45,267
2023,11,7,16,0,313
2023,11,7,16,15,357
2023,11,7,16,30,399
2023,11,7,16,45,438
2023,11,7,17,0,475
2023,11,7,17,15,510
2023,11,7,17,30,540
2023,11,7,17,45,568
2023,11,7,18,0,591
2023,11,7,18,15,614
2023,11,7,18,30,630
2023,11,7,18,45,642
2023,11,7,19,0,651
2023,11,7,19,15,655
2023,11,7,19,30,655
2023,11,7,19,45,653
2023,11,7,20,0,645
2023,11,7,20,15,633
2023,11,7,20,30,617
2023,11,7,20,45,596
2023,11,7,21,0,573
2023,11,7,21,15,545
2023,11,7,21,30,515
2023,11,7,21,45,483
2023,11,7,22,0,445
2023,11,7,22,15,405
2023,11,7,22,30,363
2023,11,7,22,45,319
2023,11,7,23,0,272
2023,11,7,23,15,225
2023,11,7,23,30,177
2023,11,7,23,45,130
2023,11,8,0,0,84
2023,11,8,0,15,29
2023,11,8,0,30,14
2023,11,8,0,45,0
2023,11,8,1,0,0
2023,11,8,1,15,0
2023,11,8,1,30,0
2023,11,8,1,45,0
2023,11,8,2,0,0
2023,11,8,2,15,0
2023,11,8,2,30,0
2023,11,8,2,45,0
2023,11,8,3,0,0
2023,11,8,3,15,0
2023,11,8,3,30,0
2023,11,8,3,45,0
2023,11,8,4,0,0
2023,11,8,4,15,0
2023,11,8,4,30,0
2023,11,8,4,45,0
2023,11,8,5,0,0
2023,11,8,5,15,0
2023,11,8,5,30,0
2023,11,8,5,45,0
2023,11,8,6,0,0
2023,11,8,6,15,0
2023,11,8,6,30,0
2023,11,8,6,45,0
2023,11,8,7,0,0
2023,11,8,7,15,0
2023,11,8,7,30,0
2023,11,8,7,45,0
2023,11,8,8,0,0
2023,11,8,8,15,0
2023,11,8,8,30,0
2023,11,8,8,45,0
2023,11,8,9,0,0
2023,11,8,9,15,0
2023,11,8,9,30,0
2023,11,8,9,45,0
2023,11,8,10,0,0
2023,11,8,10,15,0
2023,11,8,10,30,0
2023,11,8,10,45,0
2023,11,8,11,0,0
2023,11,8,11,15,0
2023,11,8,11,30,0
2023,11,8,11,45,0
2023,11,8,12,0,0
2023,11,8,12,15,0
2023,11,8,12,30,0
2023,11,8,12,45,0
2023,11,8,13,0,0
2023,11,8,13,15,0
2023,11,8,13,30,0
2023,11,8,13,45,0
2023,11,8,14,0,0
2023,11,8,14,15,0
2023,11,8,14,30,41
2023,11,8,14,45,82
2023,11,8,15,0,128
2023,11,8,15,15,175
2023,11,8,15,30,224
2023,11,8,15,45,272
2023,11,8,16,0,319
2023,11,8,16,15,364
2023,11,8,16,30,407
2023,11,8,16,45,447
2023,11,8,17,0,485
2023,11,8,17,15,520
2023,11,8,17,30,551
2023,11,8,17,45,577
2023,11,8,18,0,601
2023,11,8,18,15,622
2023,11,8,18,30,638
2023,11,8,18,45,651
2023,11,8,19,0,664
2023,11,8,19,15,669
2023,11,8,19,30,669
2023,11,8,19,45,666
2023,11,8,20,0,657
2023,11,8,20,15,645
2023,11,8,20,30,629
2023,11,8,20,45,609
2023,11,8,21,0,585
2023,11,8,21,15,557
2023,11,8,21,30,526
2023,11,8,21,45,491
2023,11,8,22,0,453
2023,11,8,22,15,413
2023,11,8,22,30,370
2023,11,8,22,45,324
2023,11,8,23,0,277
2023,11,8,23,15,229
2023,11,8,23,30,180
2023,11,8,23,45,131
2023,11,9,0,0,85
2023,11,9,0,15,44
2023,11,9,0,30,0
2023,11,9,0,45,0
2023,11,9,1,0,0
2023,11,9,1,15,0
2023,11,9,1,30,0
2023,11,9,1,45,0
2023,11,9,2,0,0
2023,11,9,2,15,0
2023,11,9,2,30,0
2023,11,9,2,45,0
2023,11,9,3,0,0
2023,11,9,3,15,0
2023,11,9,3,30,0
2023,11,9,3,45,0
2023,11,9,4,0,0
2023,11,9,4,15,0
2023,11,9,4,30,0
2023,11,9,4,45,0
2023,11,9,5,0,0
2023,11,9,5,15,0
2023,11,9,5,30,0
2023,11,9,5,45,0
2023,11,9,6,0,0
2023,11,9,6,15,0
2023,11,9,6,30,0
2023,11,9,6,45,0
2023,11,9,7,0,0
2023,11,9,7,15,0
2023,11,9,7,30,0
2023,11,9,7,45,0
2023,11,9,8,0,0
2023,11,9,8,15,0
2023,11,9,8,30,0
2023,11,9,8,45,0
2023,11,9,9,0,0
2023,11,9,9,15,0
2023,11,9,9,30,0
2023,11,9,9,45,0
2023,11,9,10,0,0
2023,11,9,10,15,0
2023,11,9,10,30,0
2023,11,9,10,45,0
2023,11,9,11,0,0
2023,11,9,11,15,0
2023,11,9,11,30,0
2023,11,9,11,45,0
2023,11,9,12,0,0
2023,11,9,12,15,0
2023,11,9,12,30,0
2023,11,9,12,45,0
2023,11,9,13,0,0
2023,11,9,13,15,0
2023,11,9,13,30,0
2023,11,9,13,45,0
2023,11,9,14,0,0
2023,11,9,14,15,0
2023,11,9,14,30,39
2023,11,9,14,45,79
2023,11,9,15,0,126
2023,11,9,15,15,174
2023,11,9,15,30,223
2023,11,9,15,45,271
2023,11,9,16,0,318
2023,11,9,16,15,364
2023,11,9,16,30,408
2023,11,9,16,45,449
2023,11,9,17,0,487
2023,11,9,17,15,522
2023,11,9,17,30,554
2023,11,9,17,45,582
2023,11,9,18,0,606
2023,11,9,18,15,627
2023,11,9,18,30,644
2023,11,9,18,45,657
2023,11,9,19,0,665
2023,11,9,19,15,670
2023,11,9,19,30,670
2023,11,9,19,45,666
2023,11,9,20,0,658
2023,11,9,20,15,646
2023,11,9,20,30,630
2023,11,9,20,45,607
2023,11,9,21,0,583
2023,11,9,21,15,555
2023,11,9,21,30,524
2023,11,9,21,45,490
2023,11,9,22,0,452
2023,11,9,22,15,411
2023,11,9,22,30,368
2023,11,9,22,45,323
2023,11,9,23,0,276
2023,11,9,23,15,227
2023,11,9,23,30,178
2023,11,9,23,45,130
2023,11,10,0,0,84
2023,11,10,0,15,42
2023,11,10,0,30,0
2023,11,10,0,45,0
2023,11,10,1,0,0
2023,11,10,1,15,0
2023,11,10,1,30,0
2023,11,10,1,45,0
2023,11,10,2,0,0
2023,11,10,2,15,0
2023,11,10,2,30,0
2023,11,10,2,45,0
2023,11,10,3,0,0
2023,11,10,3,15,0
2023,11,10,3,30,0
2023,11,10,3,45,0
2023,11,10,4,0,0
2023,11,10,4,15,0
2023,11,10,4,30,0
2023,11,10,4,45,0
2023,11,10,5,0,0
2023,11,10,5,15,0
2023,11,10,5,30,0
2023,11,10,5,45,0
2023,11,10,6,0,0
2023,11,10,6,15,0
2023,11,10,6,30,0
2023,11,10,6,45,0
2023,11,10,7,0,0
2023,11,10,7,15,0
2023,11,10,7,30,0
2023,11,10,7,45,0
2023,11,10,8,0,0
2023,11,10,8,15,0
2023,11,10,8,30,0
2023,11,10,8,45,0
2023,11,10,9,0,0
2023,11,10,9,15,0
2023,11,10,9,30,0
2023,11,10,9,45,0
2023,11,10,10,0,0
2023,11,10,10,15,0
2023,11,10,10,30,0
2023,11,10,10,45,0
2023,11,10,11,0,0
2023,11,10,11,15,0
2023,11,10,11,30,0
2023,11,10,11,45,0
2023,11,10,12,0,0
2023,11,10,12,15,0
2023,11,10,12,30,0
2023,11,10,12,45,0
2023,11,10,13,0,0
2023,11,10,13,15,0
2023,11,10,13,30,0
2023,11,10,13,45,0
2023,11,10,14,0,0
2023,11,10,14,15,0
2023,11,10,14,30,36
2023,11,10,14,45,77
2023,11,10,15,0,122
2023,11,10,15,15,170
2023,11,10,15,30,219
2023,11,10,15,45,267
2023,11,10,16,0,315
2023,11,10,16,15,360
2023,11,10,16,30,403
2023,11,10,16,45,444
2023,11,10,17,0,482
2023,11,10,17,15,517
2023,11,10,17,30,549
2023,11,10,17,45,576
2023,11,10,18,0,601
2023,11,10,18,15,621
2023,11,10,18,30,638
2023,11,10,18,45,650
2023,11,10,19,0,658
2023,11,10,19,15,663
2023,11,10,19,30,663
2023,11,10,19,45,541
2023,11,10,20,0,651
2023,11,10,20,15,451
2023,11,10,20,30,622
2023,11,10,20,45,500
2023,11,10,21,0,486
2023,11,10,21,15,470
2023,11,10,21,30,442
2023,11,10,21,45,405
2023,11,10,22,0,445
2023,11,10,22,15,404
2023,11,10,22,30,361
2023,11,10,22,45,317
2023,11,10,23,0,270
2023,11,10,23,15,219
2023,11,10,23,30,171
2023,11,10,23,45,124
2023,11,11,0,0,79
2023,11,11,0,15,39
2023,11,11,0,30,0
2023,11,11,0,45,0
2023,11,11,1,0,0
2023,11,11,1,15,0
2023,11,11,1,30,0
2023,11,11,1,45,0
2023,11,11,2,0,0
2023,11,11,2,15,0
2023,11,11,2,30,0
2023,11,11,2,45,0
2023,11,11,3,0,0
2023,11,11,3,15,0
2023,11,11,3,30,0
2023,11,11,3,45,0
2023,11,11,4,0,0
2023,11,11,4,15,0
2023,11,11,4,30,0
2023,11,11,4,45,0
2023,11,11,5,0,0
2023,11,11,5,15,0
2023,11,11,5,30,0
2023,11,11,5,45,0
2023,11,11,6,0,0
2023,11,11,6,15,0
2023,11,11,6,30,0
2023,11,11,6,45,0
2023,11,11,7,0,0
2023,11,11,7,15,0
2023,11,11,7,30,0
2023,11,11,7,45,0
2023,11,11,8,0,0
2023,11,11,8,15,0
2023,11,11,8,30,0
2023,11,11,8,45,0
2023,11,11,9,0,0
2023,11,11,9,15,0
2023,11,11,9,30,0
2023,11,11,9,45,0
2023,11,11,10,0,0
2023,11,11,10,15,0
2023,11,11,10,30,0
2023,11,11,10,45,0
2023,11,11,11,0,0
2023,11,11,11,15,0
2023,11,11,11,30,0
2023,11,11,11,45,0
2023,11,11,12,0,0
2023,11,11,12,15,0
2023,11,11,12,30,0
2023,11,11,12,45,0
2023,11,11,13,0,0
2023,11,11,13,15,0
2023,11,11,13,30,0
2023,11,11,13,45,0
2023,11,11,14,0,0
2023,11,11,14,15,0
2023,11,11,14,30,35
2023,11,11,14,45,75
2023,11,11,15,0,120
2023,11,11,15,15,168
2023,11,11,15,30,217
2023,11,11,15,45,265
2023,11,11,16,0,312
2023,11,11,16,15,358
2023,11,11,16,30,401
2023,11,11,16,45,438
2023,11,11,17,0,475
2023,11,11,17,15,510
2023,11,11,17,30,541
2023,11,11,17,45,569
2023,11,11,18,0,594
2023,11,11,18,15,614
2023,11,11,18,30,631
2023,11,11,18,45,643
2023,11,11,19,0,652
2023,11,11,19,15,656
2023,11,11,19,30,657
2023,11,11,19,45,653
2023,11,11,20,0,645
2023,11,11,20,15,633
2023,11,11,20,30,617
2023,11,11,20,45,596
2023,11,11,21,0,572
2023,11,11,21,15,545
2023,11,11,21,30,514
2023,11,11,21,45,480
2023,11,11,22,0,442
2023,11,11,22,15,402
2023,11,11,22,30,359
2023,11,11,22,45,314
2023,11,11,23,0,267
2023,11,11,23,15,219
2023,11,11,23,30,171
2023,11,11,23,45,124
2023,11,12,0,0,78
2023,11,12,0,15,38
2023,11,12,0,30,0
2023,11,12,0,45,0
2023,11,12,1,0,0
2023,11,12,1,15,0
2023,11,12,1,30,0
2023,11,12,1,45,0
2023,11,12,2,0,0
2023,11,12,2,15,0
2023,11,12,2,30,0
2023,11,12,2,45,0
2023,11,12,3,0,0
2023,11,12,3,15,0
2023,11,12,3,30,0
2023,11,12,3,45,0
2023,11,12,4,0,0
2023,11,12,4,15,0
2023,11,12,4,30,0
2023,11,12,4,45,0
2023,11,12,5,0,0
2023,11,12,5,15,0
2023,11,12,5,30,0
2023,11,12,5,45,0
2023,11,12,6,0,0
2023,11,12,6,15,0
2023,11,12,6,30,0
2023,11,12,6,45,0
2023,11,12,7,0,0
2023,11,12,7,15,0
2023,11,12,7,30,0
2023,11,12,7,45,0
2023,11,12,8,0,0
2023,11,12,8,15,0
2023,11,12,8,30,0
2023,11,12,8,45,0
2023,11,12,9,0,0
2023,11,12,9,15,0
2023,11,12,9,30,0
2023,11,12,9,45,0
2023,11,12,10,0,0
2023,11,12,10,15,0
2023,11,12,10,30,0
2023,11,12,10,45,0
2023,11,12,11,0,0
2023,11,12,11,15,0
2023,11,12,11,30,0
2023,11,12,11,45,0
2023,11,12,12,0,0
2023,11,12,12,15,0
2023,11,12,12,30,0
2023,11,12,12,45,0
2023,11,12,13,0,0
2023,11,12,13,15,0
2023,11,12,13,30,0
2023,11,12,13,45,0
2023,11,12,14,0,0
2023,11,12,14,15,0
2023,11,12,14,30,32
2023,11,12,14,45,71
2023,11,12,15,0,115
2023,11,12,15,15,163
2023,11,12,15,30,211
2023,11,12,15,45,258
2023,11,12,16,0,305
2023,11,12,16,15,350
2023,11,12,16,30,392
2023,11,12,16,45,433
2023,11,12,17,0,470
2023,11,12,17,15,505
2023,11,12,17,30,536
2023,11,12,17,45,564
2023,11,12,18,0,589
2023,11,12,18,15,609
2023,11,12,18,30,626
2023,11,12,18,45,638
2023,11,12,19,0,647
2023,11,12,19,15,651
2023,11,12,19,30,657
2023,11,12,19,45,653
2023,11,12,20,0,646
2023,11,12,20,15,633
2023,11,12,20,30,617
2023,11,12,20,45,597
2023,11,12,21,0,573
2023,11,12,21,15,546
2023,11,12,21,30,514
2023,11,12,21,45,480
2023,11,12,22,0,443
2023,11,12,22,15,402
2023,11,12,22,30,359
2023,11,12,22,45,314
2023,11,12,23,0,267
2023,11,12,23,15,219
2023,11,12,23,30,171
2023,11,12,23,45,121
2023,11,13,0,0,76
2023,11,13,0,15,36
2023,11,13,0,30,0
2023,11,13,0,45,0
2023,11,13,1,0,0
2023,11,13,1,15,0
2023,11,13,1,30,0
2023,11,13,1,45,0
2023,11,13,2,0,0
2023,11,13,2,15,0
2023,11,13,2,30,0
2023,11,13,2,45,0
2023,11,13,3,0,0
2023,11,13,3,15,0
2023,11,13,3,30,0
2023,11,13,3,45,0
2023,11,13,4,0,0
2023,11,13,4,15,0
2023,11,13,4,30,0
2023,11,13,4,45,0
2023,11,13,5,0,0
2023,11,13,5,15,0
2023,11,13,5,30,0
2023,11,13,5,45,0
2023,11,13,6,0,0
2023,11,13,6,15,0
2023,11,13,6,30,0
2023,11,13,6,45,0
2023,11,13,7,0,0
2023,11,13,7,15,0
2023,11,13,7,30,0
2023,11,13,7,45,0
2023,11,13,8,0,0
2023,11,13,8,15,0
2023,11,13,8,30,0
2023,11,13,8,45,0
2023,11,13,9,0,0
2023,11,13,9,15,0
2023,11,13,9,30,0
2023,11,13,9,45,0
2023,11,13,10,0,0
2023,11,13,10,15,0
2023,11,13,10,30,0
2023,11,13,10,45,0
2023,11,13,11,0,0
2023,11,13,11,15,0
2023,11,13,11,30,0
2023,11,13,11,45,0
2023,11,13,12,0,0
2023,11,13,12,15,0
2023,11,13,12,30,0
2023,11,13,12,45,0
2023,11,13,13,0,0
2023,11,13,13,15,0
2023,11,13,13,30,0
2023,11,13,13,45,0
2023,11,13,14,0,0
2023,11,13,14,15,0
2023,11,13,14,30,18
2023,11,13,14,45,46
2023,11,13,15,0,90
2023,11,13,15,15,131
2023,11,13,15,30,180
2023,11,13,15,45,203
2023,11,13,16,0,244
2023,11,13,16,15,294
2023,11,13,16,30,305
2023,11,13,16,45,377
2023,11,13,17,0,387
2023,11,13,17,15,369
2023,11,13,17,30,374
2023,11,13,17,45,443
2023,11,13,18,0,522
2023,11,13,18,15,514
2023,11,13,18,30,516
2023,11,13,18,45,478
2023,11,13,19,0,475
2023,11,13,19,15,479
2023,11,13,19,30,366
2023,11,13,19,45,393
2023,11,13,20,0,462
2023,11,13,20,15,518
2023,11,13,20,30,499
2023,11,13,20,45,409
2023,11,13,21,0,438
2023,11,13,21,15,360
2023,11,13,21,30,409
2023,11,13,21,45,298
2023,11,13,22,0,352
2023,11,13,22,15,240
2023,11,13,22,30,339
2023,11,13,22,45,249
2023,11,13,23,0,207
2023,11,13,23,15,96
2023,11,13,23,30,126
2023,11,13,23,45,84
2023,11,14,0,0,50
2023,11,14,0,15,21
2023,11,14,0,30,0
2023,11,14,0,45,0
2023,11,14,1,0,0
2023,11,14,1,15,0
2023,11,14,1,30,0
2023,11,14,1,45,0
2023,11,14,2,0,0
2023,11,14,2,15,0
2023,11,14,2,30,0
2023,11,14,2,45,0
2023,11,14,3,0,0
2023,11,14,3,15,0
2023,11,14,3,30,0
2023,11,14,3,45,0
2023,11,14,4,0,0
2023,11,14,4,15,0
2023,11,14,4,30,0
2023,11,14,4,45,0
2023,11,14,5,0,0
2023,11,14,5,15,0
2023,11,14,5,30,0
2023,11,14,5,45,0
2023,11,14,6,0,0
2023,11,14,6,15,0
2023,11,14,6,30,0
2023,11,14,6,45,0
2023,11,14,7,0,0
2023,11,14,7,15,0
2023,11,14,7,30,0
2023,11,14,7,45,0
2023,11,14,8,0,0
2023,11,14,8,15,0
2023,11,14,8,30,0
2023,11,14,8,45,0
2023,11,14,9,0,0
2023,11,14,9,15,0
2023,11,14,9,30,0
2023,11,14,9,45,0
2023,11,14,10,0,0
2023,11,14,10,15,0
2023,11,14,10,30,0
2023,11,14,10,45,0
2023,11,14,11,0,0
2023,11,14,11,15,0
2023,11,14,11,30,0
2023,11,14,11,45,0
2023,11,14,12,0,0
2023,11,14,12,15,0
2023,11,14,12,30,0
2023,11,14,12,45,0
2023,11,14,13,0,0
2023,11,14,13,15,0
2023,11,14,13,30,0
2023,11,14,13,45,0
2023,11,14,14,0,0
2023,11,14,14,15,0
2023,11,14,14,30,25
2023,11,14,14,45,60
2023,11,14,15,0,103
2023,11,14,15,15,148
2023,11,14,15,30,194
2023,11,14,15,45,239
2023,11,14,16,0,285
2023,11,14,16,15,328
2023,11,14,16,30,370
2023,11,14,16,45,410
2023,11,14,17,0,447
2023,11,14,17,15,481
2023,11,14,17,30,511
2023,11,14,17,45,538
2023,11,14,18,0,500
2023,11,14,18,15,524
2023,11,14,18,30,514
2023,11,14,18,45,476
2023,11,14,19,0,619
2023,11,14,19,15,624
2023,11,14,19,30,622
2023,11,14,19,45,618
2023,11,14,20,0,611
2023,11,14,20,15,599
2023,11,14,20,30,583
2023,11,14,20,45,563
2023,11,14,21,0,540
2023,11,14,21,15,514
2023,11,14,21,30,484
2023,11,14,21,45,451
2023,11,14,22,0,415
2023,11,14,22,15,376
2023,11,14,22,30,335
2023,11,14,22,45,293
2023,11,14,23,0,248
2023,11,14,23,15,202
2023,11,14,23,30,157
2023,11,14,23,45,94
2023,11,15,0,0,52
2023,11,15,0,15,32
2023,11,15,0,30,0
2023,11,15,0,45,0
2023,11,15,1,0,0
2023,11,15,1,15,0
2023,11,15,1,30,0
2023,11,15,1,45,0
2023,11,15,2,0,0
2023,11,15,2,15,0
2023,11,15,2,30,0
2023,11,15,2,45,0
2023,11,15,3,0,0
2023,11,15,3,15,0
2023,11,15,3,30,0
2023,11,15,3,45,0
2023,11,15,4,0,0
2023,11,15,4,15,0
2023,11,15,4,30,0
2023,11,15,4,45,0
2023,11,15,5,0,0
2023,11,15,5,15,0
2023,11,15,5,30,0
2023,11,15,5,45,0
2023,11,15,6,0,0
2023,11,15,6,15,0
2023,11,15,6,30,0
2023,11,15,6,45,0
2023,11,15,7,0,0
2023,11,15,7,15,0
2023,11,15,7,30,0
2023,11,15,7,45,0
2023,11,15,8,0,0
2023,11,15,8,15,0
2023,11,15,8,30,0
2023,11,15,8,45,0
2023,11,15,9,0,0
2023,11,15,9,15,0
2023,11,15,9,30,0
2023,11,15,9,45,0
2023,11,15,10,0,0
2023,11,15,10,15,0
2023,11,15,10,30,0
2023,11,15,10,45,0
2023,11,15,11,0,0
2023,11,15,11,15,0
2023,11,15,11,30,0
2023,11,15,11,45,0
2023,11,15,12,0,0
2023,11,15,12,15,0
2023,11,15,12,30,0
2023,11,15,12,45,0
2023,11,15,13,0,0
2023,11,15,13,15,0
2023,11,15,13,30,0
2023,11,15,13,45,0
2023,11,15,14,0,0
2023,11,15,14,15,0
2023,11,15,14,30,15
2023,11,15,14,45,42
2023,11,15,15,0,99
2023,11,15,15,15,144
2023,11,15,15,30,189
2023,11,15,15,45,234
2023,11,15,16,0,278
2023,11,15,16,15,303
2023,11,15,16,30,316
2023,11,15,16,45,348
2023,11,15,17,0,355
2023,11,15,17,15,400
2023,11,15,17,30,340
2023,11,15,17,45,429
2023,11,15,18,0,404
2023,11,15,18,15,430
2023,11,15,18,30,505
2023,11,15,18,45,530
2023,11,15,19,0,520
2023,11,15,19,15,528
2023,11,15,19,30,471
2023,11,15,19,45,449
2023,11,15,20,0,357
2023,11,15,20,15,354
2023,11,15,20,30,265
2023,11,15,20,45,268
2023,11,15,21,0,227
2023,11,15,21,15,197
2023,11,15,21,30,104
2023,11,15,21,45,104
2023,11,15,22,0,123
2023,11,15,22,15,94
2023,11,15,22,30,96
2023,11,15,22,45,59
2023,11,15,23,0,98
2023,11,15,23,15,64
2023,11,15,23,30,34
2023,11,15,23,45,13
2023,11,16,0,0,12
2023,11,16,0,15,10
2023,11,16,0,30,0
2023,11,16,0,45,0
2023,11,16,1,0,0
2023,11,16,1,15,0
2023,11,16,1,30,0
2023,11,16,1,45,0
2023,11,16,2,0,0
2023,11,16,2,15,0
2023,11,16,2,30,0
2023,11,16,2,45,0
2023,11,16,3,0,0
2023,11,16,3,15,0
2023,11,16,3,30,0
2023,11,16,3,45,0
2023,11,16,4,0,0
2023,11,16,4,15,0
2023,11,16,4,30,0
2023,11,16,4,45,0
2023,11,16,5,0,0
2023,11,16,5,15,0
2023,11,16,5,30,0
2023,11,16,5,45,0
2023,11,16,6,0,0
2023,11,16,6,15,0
2023,11,16,6,30,0
2023,11,16,6,45,0
2023,11,16,7,0,0
2023,11,16,7,15,0
2023,11,16,7,30,0
2023,11,16,7,45,0
2023,11,16,8,0,0
2023,11,16,8,15,0
2023,11,16,8,30,0
2023,11,16,8,45,0
2023,11,16,9,0,0
2023,11,16,9,15,0
2023,11,16,9,30,0
2023,11,16,9,45,0
2023,11,16,10,0,0
2023,11,16,10,15,0
2023,11,16,10,30,0
2023,11,16,10,45,0
2023,11,16,11,0,0
2023,11,16,11,15,0
2023,11,16,11,30,0
2023,11,16,11,45,0
2023,11,16,12,0,0
2023,11,16,12,15,0
2023,11,16,12,30,0
2023,11,16,12,45,0
2023,11,16,13,0,0
2023,11,16,13,15,0
2023,11,16,13,30,0
2023,11,16,13,45,0
2023,11,16,14,0,0
2023,11,16,14,15,0
2023,11,16,14,30,21
2023,11,16,14,45,53
2023,11,16,15,0,93
2023,11,16,15,15,136
2023,11,16,15,30,181
2023,11,16,15,45,226
2023,11,16,16,0,270
2023,11,16,16,15,93
2023,11,16,16,30,355
2023,11,16,16,45,178
2023,11,16,17,0,219
2023,11,16,17,15,464
2023,11,16,17,30,494
2023,11,16,17,45,350
2023,11,16,18,0,167
2023,11,16,18,15,232
2023,11,16,18,30,500
2023,11,16,18,45,447
2023,11,16,19,0,405
2023,11,16,19,15,231
2023,11,16,19,30,437
2023,11,16,19,45,604
2023,11,16,20,0,598
2023,11,16,20,15,586
2023,11,16,20,30,571
2023,11,16,20,45,549
2023,11,16,21,0,527
2023,11,16,21,15,500
2023,11,16,21,30,471
2023,11,16,21,45,438
2023,11,16,22,0,403
2023,11,16,22,15,366
2023,11,16,22,30,325
2023,11,16,22,45,282
2023,11,16,23,0,238
2023,11,16,23,15,193
2023,11,16,23,30,147
2023,11,16,23,45,103
2023,11,17,0,0,62
2023,11,17,0,15,27
2023,11,17,0,30,0
2023,11,17,0,45,0
2023,11,17,1,0,0
2023,11,17,1,15,0
2023,11,17,1,30,0
2023,11,17,1,45,0
2023,11,17,2,0,0
2023,11,17,2,15,0
2023,11,17,2,30,0
2023,11,17,2,45,0
2023,11,17,3,0,0
2023,11,17,3,15,0
2023,11,17,3,30,0
2023,11,17,3,45,0
2023,11,17,4,0,0
2023,11,17,4,15,0
2023,11,17,4,30,0
2023,11,17,4,45,0
2023,11,17,5,0,0
2023,11,17,5,15,0
2023,11,17,5,30,0
2023,11,17,5,45,0
2023,11,17,6,0,0
2023,11,17,6,15,0
2023,11,17,6,30,0
2023,11,17,6,45,0
2023,11,17,7,0,0
2023,11,17,7,15,0
2023,11,17,7,30,0
2023,11,17,7,45,0
2023,11,17,8,0,0
2023,11,17,8,15,0
2023,11,17,8,30,0
2023,11,17,8,45,0
2023,11,17,9,0,0
2023,11,17,9,15,0
2023,11,17,9,30,0
2023,11,17,9,45,0
2023,11,17,10,0,0
2023,11,17,10,15,0
2023,11,17,10,30,0
2023,11,17,10,45,0
2023,11,17,11,0,0
2023,11,17,11,15,0
2023,11,17,11,30,0
2023,11,17,11,45,0
2023,11,17,12,0,0
2023,11,17,12,15,0
2023,11,17,12,30,0
2023,11,17,12,45,0
2023,11,17,13,0,0
2023,11,17,13,15,0
2023,11,17,13,30,0
2023,11,17,13,45,0
2023,11,17,14,0,0
2023,11,17,14,15,0
2023,11,17,14,30,19
2023,11,17,14,45,30
2023,11,17,15,0,90
2023,11,17,15,15,134
2023,11,17,15,30,77
2023,11,17,15,45,224
2023,11,17,16,0,268
2023,11,17,16,15,223
2023,11,17,16,30,219
2023,11,17,16,45,391
2023,11,17,17,0,428
2023,11,17,17,15,461
2023,11,17,17,30,491
2023,11,17,17,45,520
2023,11,17,18,0,544
2023,11,17,18,15,563
2023,11,17,18,30,580
2023,11,17,18,45,592
2023,11,17,19,0,601
2023,11,17,19,15,607
2023,11,17,19,30,608
2023,11,17,19,45,604
2023,11,17,20,0,597
2023,11,17,20,15,586
2023,11,17,20,30,570
2023,11,17,20,45,552
2023,11,17,21,0,347
2023,11,17,21,15,341
2023,11,17,21,30,473
2023,11,17,21,45,442
2023,11,17,22,0,406
2023,11,17,22,15,368
2023,11,17,22,30,327
2023,11,17,22,45,285
2023,11,17,23,0,240
2023,11,17,23,15,195
2023,11,17,23,30,150
2023,11,17,23,45,105
2023,11,18,0,0,63
2023,11,18,0,15,28
2023,11,18,0,30,0
2023,11,18,0,45,0
2023,11,18,1,0,0
2023,11,18,1,15,0
2023,11,18,1,30,0
2023,11,18,1,45,0
2023,11,18,2,0,0
2023,11,18,2,15,0
2023,11,18,2,30,0
2023,11,18,2,45,0
2023,11,18,3,0,0
2023,11,18,3,15,0
2023,11,18,3,30,0
2023,11,18,3,45,0
2023,11,18,4,0,0
2023,11,18,4,15,0
2023,11,18,4,30,0
2023,11,18,4,45,0
2023,11,18,5,0,0
2023,11,18,5,15,0
2023,11,18,5,30,0
2023,11,18,5,45,0
2023,11,18,6,0,0
2023,11,18,6,15,0
2023,11,18,6,30,0
2023,11,18,6,45,0
2023,11,18,7,0,0
2023,11,18,7,15,0
2023,11,18,7,30,0
2023,11,18,7,45,0
2023,11,18,8,0,0
2023,11,18,8,15,0
2023,11,18,8,30,0
2023,11,18,8,45,0
2023,11,18,9,0,0
2023,11,18,9,15,0
2023,11,18,9,30,0
2023,11,18,9,45,0
2023,11,18,10,0,0
2023,11,18,10,15,0
2023,11,18,10,30,0
2023,11,18,10,45,0
2023,11,18,11,0,0
2023,11,18,11,15,0
2023,11,18,11,30,0
2023,11,18,11,45,0
2023,11,18,12,0,0
2023,11,18,12,15,0
2023,11,18,12,30,0
2023,11,18,12,45,0
2023,11,18,13,0,0
2023,11,18,13,15,0
2023,11,18,13,30,0
2023,11,18,13,45,0
2023,11,18,14,0,0
2023,11,18,14,15,0
2023,11,18,14,30,18
2023,11,18,14,45,48
2023,11,18,15,0,87
2023,11,18,15,15,130
2023,11,18,15,30,174
2023,11,18,15,45,218
2023,11,18,16,0,262
2023,11,18,16,15,305
2023,11,18,16,30,345
2023,11,18,16,45,383
2023,11,18,17,0,419
2023,11,18,17,15,452
2023,11,18,17,30,482
2023,11,18,17,45,509
2023,11,18,18,0,532
2023,11,18,18,15,552
2023,11,18,18,30,568
2023,11,18,18,45,581
2023,11,18,19,0,589
2023,11,18,19,15,593
2023,11,18,19,30,594
2023,11,18,19,45,591
2023,11,18,20,0,584
2023,11,18,20,15,572
2023,11,18,20,30,557
2023,11,18,20,45,538
2023,11,18,21,0,515
2023,11,18,21,15,490
2023,11,18,21,30,461
2023,11,18,21,45,428
2023,11,18,22,0,393
2023,11,18,22,15,355
2023,11,18,22,30,316
2023,11,18,22,45,274
2023,11,18,23,0,230
2023,11,18,23,15,186
2023,11,18,23,30,142
2023,11,18,23,45,98
2023,11,19,0,0,58
2023,11,19,0,15,25
2023,11,19,0,30,0
2023,11,19,0,45,0
2023,11,19,1,0,0
2023,11,19,1,15,0
2023,11,19,1,30,0
2023,11,19,1,45,0
2023,11,19,2,0,0
2023,11,19,2,15,0
2023,11,19,2,30,0
2023,11,19,2,45,0
2023,11,19,3,0,0
2023,11,19,3,15,0
2023,11,19,3,30,0
2023,11,19,3,45,0
2023,11,19,4,0,0
2023,11,19,4,15,0
2023,11,19,4,30,0
2023,11,19,4,45,0
2023,11,19,5,0,0
2023,11,19,5,15,0
2023,11,19,5,30,0
2023,11,19,5,45,0
2023,11,19,6,0,0
2023,11,19,6,15,0
2023,11,19,6,30,0
2023,11,19,6,45,0
2023,11,19,7,0,0
2023,11,19,7,15,0
2023,11,19,7,30,0
2023,11,19,7,45,0
2023,11,19,8,0,0
2023,11,19,8,15,0
2023,11,19,8,30,0
2023,11,19,8,45,0
2023,11,19,9,0,0
2023,11,19,9,15,0
2023,11,19,9,30,0
2023,11,19,9,45,0
2023,11,19,10,0,0
2023,11,19,10,15,0
2023,11,19,10,30,0
2023,11,19,10,45,0
2023,11,19,11,0,0
2023,11,19,11,15,0
2023,11,19,11,30,0
2023,11,19,11,45,0
2023,11,19,12,0,0
2023,11,19,12,15,0
2023,11,19,12,30,0
2023,11,19,12,45,0
2023,11,19,13,0,0
2023,11,19,13,15,0
2023,11,19,13,30,0
2023,11,19,13,45,0
2023,11,19,14,0,0
2023,11,19,14,15,0
2023,11,19,14,30,17
2023,11,19,14,45,48
2023,11,19,15,0,87
2023,11,19,15,15,131
2023,11,19,15,30,177
2023,11,19,15,45,223
2023,11,19,16,0,267
2023,11,19,16,15,313
2023,11,19,16,30,354
2023,11,19,16,45,394
2023,11,19,17,0,431
2023,11,19,17,15,468
2023,11,19,17,30,499
2023,11,19,17,45,529
2023,11,19,18,0,554
2023,11,19,18,15,574
2023,11,19,18,30,595
2023,11,19,18,45,608
2023,11,19,19,0,617
2023,11,19,19,15,622
2023,11,19,19,30,622
2023,11,19,19,45,619
2023,11,19,20,0,611
2023,11,19,20,15,595
2023,11,19,20,30,580
2023,11,19,20,45,561
2023,11,19,21,0,538
2023,11,19,21,15,511
2023,11,19,21,30,481
2023,11,19,21,45,448
2023,11,19,22,0,412
2023,11,19,22,15,373
2023,11,19,22,30,331
2023,11,19,22,45,287
2023,11,19,23,0,242
2023,11,19,23,15,196
2023,11,19,23,30,150
2023,11,19,23,45,105
2023,11,20,0,0,62
2023,11,20,0,15,27
2023,11,20,0,30,0
2023,11,20,0,45,0
2023,11,20,1,0,0
2023,11,20,1,15,0
2023,11,20,1,30,0
2023,11,20,1,45,0
2023,11,20,2,0,0
2023,11,20,2,15,0
2023,11,20,2,30,0
2023,11,20,2,45,0
2023,11,20,3,0,0
2023,11,20,3,15,0
2023,11,20,3,30,0
2023,11,20,3,45,0
2023,11,20,4,0,0
2023,11,20,4,15,0
2023,11,20,4,30,0
2023,11,20,4,45,0
2023,11,20,5,0,0
2023,11,20,5,15,0
2023,11,20,5,30,0
2023,11,20,5,45,0
2023,11,20,6,0,0
2023,11,20,6,15,0
2023,11,20,6,30,0
2023,11,20,6,45,0
2023,11,20,7,0,0
2023,11,20,7,15,0
2023,11,20,7,30,0
2023,11,20,7,45,0
2023,11,20,8,0,0
2023,11,20,8,15,0
2023,11,20,8,30,0
2023,11,20,8,45,0
2023,11,20,9,0,0
2023,11,20,9,15,0
2023,11,20,9,30,0
2023,11,20,9,45,0
2023,11,20,10,0,0
2023,11,20,10,15,0
2023,11,20,10,30,0
2023,11,20,10,45,0
2023,11,20,11,0,0
2023,11,20,11,15,0
2023,11,20,11,30,0
2023,11,20,11,45,0
2023,11,20,12,0,0
2023,11,20,12,15,0
2023,11,20,12,30,0
2023,11,20,12,45,0
2023,11,20,13,0,0
2023,11,20,13,15,0
2023,11,20,13,30,0
2023,11,20,13,45,0
2023,11,20,14,0,0
2023,11,20,14,15,0
2023,11,20,14,30,16
2023,11,20,14,45,47
2023,11,20,15,0,87
2023,11,20,15,15,130
2023,11,20,15,30,176
2023,11,20,15,45,222
2023,11,20,16,0,267
2023,11,20,16,15,310
2023,11,20,16,30,352
2023,11,20,16,45,392
2023,11,20,17,0,429
2023,11,20,17,15,463
2023,11,20,17,30,494
2023,11,20,17,45,522
2023,11,20,18,0,546
2023,11,20,18,15,567
2023,11,20,18,30,584
2023,11,20,18,45,596
2023,11,20,19,0,605
2023,11,20,19,15,610
2023,11,20,19,30,611
2023,11,20,19,45,607
2023,11,20,20,0,600
2023,11,20,20,15,589
2023,11,20,20,30,573
2023,11,20,20,45,553
2023,11,20,21,0,530
2023,11,20,21,15,507
2023,11,20,21,30,477
2023,11,20,21,45,444
2023,11,20,22,0,408
2023,11,20,22,15,369
2023,11,20,22,30,328
2023,11,20,22,45,284
2023,11,20,23,0,239
2023,11,20,23,15,193
2023,11,20,23,30,147
2023,11,20,23,45,102
2023,11,21,0,0,60
2023,11,21,0,15,25
2023,11,21,0,30,0
2023,11,21,0,45,0
2023,11,21,1,0,0
2023,11,21,1,15,0
2023,11,21,1,30,0
2023,11,21,1,45,0
2023,11,21,2,0,0
2023,11,21,2,15,0
2023,11,21,2,30,0
2023,11,21,2,45,0
2023,11,21,3,0,0
2023,11,21,3,15,0
2023,11,21,3,30,0
2023,11,21,3,45,0
2023,11,21,4,0,0
2023,11,21,4,15,0
2023,11,21,4,30,0
2023,11,21,4,45,0
2023,11,21,5,0,0
2023,11,21,5,15,0
2023,11,21,5,30,0
2023,11,21,5,45,0
2023,11,21,6,0,0
2023,11,21,6,15,0
2023,11,21,6,30,0
2023,11,21,6,45,0
2023,11,21,7,0,0
2023,11,21,7,15,0
2023,11,21,7,30,0
2023,11,21,7,45,0
2023,11,21,8,0,0
2023,11,21,8,15,0
2023,11,21,8,30,0
2023,11,21,8,45,0
2023,11,21,9,0,0
2023,11,21,9,15,0
2023,11,21,9,30,0
2023,11,21,9,45,0
2023,11,21,10,0,0
2023,11,21,10,15,0
2023,11,21,10,30,0
2023,11,21,10,45,0
2023,11,21,11,0,0
2023,11,21,11,15,0
2023,11,21,11,30,0
2023,11,21,11,45,0
2023,11,21,12,0,0
2023,11,21,12,15,0
2023,11,21,12,30,0
2023,11,21,12,45,0
2023,11,21,13,0,0
2023,11,21,13,15,0
2023,11,21,13,30,0
2023,11,21,13,45,0
2023,11,21,14,0,0
2023,11,21,14,15,0
2023,11,21,14,30,0
2023,11,21,14,45,44
2023,11,21,15,0,84
2023,11,21,15,15,128
2023,11,21,15,30,173
2023,11,21,15,45,219
2023,11,21,16,0,264
2023,11,21,16,15,307
2023,11,21,16,30,349
2023,11,21,16,45,391
2023,11,21,17,0,428
2023,11,21,17,15,462
2023,11,21,17,30,493
2023,11,21,17,45,521
2023,11,21,18,0,545
2023,11,21,18,15,566
2023,11,21,18,30,583
2023,11,21,18,45,596
2023,11,21,19,0,605
2023,11,21,19,15,609
2023,11,21,19,30,610
2023,11,21,19,45,607
2023,11,21,20,0,599
2023,11,21,20,15,588
2023,11,21,20,30,573
2023,11,21,20,45,555
2023,11,21,21,0,532
2023,11,21,21,15,505
2023,11,21,21,30,476
2023,11,21,21,45,443
2023,11,21,22,0,407
2023,11,21,22,15,368
2023,11,21,22,30,327
2023,11,21,22,45,283
2023,11,21,23,0,238
2023,11,21,23,15,193
2023,11,21,23,30,146
2023,11,21,23,45,101
2023,11,22,0,0,59
2023,11,22,0,15,24
2023,11,22,0,30,0
2023,11,22,0,45,0
2023,11,22,1,0,0
2023,11,22,1,15,0
2023,11,22,1,30,0
2023,11,22,1,45,0
2023,11,22,2,0,0
2023,11,22,2,15,0
2023,11,22,2,30,0
2023,11,22,2,45,0
2023,11,22,3,0,0
2023,11,22,3,15,0
2023,11,22,3,30,0
2023,11,22,3,45,0
2023,11,22,4,0,0
2023,11,22,4,15,0
2023,11,22,4,30,0
2023,11,22,4,45,0
2023,11,22,5,0,0
2023,11,22,5,15,0
2023,11,22,5,30,0
2023,11,22,5,45,0
2023,11,22,6,0,0
2023,11,22,6,15,0
2023,11,22,6,30,0
2023,11,22,6,45,0
2023,11,22,7,0,0
2023,11,22,7,15,0
2023,11,22,7,30,0
2023,11,22,7,45,0
2023,11,22,8,0,0
2023,11,22,8,15,0
2023,11,22,8,30,0
2023,11,22,8,45,0
2023,11,22,9,0,0
2023,11,22,9,15,0
2023,11,22,9,30,0
2023,11,22,9,45,0
2023,11,22,10,0,0
2023,11,22,10,15,0
2023,11,22,10,30,0
2023,11,22,10,45,0
2023,11,22,11,0,0
2023,11,22,11,15,0
2023,11,22,11,30,0
2023,11,22,11,45,0
2023,11,22,12,0,0
2023,11,22,12,15,0
2023,11,22,12,30,0
2023,11,22,12,45,0
2023,11,22,13,0,0
2023,11,22,13,15,0
2023,11,22,13,30,0
2023,11,22,13,45,0
2023,11,22,14,0,0
2023,11,22,14,15,0
2023,11,22,14,30,0
2023,11,22,14,45,41
2023,11,22,15,0,79
2023,11,22,15,15,123
2023,11,22,15,30,168
2023,11,22,15,45,213
2023,11,22,16,0,258
2023,11,22,16,15,301
2023,11,22,16,30,343
2023,11,22,16,45,382
2023,11,22,17,0,419
2023,11,22,17,15,453
2023,11,22,17,30,484
2023,11,22,17,45,512
2023,11,22,18,0,536
2023,11,22,18,15,557
2023,11,22,18,30,576
2023,11,22,18,45,589
2023,11,22,19,0,598
2023,11,22,19,15,603
2023,11,22,19,30,604
2023,11,22,19,45,601
2023,11,22,20,0,594
2023,11,22,20,15,582
2023,11,22,20,30,567
2023,11,22,20,45,548
2023,11,22,21,0,526
2023,11,22,21,15,499
2023,11,22,21,30,470
2023,11,22,21,45,437
2023,11,22,22,0,402
2023,11,22,22,15,363
2023,11,22,22,30,322
2023,11,22,22,45,279
2023,11,22,23,0,235
2023,11,22,23,15,189
2023,11,22,23,30,144
2023,11,22,23,45,99
2023,11,23,0,0,58
2023,11,23,0,15,24
2023,11,23,0,30,0
2023,11,23,0,45,0
2023,11,23,1,0,0
2023,11,23,1,15,0
2023,11,23,1,30,0
2023,11,23,1,45,0
2023,11,23,2,0,0
2023,11,23,2,15,0
2023,11,23,2,30,0
2023,11,23,2,45,0
2023,11,23,3,0,0
2023,11,23,3,15,0
2023,11,23,3,30,0
2023,11,23,3,45,0
2023,11,23,4,0,0
2023,11,23,4,15,0
2023,11,23,4,30,0
2023,11,23,4,45,0
2023,11,23,5,0,0
2023,11,23,5,15,0
2023,11,23,5,30,0
2023,11,23,5,45,0
2023,11,23,6,0,0
2023,11,23,6,15,0
2023,11,23,6,30,0
2023,11,23,6,45,0
2023,11,23,7,0,0
2023,11,23,7,15,0
2023,11,23,7,30,0
2023,11,23,7,45,0
2023,11,23,8,0,0
2023,11,23,8,15,0
2023,11,23,8,30,0
2023,11,23,8,45,0
2023,11,23,9,0,0
2023,11,23,9,15,0
2023,11,23,9,30,0
2023,11,23,9,45,0
2023,11,23,10,0,0
2023,11,23,10,15,0
2023,11,23,10,30,0
2023,11,23,10,45,0
2023,11,23,11,0,0
2023,11,23,11,15,0
2023,11,23,11,30,0
2023,11,23,11,45,0
2023,11,23,12,0,0
2023,11,23,12,15,0
2023,11,23,12,30,0
2023,11,23,12,45,0
2023,11,23,13,0,0
2023,11,23,13,15,0
2023,11,23,13,30,0
2023,11,23,13,45,0
2023,11,23,14,0,0
2023,11,23,14,15,0
2023,11,23,14,30,0
2023,11,23,14,45,18
2023,11,23,15,0,32
2023,11,23,15,15,95
2023,11,23,15,30,135
2023,11,23,15,45,207
2023,11,23,16,0,111
2023,11,23,16,15,214
2023,11,23,16,30,250
2023,11,23,16,45,291
2023,11,23,17,0,298
2023,11,23,17,15,351
2023,11,23,17,30,292
2023,11,23,17,45,448
2023,11,23,18,0,361
2023,11,23,18,15,458
2023,11,23,18,30,470
2023,11,23,18,45,455
2023,11,23,19,0,368
2023,11,23,19,15,452
2023,11,23,19,30,488
2023,11,23,19,45,404
2023,11,23,20,0,485
2023,11,23,20,15,570
2023,11,23,20,30,555
2023,11,23,20,45,537
2023,11,23,21,0,514
2023,11,23,21,15,488
2023,11,23,21,30,459
2023,11,23,21,45,426
2023,11,23,22,0,391
2023,11,23,22,15,353
2023,11,23,22,30,312
2023,11,23,22,45,270
2023,11,23,23,0,226
2023,11,23,23,15,181
2023,11,23,23,30,136
2023,11,23,23,45,92
2023,11,24,0,0,52
2023,11,24,0,15,20
2023,11,24,0,30,0
2023,11,24,0,45,0
2023,11,24,1,0,0
2023,11,24,1,15,0
2023,11,24,1,30,0
2023,11,24,1,45,0
2023,11,24,2,0,0
2023,11,24,2,15,0
2023,11,24,2,30,0
2023,11,24,2,45,0
2023,11,24,3,0,0
2023,11,24,3,15,0
2023,11,24,3,30,0
2023,11,24,3,45,0
2023,11,24,4,0,0
2023,11,24,4,15,0
2023,11,24,4,30,0
2023,11,24,4,45,0
2023,11,24,5,0,0
2023,11,24,5,15,0
2023,11,24,5,30,0
2023,11,24,5,45,0
2023,11,24,6,0,0
2023,11,24,6,15,0
2023,11,24,6,30,0
2023,11,24,6,45,0
2023,11,24,7,0,0
2023,11,24,7,15,0
2023,11,24,7,30,0
2023,11,24,7,45,0
2023,11,24,8,0,0
2023,11,24,8,15,0
2023,11,24,8,30,0
2023,11,24,8,45,0
2023,11,24,9,0,0
2023,11,24,9,15,0
2023,11,24,9,30,0
2023,11,24,9,45,0
2023,11,24,10,0,0
2023,11,24,10,15,0
2023,11,24,10,30,0
2023,11,24,10,45,0
2023,11,24,11,0,0
2023,11,24,11,15,0
2023,11,24,11,30,0
2023,11,24,11,45,0
2023,11,24,12,0,0
2023,11,24,12,15,0
2023,11,24,12,30,0
2023,11,24,12,45,0
2023,11,24,13,0,0
2023,11,24,13,15,0
2023,11,24,13,30,0
2023,11,24,13,45,0
2023,11,24,14,0,0
2023,11,24,14,15,0
2023,11,24,14,30,0
2023,11,24,14,45,17
2023,11,24,15,0,38
2023,11,24,15,15,66
2023,11,24,15,30,111
2023,11,24,15,45,74
2023,11,24,16,0,169
2023,11,24,16,15,288
2023,11,24,16,30,330
2023,11,24,16,45,371
2023,11,24,17,0,407
2023,11,24,17,15,443
2023,11,24,17,30,474
2023,11,24,17,45,506
2023,11,24,18,0,530
2023,11,24,18,15,551
2023,11,24,18,30,571
2023,11,24,18,45,585
2023,11,24,19,0,594
2023,11,24,19,15,604
2023,11,24,19,30,605
2023,11,24,19,45,602
2023,11,24,20,0,595
2023,11,24,20,15,584
2023,11,24,20,30,569
2023,11,24,20,45,555
2023,11,24,21,0,532
2023,11,24,21,15,505
2023,11,24,21,30,475
2023,11,24,21,45,442
2023,11,24,22,0,406
2023,11,24,22,15,364
2023,11,24,22,30,322
2023,11,24,22,45,279
2023,11,24,23,0,234
2023,11,24,23,15,189
2023,11,24,23,30,143
2023,11,24,23,45,98
2023,11,25,0,0,56
2023,11,25,0,15,22
2023,11,25,0,30,0
2023,11,25,0,45,0
2023,11,25,1,0,0
2023,11,25,1,15,0
2023,11,25,1,30,0
2023,11,25,1,45,0
2023,11,25,2,0,0
2023,11,25,2,15,0
2023,11,25,2,30,0
2023,11,25,2,45,0
2023,11,25,3,0,0
2023,11,25,3,15,0
2023,11,25,3,30,0
2023,11,25,3,45,0
2023,11,25,4,0,0
2023,11,25,4,15,0
2023,11,25,4,30,0
2023,11,25,4,45,0
2023,11,25,5,0,0
2023,11,25,5,15,0
2023,11,25,5,30,0
2023,11,25,5,45,0
2023,11,25,6,0,0
2023,11,25,6,15,0
2023,11,25,6,30,0
2023,11,25,6,45,0
2023,11,25,7,0,0
2023,11,25,7,15,0
2023,11,25,7,30,0
2023,11,25,7,45,0
2023,11,25,8,0,0
2023,11,25,8,15,0
2023,11,25,8,30,0
2023,11,25,8,45,0
2023,11,25,9,0,0
2023,11,25,9,15,0
2023,11,25,9,30,0
2023,11,25,9,45,0
2023,11,25,10,0,0
2023,11,25,10,15,0
2023,11,25,10,30,0
2023,11,25,10,45,0
2023,11,25,11,0,0
2023,11,25,11,15,0
2023,11,25,11,30,0
2023,11,25,11,45,0
2023,11,25,12,0,0
2023,11,25,12,15,0
2023,11,25,12,30,0
2023,11,25,12,45,0
2023,11,25,13,0,0
2023,11,25,13,15,0
2023,11,25,13,30,0
2023,11,25,13,45,0
2023,11,25,14,0,0
2023,11,25,14,15,0
2023,11,25,14,30,0
2023,11,25,14,45,34
2023,11,25,15,0,71
2023,11,25,15,15,113
2023,11,25,15,30,159
2023,11,25,15,45,205
2023,11,25,16,0,250
2023,11,25,16,15,294
2023,11,25,16,30,336
2023,11,25,16,45,376
2023,11,25,17,0,413
2023,11,25,17,15,447
2023,11,25,17,30,479
2023,11,25,17,45,507
2023,11,25,18,0,531
2023,11,25,18,15,552
2023,11,25,18,30,569
2023,11,25,18,45,582
2023,11,25,19,0,591
2023,11,25,19,15,596
2023,11,25,19,30,597
2023,11,25,19,45,595
2023,11,25,20,0,588
2023,11,25,20,15,576
2023,11,25,20,30,562
2023,11,25,20,45,542
2023,11,25,21,0,520
2023,11,25,21,15,494
2023,11,25,21,30,464
2023,11,25,21,45,431
2023,11,25,22,0,396
2023,11,25,22,15,357
2023,11,25,22,30,319
2023,11,25,22,45,276
2023,11,25,23,0,232
2023,11,25,23,15,186
2023,11,25,23,30,140
2023,11,25,23,45,96
2023,11,26,0,0,55
2023,11,26,0,15,21
2023,11,26,0,30,0
2023,11,26,0,45,0
2023,11,26,1,0,0
2023,11,26,1,15,0
2023,11,26,1,30,0
2023,11,26,1,45,0
2023,11,26,2,0,0
2023,11,26,2,15,0
2023,11,26,2,30,0
2023,11,26,2,45,0
2023,11,26,3,0,0
2023,11,26,3,15,0
2023,11,26,3,30,0
2023,11,26,3,45,0
2023,11,26,4,0,0
2023,11,26,4,15,0
2023,11,26,4,30,0
2023,11,26,4,45,0
2023,11,26,5,0,0
2023,11,26,5,15,0
2023,11,26,5,30,0
2023,11,26,5,45,0
2023,11,26,6,0,0
2023,11,26,6,15,0
2023,11,26,6,30,0
2023,11,26,6,45,0
2023,11,26,7,0,0
2023,11,26,7,15,0
2023,11,26,7,30,0
2023,11,26,7,45,0
2023,11,26,8,0,0
2023,11,26,8,15,0
2023,11,26,8,30,0
2023,11,26,8,45,0
2023,11,26,9,0,0
2023,11,26,9,15,0
2023,11,26,9,30,0
2023,11,26,9,45,0
2023,11,26,10,0,0
2023,11,26,10,15,0
2023,11,26,10,30,0
2023,11,26,10,45,0
2023,11,26,11,0,0
2023,11,26,11,15,0
2023,11,26,11,30,0
2023,11,26,11,45,0
2023,11,26,12,0,0
2023,11,26,12,15,0
2023,11,26,12,30,0
2023,11,26,12,45,0
2023,11,26,13,0,0
2023,11,26,13,15,0
2023,11,26,13,30,0
2023,11,26,13,45,0
2023,11,26,14,0,0
2023,11,26,14,15,0
2023,11,26,14,30,0
2023,11,26,14,45,33
2023,11,26,15,0,70
2023,11,26,15,15,113
2023,11,26,15,30,158
2023,11,26,15,45,204
2023,11,26,16,0,249
2023,11,26,16,15,293
2023,11,26,16,30,335
2023,11,26,16,45,375
2023,11,26,17,0,413
2023,11,26,17,15,447
2023,11,26,17,30,479
2023,11,26,17,45,508
2023,11,26,18,0,533
2023,11,26,18,15,554
2023,11,26,18,30,571
2023,11,26,18,45,584
2023,11,26,19,0,594
2023,11,26,19,15,599
2023,11,26,19,30,600
2023,11,26,19,45,597
2023,11,26,20,0,590
2023,11,26,20,15,580
2023,11,26,20,30,565
2023,11,26,20,45,545
2023,11,26,21,0,523
2023,11,26,21,15,497
2023,11,26,21,30,467
2023,11,26,21,45,434
2023,11,26,22,0,399
2023,11,26,22,15,360
2023,11,26,22,30,319
2023,11,26,22,45,276
2023,11,26,23,0,232
2023,11,26,23,15,186
2023,11,26,23,30,140
2023,11,26,23,45,96
2023,11,27,0,0,55
2023,11,27,0,15,21
2023,11,27,0,30,0
2023,11,27,0,45,0
2023,11,27,1,0,0
2023,11,27,1,15,0
2023,11,27,1,30,0
2023,11,27,1,45,0
2023,11,27,2,0,0
2023,11,27,2,15,0
2023,11,27,2,30,0
2023,11,27,2,45,0
2023,11,27,3,0,0
2023,11,27,3,15,0
2023,11,27,3,30,0
2023,11,27,3,45,0
2023,11,27,4,0,0
2023,11,27,4,15,0
2023,11,27,4,30,0
2023,11,27,4,45,0
2023,11,27,5,0,0
2023,11,27,5,15,0
2023,11,27,5,30,0
2023,11,27,5,45,0
2023,11,27,6,0,0
2023,11,27,6,15,0
2023,11,27,6,30,0
2023,11,27,6,45,0
2023,11,27,7,0,0
2023,11,27,7,15,0
2023,11,27,7,30,0
2023,11,27,7,45,0
2023,11,27,8,0,0
2023,11,27,8,15,0
2023,11,27,8,30,0
2023,11,27,8,45,0
2023,11,27,9,0,0
2023,11,27,9,15,0
2023,11,27,9,30,0
2023,11,27,9,45,0
2023,11,27,10,0,0
2023,11,27,10,15,0
2023,11,27,10,30,0
2023,11,27,10,45,0
2023,11,27,11,0,0
2023,11,27,11,15,0
2023,11,27,11,30,0
2023,11,27,11,45,0
2023,11,27,12,0,0
2023,11,27,12,15,0
2023,11,27,12,30,0
2023,11,27,12,45,0
2023,11,27,13,0,0
2023,11,27,13,15,0
2023,11,27,13,30,0
2023,11,27,13,45,0
2023,11,27,14,0,0
2023,11,27,14,15,0
2023,11,27,14,30,0
2023,11,27,14,45,32
2023,11,27,15,0,69
2023,11,27,15,15,113
2023,11,27,15,30,158
2023,11,27,15,45,204
2023,11,27,16,0,250
2023,11,27,16,15,294
2023,11,27,16,30,336
2023,11,27,16,45,381
2023,11,27,17,0,419
2023,11,27,17,15,454
2023,11,27,17,30,486
2023,11,27,17,45,514
2023,11,27,18,0,539
2023,11,27,18,15,561
2023,11,27,18,30,578
2023,11,27,18,45,592
2023,11,27,19,0,601
2023,11,27,19,15,607
2023,11,27,19,30,608
2023,11,27,19,45,605
2023,11,27,20,0,598
2023,11,27,20,15,587
2023,11,27,20,30,572
2023,11,27,20,45,553
2023,11,27,21,0,531
2023,11,27,21,15,504
2023,11,27,21,30,475
2023,11,27,21,45,442
2023,11,27,22,0,405
2023,11,27,22,15,367
2023,11,27,22,30,325
2023,11,27,22,45,282
2023,11,27,23,0,236
2023,11,27,23,15,190
2023,11,27,23,30,144
2023,11,27,23,45,98
2023,11,28,0,0,56
2023,11,28,0,15,21
2023,11,28,0,30,0
2023,11,28,0,45,0
2023,11,28,1,0,0
2023,11,28,1,15,0
2023,11,28,1,30,0
2023,11,28,1,45,0
2023,11,28,2,0,0
2023,11,28,2,15,0
2023,11,28,2,30,0
2023,11,28,2,45,0
2023,11,28,3,0,0
2023,11,28,3,15,0
2023,11,28,3,30,0
2023,11,28,3,45,0
2023,11,28,4,0,0
2023,11,28,4,15,0
2023,11,28,4,30,0
2023,11,28,4,45,0
2023,11,28,5,0,0
2023,11,28,5,15,0
2023,11,28,5,30,0
2023,11,28,5,45,0
2023,11,28,6,0,0
2023,11,28,6,15,0
2023,11,28,6,30,0
2023,11,28,6,45,0
2023,11,28,7,0,0
2023,11,28,7,15,0
2023,11,28,7,30,0
2023,11,28,7,45,0
2023,11,28,8,0,0
2023,11,28,8,15,0
2023,11,28,8,30,0
2023,11,28,8,45,0
2023,11,28,9,0,0
2023,11,28,9,15,0
2023,11,28,9,30,0
2023,11,28,9,45,0
2023,11,28,10,0,0
2023,11,28,10,15,0
2023,11,28,10,30,0
2023,11,28,10,45,0
2023,11,28,11,0,0
2023,11,28,11,15,0
2023,11,28,11,30,0
2023,11,28,11,45,0
2023,11,28,12,0,0
2023,11,28,12,15,0
2023,11,28,12,30,0
2023,11,28,12,45,0
2023,11,28,13,0,0
2023,11,28,13,15,0
2023,11,28,13,30,0
2023,11,28,13,45,0
2023,11,28,14,0,0
2023,11,28,14,15,0
2023,11,28,14,30,0
2023,11,28,14,45,28
2023,11,28,15,0,63
2023,11,28,15,15,104
2023,11,28,15,30,148
2023,11,28,15,45,192
2023,11,28,16,0,237
2023,11,28,16,15,280
2023,11,28,16,30,321
2023,11,28,16,45,361
2023,11,28,17,0,397
2023,11,28,17,15,431
2023,11,28,17,30,460
2023,11,28,17,45,488
2023,11,28,18,0,512
2023,11,28,18,15,533
2023,11,28,18,30,550
2023,11,28,18,45,563
2023,11,28,19,0,572
2023,11,28,19,15,578
2023,11,28,19,30,579
2023,11,28,19,45,576
2023,11,28,20,0,463
2023,11,28,20,15,477
2023,11,28,20,30,511
2023,11,28,20,45,529
2023,11,28,21,0,507
2023,11,28,21,15,481
2023,11,28,21,30,453
2023,11,28,21,45,421
2023,11,28,22,0,343
2023,11,28,22,15,305
2023,11,28,22,30,265
2023,11,28,22,45,218
2023,11,28,23,0,152
2023,11,28,23,15,123
2023,11,28,23,30,115
2023,11,28,23,45,75
2023,11,29,0,0,37
2023,11,29,0,15,11
2023,11,29,0,30,0
2023,11,29,0,45,0
2023,11,29,1,0,0
2023,11,29,1,15,0
2023,11,29,1,30,0
2023,11,29,1,45,0
2023,11,29,2,0,0
2023,11,29,2,15,0
2023,11,29,2,30,0
2023,11,29,2,45,0
2023,11,29,3,0,0
2023,11,29,3,15,0
2023,11,29,3,30,0
2023,11,29,3,45,0
2023,11,29,4,0,0
2023,11,29,4,15,0
2023,11,29,4,30,0
2023,11,29,4,45,0
2023,11,29,5,0,0
2023,11,29,5,15,0
2023,11,29,5,30,0
2023,11,29,5,45,0
2023,11,29,6,0,0
2023,11,29,6,15,0
2023,11,29,6,30,0
2023,11,29,6,45,0
2023,11,29,7,0,0
2023,11,29,7,15,0
2023,11,29,7,30,0
2023,11,29,7,45,0
2023,11,29,8,0,0
2023,11,29,8,15,0
2023,11,29,8,30,0
2023,11,29,8,45,0
2023,11,29,9,0,0
2023,11,29,9,15,0
2023,11,29,9,30,0
2023,11,29,9,45,0
2023,11,29,10,0,0
2023,11,29,10,15,0
2023,11,29,10,30,0
2023,11,29,10,45,0
2023,11,29,11,0,0
2023,11,29,11,15,0
2023,11,29,11,30,0
2023,11,29,11,45,0
2023,11,29,12,0,0
2023,11,29,12,15,0
2023,11,29,12,30,0
2023,11,29,12,45,0
2023,11,29,13,0,0
2023,11,29,13,15,0
2023,11,29,13,30,0
2023,11,29,13,45,0
2023,11,29,14,0,0
2023,11,29,14,15,0
2023,11,29,14,30,0
2023,11,29,14,45,16
2023,11,29,15,0,58
2023,11,29,15,15,64
2023,11,29,15,30,126
2023,11,29,15,45,136
2023,11,29,16,0,178
2023,11,29,16,15,152
2023,11,29,16,30,201
2023,11,29,16,45,276
2023,11,29,17,0,282
2023,11,29,17,15,291
2023,11,29,17,30,355
2023,11,29,17,45,345
2023,11,29,18,0,416
2023,11,29,18,15,330
2023,11,29,18,30,378
2023,11,29,18,45,446
2023,11,29,19,0,468
2023,11,29,19,15,497
2023,11,29,19,30,571
2023,11,29,19,45,501
2023,11,29,20,0,562
2023,11,29,20,15,552
2023,11,29,20,30,433
2023,11,29,20,45,414
2023,11,29,21,0,401
2023,11,29,21,15,420
2023,11,29,21,30,332
2023,11,29,21,45,250
2023,11,29,22,0,270
2023,11,29,22,15,222
2023,11,29,22,30,301
2023,11,29,22,45,201
2023,11,29,23,0,137
2023,11,29,23,15,173
2023,11,29,23,30,129
2023,11,29,23,45,87
2023,11,30,0,0,48
2023,11,30,0,15,18
2023,11,30,0,30,0
2023,11,30,0,45,0
2023,11,30,1,0,0
2023,11,30,1,15,0
2023,11,30,1,30,0
2023,11,30,1,45,0
2023,11,30,2,0,0
2023,11,30,2,15,0
2023,11,30,2,30,0
2023,11,30,2,45,0
2023,11,30,3,0,0
2023,11,30,3,15,0
2023,11,30,3,30,0
2023,11,30,3,45,0
2023,11,30,4,0,0
2023,11,30,4,15,0
2023,11,30,4,30,0
2023,11,30,4,45,0
2023,11,30,5,0,0
2023,11,30,5,15,0
2023,11,30,5,30,0
2023,11,30,5,45,0
2023,11,30,6,0,0
2023,11,30,6,15,0
2023,11,30,6,30,0
2023,11,30,6,45,0
2023,11,30,7,0,0
2023,11,30,7,15,0
2023,11,30,7,30,0
2023,11,30,7,45,0
2023,11,30,8,0,0
2023,11,30,8,15,0
2023,11,30,8,30,0
2023,11,30,8,45,0
2023,11,30,9,0,0
2023,11,30,9,15,0
2023,11,30,9,30,0
2023,11,30,9,45,0
2023,11,30,10,0,0
2023,11,30,10,15,0
2023,11,30,10,30,0
2023,11,30,10,45,0
2023,11,30,11,0,0
2023,11,30,11,15,0
2023,11,30,11,30,0
2023,11,30,11,45,0
2023,11,30,12,0,0
2023,11,30,12,15,0
2023,11,30,12,30,0
2023,11,30,12,45,0
2023,11,30,13,0,0
2023,11,30,13,15,0
2023,11,30,13,30,0
2023,11,30,13,45,0
2023,11,30,14,0,0
2023,11,30,14,15,0
2023,11,30,14,30,0
2023,11,30,14,45,15
2023,11,30,15,0,39
2023,11,30,15,15,66
2023,11,30,15,30,130
2023,11,30,15,45,181
2023,11,30,16,0,225
2023,11,30,16,15,249
2023,11,30,16,30,301
2023,11,30,16,45,315
2023,11,30,17,0,348
2023,11,30,17,15,348
2023,11,30,17,30,401
2023,11,30,17,45,476
2023,11,30,18,0,501
2023,11,30,18,15,522
2023,11,30,18,30,537
2023,11,30,18,45,496
2023,11,30,19,0,472
2023,11,30,19,15,489
2023,11,30,19,30,493
2023,11,30,19,45,458
2023,11,30,20,0,461
2023,11,30,20,15,446
2023,11,30,20,30,422
2023,11,30,20,45,442
2023,11,30,21,0,356
2023,11,30,21,15,351
2023,11,30,21,30,321
2023,11,30,21,45,302
2023,11,30,22,0,297
2023,11,30,22,15,277
2023,11,30,22,30,282
2023,11,30,22,45,137
2023,11,30,23,0,173
2023,11,30,23,15,140
2023,11,30,23,30,104
2023,11,30,23,45,49
2023,12,1,0,0,33
2023,12,1,0,15,9
2023,12,1,0,30,0
2023,12,1,0,45,0
2023,12,1,1,0,0
2023,12,1,1,15,0
2023,12,1,1,30,0
2023,12,1,1,45,0
2023,12,1,2,0,0
2023,12,1,2,15,0
2023,12,1,2,30,0
2023,12,1,2,45,0
2023,12,1,3,0,0
2023,12,1,3,15,0
2023,12,1,3,30,0
2023,12,1,3,45,0
2023,12,1,4,0,0
2023,12,1,4,15,0
2023,12,1,4,30,0
2023,12,1,4,45,0
2023,12,1,5,0,0
2023,12,1,5,15,0
2023,12,1,5,30,0
2023,12,1,5,45,0
2023,12,1,6,0,0
2023,12,1,6,15,0
2023,12,1,6,30,0
2023,12,1,6,45,0
2023,12,1,7,0,0
2023,12,1,7,15,0
2023,12,1,7,30,0
2023,12,1,7,45,0
2023,12,1,8,0,0
2023,12,1,8,15,0
2023,12,1,8,30,0
2023,12,1,8,45,0
2023,12,1,9,0,0
2023,12,1,9,15,0
2023,12,1,9,30,0
2023,12,1,9,45,0
2023,12,1,10,0,0
2023,12,1,10,15,0
2023,12,1,10,30,0
2023,12,1,10,45,0
2023,12,1,11,0,0
2023,12,1,11,15,0
2023,12,1,11,30,0
2023,12,1,11,45,0
2023,12,1,12,0,0
2023,12,1,12,15,0
2023,12,1,12,30,0
2023,12,1,12,45,0
2023,12,1,13,0,0
2023,12,1,13,15,0
2023,12,1,13,30,0
2023,12,1,13,45,0
2023,12,1,14,0,0
2023,12,1,14,15,0
2023,12,1,14,30,0
2023,12,1,14,45,20
2023,12,1,15,0,50
2023,12,1,15,15,88
2023,12,1,15,30,129
2023,12,1,15,45,172
2023,12,1,16,0,215
2023,12,1,16,15,257
2023,12,1,16,30,297
2023,12,1,16,45,337
2023,12,1,17,0,373
2023,12,1,17,15,407
2023,12,1,17,30,438
2023,12,1,17,45,472
2023,12,1,18,0,494
2023,12,1,18,15,515
2023,12,1,18,30,532
2023,12,1,18,45,544
2023,12,1,19,0,553
2023,12,1,19,15,559
2023,12,1,19,30,560
2023,12,1,19,45,557
2023,12,1,20,0,551
2023,12,1,20,15,541
2023,12,1,20,30,527
2023,12,1,20,45,513
2023,12,1,21,0,491
2023,12,1,21,15,466
2023,12,1,21,30,437
2023,12,1,21,45,410
2023,12,1,22,0,375
2023,12,1,22,15,338
2023,12,1,22,30,298
2023,12,1,22,45,260
2023,12,1,23,0,217
2023,12,1,23,15,173
2023,12,1,23,30,129
2023,12,1,23,45,87
2023,12,2,0,0,48
2023,12,2,0,15,17
2023,12,2,0,30,0
2023,12,2,0,45,0
2023,12,2,1,0,0
2023,12,2,1,15,0
2023,12,2,1,30,0
2023,12,2,1,45,0
2023,12,2,2,0,0
2023,12,2,2,15,0
2023,12,2,2,30,0
2023,12,2,2,45,0
2023,12,2,3,0,0
2023,12,2,3,15,0
2023,12,2,3,30,0
2023,12,2,3,45,0
2023,12,2,4,0,0
2023,12,2,4,15,0
2023,12,2,4,30,0
2023,12,2,4,45,0
2023,12,2,5,0,0
2023,12,2,5,15,0
2023,12,2,5,30,0
2023,12,2,5,45,0
2023,12,2,6,0,0
2023,12,2,6,15,0
2023,12,2,6,30,0
2023,12,2,6,45,0
2023,12,2,7,0,0
2023,12,2,7,15,0
2023,12,2,7,30,0
2023,12,2,7,45,0
2023,12,2,8,0,0
2023,12,2,8,15,0
2023,12,2,8,30,0
2023,12,2,8,45,0
2023,12,2,9,0,0
2023,12,2,9,15,0
2023,12,2,9,30,0
2023,12,2,9,45,0
2023,12,2,10,0,0
2023,12,2,10,15,0
2023,12,2,10,30,0
2023,12,2,10,45,0
2023,12,2,11,0,0
2023,12,2,11,15,0
2023,12,2,11,30,0
2023,12,2,11,45,0
2023,12,2,12,0,0
2023,12,2,12,15,0
2023,12,2,12,30,0
2023,12,2,12,45,0
2023,12,2,13,0,0
2023,12,2,13,15,0
2023,12,2,13,30,0
2023,12,2,13,45,0
2023,12,2,14,0,0
2023,12,2,14,15,0
2023,12,2,14,30,0
2023,12,2,14,45,20
2023,12,2,15,0,50
2023,12,2,15,15,88
2023,12,2,15,30,130
2023,12,2,15,45,173
2023,12,2,16,0,216
2023,12,2,16,15,259
2023,12,2,16,30,300
2023,12,2,16,45,339
2023,12,2,17,0,376
2023,12,2,17,15,410
2023,12,2,17,30,441
2023,12,2,17,45,469
2023,12,2,18,0,354
2023,12,2,18,15,514
2023,12,2,18,30,531
2023,12,2,18,45,544
2023,12,2,19,0,554
2023,12,2,19,15,559
2023,12,2,19,30,561
2023,12,2,19,45,463
2023,12,2,20,0,373
2023,12,2,20,15,458
2023,12,2,20,30,528
2023,12,2,20,45,511
2023,12,2,21,0,490
2023,12,2,21,15,395
2023,12,2,21,30,437
2023,12,2,21,45,406
2023,12,2,22,0,374
2023,12,2,22,15,337
2023,12,2,22,30,297
2023,12,2,22,45,177
2023,12,2,23,0,132
2023,12,2,23,15,156
2023,12,2,23,30,108
2023,12,2,23,45,53
2023,12,3,0,0,25
2023,12,3,0,15,7
2023,12,3,0,30,0
2023,12,3,0,45,0
2023,12,3,1,0,0
2023,12,3,1,15,0
2023,12,3,1,30,0
2023,12,3,1,45,0
2023,12,3,2,0,0
2023,12,3,2,15,0
2023,12,3,2,30,0
2023,12,3,2,45,0
2023,12,3,3,0,0
2023,12,3,3,15,0
2023,12,3,3,30,0
2023,12,3,3,45,0
2023,12,3,4,0,0
2023,12,3,4,15,0
2023,12,3,4,30,0
2023,12,3,4,45,0
2023,12,3,5,0,0
2023,12,3,5,15,0
2023,12,3,5,30,0
2023,12,3,5,45,0
2023,12,3,6,0,0
2023,12,3,6,15,0
2023,12,3,6,30,0
2023,12,3,6,45,0
2023,12,3,7,0,0
2023,12,3,7,15,0
2023,12,3,7,30,0
2023,12,3,7,45,0
2023,12,3,8,0,0
2023,12,3,8,15,0
2023,12,3,8,30,0
2023,12,3,8,45,0
2023,12,3,9,0,0
2023,12,3,9,15,0
2023,12,3,9,30,0
2023,12,3,9,45,0
2023,12,3,10,0,0
2023,12,3,10,15,0
2023,12,3,10,30,0
2023,12,3,10,45,0
2023,12,3,11,0,0
2023,12,3,11,15,0
2023,12,3,11,30,0
2023,12,3,11,45,0
2023,12,3,12,0,0
2023,12,3,12,15,0
2023,12,3,12,30,0
2023,12,3,12,45,0
2023,12,3,13,0,0
2023,12,3,13,15,0
2023,12,3,13,30,0
2023,12,3,13,45,0
2023,12,3,14,0,0
2023,12,3,14,15,0
2023,12,3,14,30,0
2023,12,3,14,45,10
2023,12,3,15,0,35
2023,12,3,15,15,64
2023,12,3,15,30,122
2023,12,3,15,45,160
2023,12,3,16,0,205
2023,12,3,16,15,243
2023,12,3,16,30,283
2023,12,3,16,45,307
2023,12,3,17,0,336
2023,12,3,17,15,289
2023,12,3,17,30,391
2023,12,3,17,45,410
2023,12,3,18,0,433
2023,12,3,18,15,435
2023,12,3,18,30,452
2023,12,3,18,45,474
2023,12,3,19,0,469
2023,12,3,19,15,469
2023,12,3,19,30,478
2023,12,3,19,45,488
2023,12,3,20,0,457
2023,12,3,20,15,437
2023,12,3,20,30,363
2023,12,3,20,45,408
2023,12,3,21,0,483
2023,12,3,21,15,459
2023,12,3,21,30,431
2023,12,3,21,45,247
2023,12,3,22,0,365
2023,12,3,22,15,300
2023,12,3,22,30,190
2023,12,3,22,45,162
2023,12,3,23,0,165
2023,12,3,23,15,119
2023,12,3,23,30,87
2023,12,3,23,45,65
2023,12,4,0,0,32
2023,12,4,0,15,9
2023,12,4,0,30,0
2023,12,4,0,45,0
2023,12,4,1,0,0
2023,12,4,1,15,0
2023,12,4,1,30,0
2023,12,4,1,45,0
2023,12,4,2,0,0
2023,12,4,2,15,0
2023,12,4,2,30,0
2023,12,4,2,45,0
2023,12,4,3,0,0
2023,12,4,3,15,0
2023,12,4,3,30,0
2023,12,4,3,45,0
2023,12,4,4,0,0
2023,12,4,4,15,0
2023,12,4,4,30,0
2023,12,4,4,45,0
2023,12,4,5,0,0
2023,12,4,5,15,0
2023,12,4,5,30,0
2023,12,4,5,45,0
2023,12,4,6,0,0
2023,12,4,6,15,0
2023,12,4,6,30,0
2023,12,4,6,45,0
2023,12,4,7,0,0
2023,12,4,7,15,0
2023,12,4,7,30,0
2023,12,4,7,45,0
2023,12,4,8,0,0
2023,12,4,8,15,0
2023,12,4,8,30,0
2023,12,4,8,45,0
2023,12,4,9,0,0
2023,12,4,9,15,0
2023,12,4,9,30,0
2023,12,4,9,45,0
2023,12,4,10,0,0
2023,12,4,10,15,0
2023,12,4,10,30,0
2023,12,4,10,45,0
2023,12,4,11,0,0
2023,12,4,11,15,0
2023,12,4,11,30,0
2023,12,4,11,45,0
2023,12,4,12,0,0
2023,12,4,12,15,0
2023,12,4,12,30,0
2023,12,4,12,45,0
2023,12,4,13,0,0
2023,12,4,13,15,0
2023,12,4,13,30,0
2023,12,4,13,45,0
2023,12,4,14,0,0
2023,12,4,14,15,0
2023,12,4,14,30,0
2023,12,4,14,45,9
2023,12,4,15,0,27
2023,12,4,15,15,83
2023,12,4,15,30,124
2023,12,4,15,45,167
2023,12,4,16,0,209
2023,12,4,16,15,250
2023,12,4,16,30,290
2023,12,4,16,45,329
2023,12,4,17,0,365
2023,12,4,17,15,399
2023,12,4,17,30,430
2023,12,4,17,45,457
2023,12,4,18,0,481
2023,12,4,18,15,502
2023,12,4,18,30,519
2023,12,4,18,45,532
2023,12,4,19,0,542
2023,12,4,19,15,548
2023,12,4,19,30,550
2023,12,4,19,45,550
2023,12,4,20,0,544
2023,12,4,20,15,534
2023,12,4,20,30,521
2023,12,4,20,45,503
2023,12,4,21,0,482
2023,12,4,21,15,457
2023,12,4,21,30,432
2023,12,4,21,45,401
2023,12,4,22,0,348
2023,12,4,22,15,320
2023,12,4,22,30,247
2023,12,4,22,45,207
2023,12,4,23,0,174
2023,12,4,23,15,78
2023,12,4,23,30,125
2023,12,4,23,45,84
2023,12,5,0,0,46
2023,12,5,0,15,17
2023,12,5,0,30,0
2023,12,5,0,45,0
2023,12,5,1,0,0
2023,12,5,1,15,0
2023,12,5,1,30,0
2023,12,5,1,45,0
2023,12,5,2,0,0
2023,12,5,2,15,0
2023,12,5,2,30,0
2023,12,5,2,45,0
2023,12,5,3,0,0
2023,12,5,3,15,0
2023,12,5,3,30,0
2023,12,5,3,45,0
2023,12,5,4,0,0
2023,12,5,4,15,0
2023,12,5,4,30,0
2023,12,5,4,45,0
2023,12,5,5,0,0
2023,12,5,5,15,0
2023,12,5,5,30,0
2023,12,5,5,45,0
2023,12,5,6,0,0
2023,12,5,6,15,0
2023,12,5,6,30,0
2023,12,5,6,45,0
2023,12,5,7,0,0
2023,12,5,7,15,0
2023,12,5,7,30,0
2023,12,5,7,45,0
2023,12,5,8,0,0
2023,12,5,8,15,0
2023,12,5,8,30,0
2023,12,5,8,45,0
2023,12,5,9,0,0
2023,12,5,9,15,0
2023,12,5,9,30,0
2023,12,5,9,45,0
2023,12,5,10,0,0
2023,12,5,10,15,0
2023,12,5,10,30,0
2023,12,5,10,45,0
2023,12,5,11,0,0
2023,12,5,11,15,0
2023,12,5,11,30,0
2023,12,5,11,45,0
2023,12,5,12,0,0
2023,12,5,12,15,0
2023,12,5,12,30,0
2023,12,5,12,45,0
2023,12,5,13,0,0
2023,12,5,13,15,0
2023,12,5,13,30,0
2023,12,5,13,45,0
2023,12,5,14,0,0
2023,12,5,14,15,0
2023,12,5,14,30,0
2023,12,5,14,45,17
2023,12,5,15,0,47
2023,12,5,15,15,85
2023,12,5,15,30,127
2023,12,5,15,45,171
2023,12,5,16,0,214
2023,12,5,16,15,257
2023,12,5,16,30,297
2023,12,5,16,45,336
2023,12,5,17,0,373
2023,12,5,17,15,407
2023,12,5,17,30,438
2023,12,5,17,45,467
2023,12,5,18,0,491
2023,12,5,18,15,515
2023,12,5,18,30,533
2023,12,5,18,45,547
2023,12,5,19,0,557
2023,12,5,19,15,563
2023,12,5,19,30,565
2023,12,5,19,45,562
2023,12,5,20,0,557
2023,12,5,20,15,547
2023,12,5,20,30,533
2023,12,5,20,45,517
2023,12,5,21,0,496
2023,12,5,21,15,471
2023,12,5,21,30,443
2023,12,5,21,45,412
2023,12,5,22,0,378
2023,12,5,22,15,341
2023,12,5,22,30,302
2023,12,5,22,45,260
2023,12,5,23,0,218
2023,12,5,23,15,174
2023,12,5,23,30,130
2023,12,5,23,45,88
2023,12,6,0,0,49
2023,12,6,0,15,18
2023,12,6,0,30,0
2023,12,6,0,45,0
2023,12,6,1,0,0
2023,12,6,1,15,0
2023,12,6,1,30,0
2023,12,6,1,45,0
2023,12,6,2,0,0
2023,12,6,2,15,0
2023,12,6,2,30,0
2023,12,6,2,45,0
2023,12,6,3,0,0
2023,12,6,3,15,0
2023,12,6,3,30,0
2023,12,6,3,45,0
2023,12,6,4,0,0
2023,12,6,4,15,0
2023,12,6,4,30,0
2023,12,6,4,45,0
2023,12,6,5,0,0
2023,12,6,5,15,0
2023,12,6,5,30,0
2023,12,6,5,45,0
2023,12,6,6,0,0
2023,12,6,6,15,0
2023,12,6,6,30,0
2023,12,6,6,45,0
2023,12,6,7,0,0
2023,12,6,7,15,0
2023,12,6,7,30,0
2023,12,6,7,45,0
2023,12,6,8,0,0
2023,12,6,8,15,0
2023,12,6,8,30,0
2023,12,6,8,45,0
2023,12,6,9,0,0
2023,12,6,9,15,0
2023,12,6,9,30,0
2023,12,6,9,45,0
2023,12,6,10,0,0
2023,12,6,10,15,0
2023,12,6,10,30,0
2023,12,6,10,45,0
2023,12,6,11,0,0
2023,12,6,11,15,0
2023,12,6,11,30,0
2023,12,6,11,45,0
2023,12,6,12,0,0
2023,12,6,12,15,0
2023,12,6,12,30,0
2023,12,6,12,45,0
2023,12,6,13,0,0
2023,12,6,13,15,0
2023,12,6,13,30,0
2023,12,6,13,45,0
2023,12,6,14,0,0
2023,12,6,14,15,0
2023,12,6,14,30,0
2023,12,6,14,45,15
2023,12,6,15,0,44
2023,12,6,15,15,81
2023,12,6,15,30,122
2023,12,6,15,45,165
2023,12,6,16,0,208
2023,12,6,16,15,250
2023,12,6,16,30,214
2023,12,6,16,45,330
2023,12,6,17,0,366
2023,12,6,17,15,400
2023,12,6,17,30,326
2023,12,6,17,45,404
2023,12,6,18,0,425
2023,12,6,18,15,378
2023,12,6,18,30,469
2023,12,6,18,45,534
2023,12,6,19,0,544
2023,12,6,19,15,550
2023,12,6,19,30,552
2023,12,6,19,45,550
2023,12,6,20,0,545
2023,12,6,20,15,533
2023,12,6,20,30,520
2023,12,6,20,45,503
2023,12,6,21,0,482
2023,12,6,21,15,458
2023,12,6,21,30,430
2023,12,6,21,45,400
2023,12,6,22,0,366
2023,12,6,22,15,330
2023,12,6,22,30,292
2023,12,6,22,45,251
2023,12,6,23,0,209
2023,12,6,23,15,167
2023,12,6,23,30,125
2023,12,6,23,45,84
2023,12,7,0,0,33
2023,12,7,0,15,17
2023,12,7,0,30,0
2023,12,7,0,45,0
2023,12,7,1,0,0
2023,12,7,1,15,0
2023,12,7,1,30,0
2023,12,7,1,45,0
2023,12,7,2,0,0
2023,12,7,2,15,0
2023,12,7,2,30,0
2023,12,7,2,45,0
2023,12,7,3,0,0
2023,12,7,3,15,0
2023,12,7,3,30,0
2023,12,7,3,45,0
2023,12,7,4,0,0
2023,12,7,4,15,0
2023,12,7,4,30,0
2023,12,7,4,45,0
2023,12,7,5,0,0
2023,12,7,5,15,0
2023,12,7,5,30,0
2023,12,7,5,45,0
2023,12,7,6,0,0
2023,12,7,6,15,0
2023,12,7,6,30,0
2023,12,7,6,45,0
2023,12,7,7,0,0
2023,12,7,7,15,0
2023,12,7,7,30,0
2023,12,7,7,45,0
2023,12,7,8,0,0
2023,12,7,8,15,0
2023,12,7,8,30,0
2023,12,7,8,45,0
2023,12,7,9,0,0
2023,12,7,9,15,0
2023,12,7,9,30,0
2023,12,7,9,45,0
2023,12,7,10,0,0
2023,12,7,10,15,0
2023,12,7,10,30,0
2023,12,7,10,45,0
2023,12,7,11,0,0
2023,12,7,11,15,0
2023,12,7,11,30,0
2023,12,7,11,45,0
2023,12,7,12,0,0
2023,12,7,12,15,0
2023,12,7,12,30,0
2023,12,7,12,45,0
2023,12,7,13,0,0
2023,12,7,13,15,0
2023,12,7,13,30,0
2023,12,7,13,45,0
2023,12,7,14,0,0
2023,12,7,14,15,0
2023,12,7,14,30,0
2023,12,7,14,45,0
2023,12,7,15,0,43
2023,12,7,15,15,80
2023,12,7,15,30,121
2023,12,7,15,45,164
2023,12,7,16,0,178
2023,12,7,16,15,250
2023,12,7,16,30,289
2023,12,7,16,45,328
2023,12,7,17,0,365
2023,12,7,17,15,398
2023,12,7,17,30,429
2023,12,7,17,45,458
2023,12,7,18,0,482
2023,12,7,18,15,437
2023,12,7,18,30,394
2023,12,7,18,45,353
2023,12,7,19,0,367
2023,12,7,19,15,322
2023,12,7,19,30,361
2023,12,7,19,45,420
2023,12,7,20,0,470
2023,12,7,20,15,534
2023,12,7,20,30,521
2023,12,7,20,45,503
2023,12,7,21,0,485
2023,12,7,21,15,460
2023,12,7,21,30,433
2023,12,7,21,45,403
2023,12,7,22,0,369
2023,12,7,22,15,333
2023,12,7,22,30,294
2023,12,7,22,45,253
2023,12,7,23,0,211
2023,12,7,23,15,168
2023,12,7,23,30,125
2023,12,7,23,45,83
2023,12,8,0,0,45
2023,12,8,0,15,16
2023,12,8,0,30,0
2023,12,8,0,45,0
2023,12,8,1,0,0
2023,12,8,1,15,0
2023,12,8,1,30,0
2023,12,8,1,45,0
2023,12,8,2,0,0
2023,12,8,2,15,0
2023,12,8,2,30,0
2023,12,8,2,45,0
2023,12,8,3,0,0
2023,12,8,3,15,0
2023,12,8,3,30,0
2023,12,8,3,45,0
2023,12,8,4,0,0
2023,12,8,4,15,0
2023,12,8,4,30,0
2023,12,8,4,45,0
2023,12,8,5,0,0
2023,12,8,5,15,0
2023,12,8,5,30,0
2023,12,8,5,45,0
2023,12,8,6,0,0
2023,12,8,6,15,0
2023,12,8,6,30,0
2023,12,8,6,45,0
2023,12,8,7,0,0
2023,12,8,7,15,0
2023,12,8,7,30,0
2023,12,8,7,45,0
2023,12,8,8,0,0
2023,12,8,8,15,0
2023,12,8,8,30,0
2023,12,8,8,45,0
2023,12,8,9,0,0
2023,12,8,9,15,0
2023,12,8,9,30,0
2023,12,8,9,45,0
2023,12,8,10,0,0
2023,12,8,10,15,0
2023,12,8,10,30,0
2023,12,8,10,45,0
2023,12,8,11,0,0
2023,12,8,11,15,0
2023,12,8,11,30,0
2023,12,8,11,45,0
2023,12,8,12,0,0
2023,12,8,12,15,0
2023,12,8,12,30,0
2023,12,8,12,45,0
2023,12,8,13,0,0
2023,12,8,13,15,0
2023,12,8,13,30,0
2023,12,8,13,45,0
2023,12,8,14,0,0
2023,12,8,14,15,0
2023,12,8,14,30,0
2023,12,8,14,45,0
2023,12,8,15,0,42
2023,12,8,15,15,80
2023,12,8,15,30,124
2023,12,8,15,45,168
2023,12,8,16,0,212
2023,12,8,16,15,255
2023,12,8,16,30,297
2023,12,8,16,45,337
2023,12,8,17,0,375
2023,12,8,17,15,410
2023,12,8,17,30,442
2023,12,8,17,45,470
2023,12,8,18,0,496
2023,12,8,18,15,517
2023,12,8,18,30,535
2023,12,8,18,45,551
2023,12,8,19,0,561
2023,12,8,19,15,567
2023,12,8,19,30,570
2023,12,8,19,45,569
2023,12,8,20,0,563
2023,12,8,20,15,554
2023,12,8,20,30,541
2023,12,8,20,45,524
2023,12,8,21,0,503
2023,12,8,21,15,309
2023,12,8,21,30,359
2023,12,8,21,45,259
2023,12,8,22,0,221
2023,12,8,22,15,343
2023,12,8,22,30,304
2023,12,8,22,45,263
2023,12,8,23,0,219
2023,12,8,23,15,175
2023,12,8,23,30,131
2023,12,8,23,45,88
2023,12,9,0,0,49
2023,12,9,0,15,18
2023,12,9,0,30,0
2023,12,9,0,45,0
2023,12,9,1,0,0
2023,12,9,1,15,0
2023,12,9,1,30,0
2023,12,9,1,45,0
2023,12,9,2,0,0
2023,12,9,2,15,0
2023,12,9,2,30,0
2023,12,9,2,45,0
2023,12,9,3,0,0
2023,12,9,3,15,0
2023,12,9,3,30,0
2023,12,9,3,45,0
2023,12,9,4,0,0
2023,12,9,4,15,0
2023,12,9,4,30,0
2023,12,9,4,45,0
2023,12,9,5,0,0
2023,12,9,5,15,0
2023,12,9,5,30,0
2023,12,9,5,45,0
2023,12,9,6,0,0
2023,12,9,6,15,0
2023,12,9,6,30,0
2023,12,9,6,45,0
2023,12,9,7,0,0
2023,12,9,7,15,0
2023,12,9,7,30,0
2023,12,9,7,45,0
2023,12,9,8,0,0
2023,12,9,8,15,0
2023,12,9,8,30,0
2023,12,9,8,45,0
2023,12,9,9,0,0
2023,12,9,9,15,0
2023,12,9,9,30,0
2023,12,9,9,45,0
2023,12,9,10,0,0
2023,12,9,10,15,0
2023,12,9,10,30,0
2023,12,9,10,45,0
2023,12,9,11,0,0
2023,12,9,11,15,0
2023,12,9,11,30,0
2023,12,9,11,45,0
2023,12,9,12,0,0
2023,12,9,12,15,0
2023,12,9,12,30,0
2023,12,9,12,45,0
2023,12,9,13,0,0
2023,12,9,13,15,0
2023,12,9,13,30,0
2023,12,9,13,45,0
2023,12,9,14,0,0
2023,12,9,14,15,0
2023,12,9,14,30,0
2023,12,9,14,45,0
2023,12,9,15,0,40
2023,12,9,15,15,78
2023,12,9,15,30,121
2023,12,9,15,45,164
2023,12,9,16,0,209
2023,12,9,16,15,252
2023,12,9,16,30,293
2023,12,9,16,45,333
2023,12,9,17,0,371
2023,12,9,17,15,405
2023,12,9,17,30,437
2023,12,9,17,45,466
2023,12,9,18,0,491
2023,12,9,18,15,513
2023,12,9,18,30,531
2023,12,9,18,45,545
2023,12,9,19,0,556
2023,12,9,19,15,562
2023,12,9,19,30,565
2023,12,9,19,45,563
2023,12,9,20,0,558
2023,12,9,20,15,549
2023,12,9,20,30,531
2023,12,9,20,45,514
2023,12,9,21,0,494
2023,12,9,21,15,469
2023,12,9,21,30,442
2023,12,9,21,45,411
2023,12,9,22,0,377
2023,12,9,22,15,340
2023,12,9,22,30,301
2023,12,9,22,45,171
2023,12,9,23,0,218
2023,12,9,23,15,174
2023,12,9,23,30,130
2023,12,9,23,45,88
2023,12,10,0,0,49
2023,12,10,0,15,18
2023,12,10,0,30,0
2023,12,10,0,45,0
2023,12,10,1,0,0
2023,12,10,1,15,0
2023,12,10,1,30,0
2023,12,10,1,45,0
2023,12,10,2,0,0
2023,12,10,2,15,0
2023,12,10,2,30,0
2023,12,10,2,45,0
2023,12,10,3,0,0
2023,12,10,3,15,0
2023,12,10,3,30,0
2023,12,10,3,45,0
2023,12,10,4,0,0
2023,12,10,4,15,0
2023,12,10,4,30,0
2023,12,10,4,45,0
2023,12,10,5,0,0
2023,12,10,5,15,0
2023,12,10,5,30,0
2023,12,10,5,45,0
2023,12,10,6,0,0
2023,12,10,6,15,0
2023,12,10,6,30,0
2023,12,10,6,45,0
2023,12,10,7,0,0
2023,12,10,7,15,0
2023,12,10,7,30,0
2023,12,10,7,45,0
2023,12,10,8,0,0
2023,12,10,8,15,0
2023,12,10,8,30,0
2023,12,10,8,45,0
2023,12,10,9,0,0
2023,12,10,9,15,0
2023,12,10,9,30,0
2023,12,10,9,45,0
2023,12,10,10,0,0
2023,12,10,10,15,0
2023,12,10,10,30,0
2023,12,10,10,45,0
2023,12,10,11,0,0
2023,12,10,11,15,0
2023,12,10,11,30,0
2023,12,10,11,45,0
2023,12,10,12,0,0
2023,12,10,12,15,0
2023,12,10,12,30,0
2023,12,10,12,45,0
2023,12,10,13,0,0
2023,12,10,13,15,0
2023,12,10,13,30,0
2023,12,10,13,45,0
2023,12,10,14,0,0
2023,12,10,14,15,0
2023,12,10,14,30,0
2023,12,10,14,45,0
2023,12,10,15,0,38
2023,12,10,15,15,74
2023,12,10,15,30,116
2023,12,10,15,45,159
2023,12,10,16,0,202
2023,12,10,16,15,245
2023,12,10,16,30,286
2023,12,10,16,45,325
2023,12,10,17,0,362
2023,12,10,17,15,396
2023,12,10,17,30,428
2023,12,10,17,45,456
2023,12,10,18,0,481
2023,12,10,18,15,503
2023,12,10,18,30,521
2023,12,10,18,45,536
2023,12,10,19,0,546
2023,12,10,19,15,553
2023,12,10,19,30,555
2023,12,10,19,45,555
2023,12,10,20,0,549
2023,12,10,20,15,417
2023,12,10,20,30,527
2023,12,10,20,45,418
2023,12,10,21,0,399
2023,12,10,21,15,375
2023,12,10,21,30,348
2023,12,10,21,45,332
2023,12,10,22,0,374
2023,12,10,22,15,269
2023,12,10,22,30,242
2023,12,10,22,45,197
2023,12,10,23,0,177
2023,12,10,23,15,137
2023,12,10,23,30,104
2023,12,10,23,45,73
2023,12,11,0,0,33
2023,12,11,0,15,9
2023,12,11,0,30,0
2023,12,11,0,45,0
2023,12,11,1,0,0
2023,12,11,1,15,0
2023,12,11,1,30,0
2023,12,11,1,45,0
2023,12,11,2,0,0
2023,12,11,2,15,0
2023,12,11,2,30,0
2023,12,11,2,45,0
2023,12,11,3,0,0
2023,12,11,3,15,0
2023,12,11,3,30,0
2023,12,11,3,45,0
2023,12,11,4,0,0
2023,12,11,4,15,0
2023,12,11,4,30,0
2023,12,11,4,45,0
2023,12,11,5,0,0
2023,12,11,5,15,0
2023,12,11,5,30,0
2023,12,11,5,45,0
2023,12,11,6,0,0
2023,12,11,6,15,0
2023,12,11,6,30,0
2023,12,11,6,45,0
2023,12,11,7,0,0
2023,12,11,7,15,0
2023,12,11,7,30,0
2023,12,11,7,45,0
2023,12,11,8,0,0
2023,12,11,8,15,0
2023,12,11,8,30,0
2023,12,11,8,45,0
2023,12,11,9,0,0
2023,12,11,9,15,0
2023,12,11,9,30,0
2023,12,11,9,45,0
2023,12,11,10,0,0
2023,12,11,10,15,0
2023,12,11,10,30,0
2023,12,11,10,45,0
2023,12,11,11,0,0
2023,12,11,11,15,0
2023,12,11,11,30,0
2023,12,11,11,45,0
2023,12,11,12,0,0
2023,12,11,12,15,0
2023,12,11,12,30,0
2023,12,11,12,45,0
2023,12,11,13,0,0
2023,12,11,13,15,0
2023,12,11,13,30,0
2023,12,11,13,45,0
2023,12,11,14,0,0
2023,12,11,14,15,0
2023,12,11,14,30,0
2023,12,11,14,45,0
2023,12,11,15,0,23
2023,12,11,15,15,43
2023,12,11,15,30,98
2023,12,11,15,45,123
2023,12,11,16,0,143
2023,12,11,16,15,184
2023,12,11,16,30,204
2023,12,11,16,45,245
2023,12,11,17,0,285
2023,12,11,17,15,310
2023,12,11,17,30,358
2023,12,11,17,45,342
2023,12,11,18,0,347
2023,12,11,18,15,380
2023,12,11,18,30,438
2023,12,11,18,45,452
2023,12,11,19,0,428
2023,12,11,19,15,416
2023,12,11,19,30,411
2023,12,11,19,45,411
2023,12,11,20,0,422
2023,12,11,20,15,426
2023,12,11,20,30,431
2023,12,11,20,45,400
2023,12,11,21,0,387
2023,12,11,21,15,362
2023,12,11,21,30,348
2023,12,11,21,45,285
2023,12,11,22,0,264
2023,12,11,22,15,264
2023,12,11,22,30,248
2023,12,11,22,45,162
2023,12,11,23,0,171
2023,12,11,23,15,173
2023,12,11,23,30,130
2023,12,11,23,45,74
2023,12,12,0,0,49
2023,12,12,0,15,18
2023,12,12,0,30,0
2023,12,12,0,45,0
2023,12,12,1,0,0
2023,12,12,1,15,0
2023,12,12,1,30,0
2023,12,12,1,45,0
2023,12,12,2,0,0
2023,12,12,2,15,0
2023,12,12,2,30,0
2023,12,12,2,45,0
2023,12,12,3,0,0
2023,12,12,3,15,0
2023,12,12,3,30,0
2023,12,12,3,45,0
2023,12,12,4,0,0
2023,12,12,4,15,0
2023,12,12,4,30,0
2023,12,12,4,45,0
2023,12,12,5,0,0
2023,12,12,5,15,0
2023,12,12,5,30,0
2023,12,12,5,45,0
2023,12,12,6,0,0
2023,12,12,6,15,0
2023,12,12,6,30,0
2023,12,12,6,45,0
2023,12,12,7,0,0
2023,12,12,7,15,0
2023,12,12,7,30,0
2023,12,12,7,45,0
2023,12,12,8,0,0
2023,12,12,8,15,0
2023,12,12,8,30,0
2023,12,12,8,45,0
2023,12,12,9,0,0
2023,12,12,9,15,0
2023,12,12,9,30,0
2023,12,12,9,45,0
2023,12,12,10,0,0
2023,12,12,10,15,0
2023,12,12,10,30,0
2023,12,12,10,45,0
2023,12,12,11,0,0
2023,12,12,11,15,0
2023,12,12,11,30,0
2023,12,12,11,45,0
2023,12,12,12,0,0
2023,12,12,12,15,0
2023,12,12,12,30,0
2023,12,12,12,45,0
2023,12,12,13,0,0
2023,12,12,13,15,0
2023,12,12,13,30,0
2023,12,12,13,45,0
2023,12,12,14,0,0
2023,12,12,14,15,0
2023,12,12,14,30,0
2023,12,12,14,45,0
2023,12,12,15,0,34
2023,12,12,15,15,70
2023,12,12,15,30,111
2023,12,12,15,45,155
2023,12,12,16,0,198
2023,12,12,16,15,241
2023,12,12,16,30,283
2023,12,12,16,45,322
2023,12,12,17,0,357
2023,12,12,17,15,392
2023,12,12,17,30,424
2023,12,12,17,45,453
2023,12,12,18,0,478
2023,12,12,18,15,500
2023,12,12,18,30,522
2023,12,12,18,45,537
2023,12,12,19,0,547
2023,12,12,19,15,554
2023,12,12,19,30,557
2023,12,12,19,45,556
2023,12,12,20,0,551
2023,12,12,20,15,542
2023,12,12,20,30,529
2023,12,12,20,45,512
2023,12,12,21,0,492
2023,12,12,21,15,468
2023,12,12,21,30,441
2023,12,12,21,45,410
2023,12,12,22,0,377
2023,12,12,22,15,340
2023,12,12,22,30,301
2023,12,12,22,45,258
2023,12,12,23,0,216
2023,12,12,23,15,173
2023,12,12,23,30,129
2023,12,12,23,45,87
2023,12,13,0,0,49
2023,12,13,0,15,18
2023,12,13,0,30,0
2023,12,13,0,45,0
2023,12,13,1,0,0
2023,12,13,1,15,0
2023,12,13,1,30,0
2023,12,13,1,45,0
2023,12,13,2,0,0
2023,12,13,2,15,0
2023,12,13,2,30,0
2023,12,13,2,45,0
2023,12,13,3,0,0
2023,12,13,3,15,0
2023,12,13,3,30,0
2023,12,13,3,45,0
2023,12,13,4,0,0
2023,12,13,4,15,0
2023,12,13,4,30,0
2023,12,13,4,45,0
2023,12,13,5,0,0
2023,12,13,5,15,0
2023,12,13,5,30,0
2023,12,13,5,45,0
2023,12,13,6,0,0
2023,12,13,6,15,0
2023,12,13,6,30,0
2023,12,13,6,45,0
2023,12,13,7,0,0
2023,12,13,7,15,0
2023,12,13,7,30,0
2023,12,13,7,45,0
2023,12,13,8,0,0
2023,12,13,8,15,0
2023,12,13,8,30,0
2023,12,13,8,45,0
2023,12,13,9,0,0
2023,12,13,9,15,0
2023,12,13,9,30,0
2023,12,13,9,45,0
2023,12,13,10,0,0
2023,12,13,10,15,0
2023,12,13,10,30,0
2023,12,13,10,45,0
2023,12,13,11,0,0
2023,12,13,11,15,0
2023,12,13,11,30,0
2023,12,13,11,45,0
2023,12,13,12,0,0
2023,12,13,12,15,0
2023,12,13,12,30,0
2023,12,13,12,45,0
2023,12,13,13,0,0
2023,12,13,13,15,0
2023,12,13,13,30,0
2023,12,13,13,45,0
2023,12,13,14,0,0
2023,12,13,14,15,0
2023,12,13,14,30,0
2023,12,13,14,45,0
2023,12,13,15,0,31
2023,12,13,15,15,66
2023,12,13,15,30,106
2023,12,13,15,45,148
2023,12,13,16,0,191
2023,12,13,16,15,234
2023,12,13,16,30,275
2023,12,13,16,45,314
2023,12,13,17,0,351
2023,12,13,17,15,386
2023,12,13,17,30,418
2023,12,13,17,45,450
2023,12,13,18,0,476
2023,12,13,18,15,498
2023,12,13,18,30,516
2023,12,13,18,45,531
2023,12,13,19,0,542
2023,12,13,19,15,549
2023,12,13,19,30,552
2023,12,13,19,45,551
2023,12,13,20,0,546
2023,12,13,20,15,537
2023,12,13,20,30,524
2023,12,13,20,45,507
2023,12,13,21,0,487
2023,12,13,21,15,463
2023,12,13,21,30,436
2023,12,13,21,45,406
2023,12,13,22,0,373
2023,12,13,22,15,336
2023,12,13,22,30,298
2023,12,13,22,45,257
2023,12,13,23,0,215
2023,12,13,23,15,172
2023,12,13,23,30,129
2023,12,13,23,45,87
2023,12,14,0,0,49
2023,12,14,0,15,18
2023,12,14,0,30,0
2023,12,14,0,45,0
2023,12,14,1,0,0
2023,12,14,1,15,0
2023,12,14,1,30,0
2023,12,14,1,45,0
2023,12,14,2,0,0
2023,12,14,2,15,0
2023,12,14,2,30,0
2023,12,14,2,45,0
2023,12,14,3,0,0
2023,12,14,3,15,0
2023,12,14,3,30,0
2023,12,14,3,45,0
2023,12,14,4,0,0
2023,12,14,4,15,0
2023,12,14,4,30,0
2023,12,14,4,45,0
2023,12,14,5,0,0
2023,12,14,5,15,0
2023,12,14,5,30,0
2023,12,14,5,45,0
2023,12,14,6,0,0
2023,12,14,6,15,0
2023,12,14,6,30,0
2023,12,14,6,45,0
2023,12,14,7,0,0
2023,12,14,7,15,0
2023,12,14,7,30,0
2023,12,14,7,45,0
2023,12,14,8,0,0
2023,12,14,8,15,0
2023,12,14,8,30,0
2023,12,14,8,45,0
2023,12,14,9,0,0
2023,12,14,9,15,0
2023,12,14,9,30,0
2023,12,14,9,45,0
2023,12,14,10,0,0
2023,12,14,10,15,0
2023,12,14,10,30,0
2023,12,14,10,45,0
2023,12,14,11,0,0
2023,12,14,11,15,0
2023,12,14,11,30,0
2023,12,14,11,45,0
2023,12,14,12,0,0
2023,12,14,12,15,0
2023,12,14,12,30,0
2023,12,14,12,45,0
2023,12,14,13,0,0
2023,12,14,13,15,0
2023,12,14,13,30,0
2023,12,14,13,45,0
2023,12,14,14,0,0
2023,12,14,14,15,0
2023,12,14,14,30,0
2023,12,14,14,45,0
2023,12,14,15,0,31
2023,12,14,15,15,66
2023,12,14,15,30,107
2023,12,14,15,45,150
2023,12,14,16,0,194
2023,12,14,16,15,237
2023,12,14,16,30,278
2023,12,14,16,45,318
2023,12,14,17,0,355
2023,12,14,17,15,390
2023,12,14,17,30,422
2023,12,14,17,45,451
2023,12,14,18,0,477
2023,12,14,18,15,499
2023,12,14,18,30,518
2023,12,14,18,45,533
2023,12,14,19,0,544
2023,12,14,19,15,551
2023,12,14,19,30,554
2023,12,14,19,45,553
2023,12,14,20,0,545
2023,12,14,20,15,536
2023,12,14,20,30,524
2023,12,14,20,45,505
2023,12,14,21,0,485
2023,12,14,21,15,461
2023,12,14,21,30,434
2023,12,14,21,45,404
2023,12,14,22,0,371
2023,12,14,22,15,335
2023,12,14,22,30,296
2023,12,14,22,45,256
2023,12,14,23,0,214
2023,12,14,23,15,171
2023,12,14,23,30,99
2023,12,14,23,45,73
2023,12,15,0,0,48
2023,12,15,0,15,18
2023,12,15,0,30,0
2023,12,15,0,45,0
2023,12,15,1,0,0
2023,12,15,1,15,0
2023,12,15,1,30,0
2023,12,15,1,45,0
2023,12,15,2,0,0
2023,12,15,2,15,0
2023,12,15,2,30,0
2023,12,15,2,45,0
2023,12,15,3,0,0
2023,12,15,3,15,0
2023,12,15,3,30,0
2023,12,15,3,45,0
2023,12,15,4,0,0
2023,12,15,4,15,0
2023,12,15,4,30,0
2023,12,15,4,45,0
2023,12,15,5,0,0
2023,12,15,5,15,0
2023,12,15,5,30,0
2023,12,15,5,45,0
2023,12,15,6,0,0
2023,12,15,6,15,0
2023,12,15,6,30,0
2023,12,15,6,45,0
2023,12,15,7,0,0
2023,12,15,7,15,0
2023,12,15,7,30,0
2023,12,15,7,45,0
2023,12,15,8,0,0
2023,12,15,8,15,0
2023,12,15,8,30,0
2023,12,15,8,45,0
2023,12,15,9,0,0
2023,12,15,9,15,0
2023,12,15,9,30,0
2023,12,15,9,45,0
2023,12,15,10,0,0
2023,12,15,10,15,0
2023,12,15,10,30,0
2023,12,15,10,45,0
2023,12,15,11,0,0
2023,12,15,11,15,0
2023,12,15,11,30,0
2023,12,15,11,45,0
2023,12,15,12,0,0
2023,12,15,12,15,0
2023,12,15,12,30,0
2023,12,15,12,45,0
2023,12,15,13,0,0
2023,12,15,13,15,0
2023,12,15,13,30,0
2023,12,15,13,45,0
2023,12,15,14,0,0
2023,12,15,14,15,0
2023,12,15,14,30,0
2023,12,15,14,45,0
2023,12,15,15,0,19
2023,12,15,15,15,41
2023,12,15,15,30,67
2023,12,15,15,45,112
2023,12,15,16,0,152
2023,12,15,16,15,199
2023,12,15,16,30,221
2023,12,15,16,45,254
2023,12,15,17,0,308
2023,12,15,17,15,340
2023,12,15,17,30,391
2023,12,15,17,45,406
2023,12,15,18,0,425
2023,12,15,18,15,451
2023,12,15,18,30,439
2023,12,15,18,45,452
2023,12,15,19,0,543
2023,12,15,19,15,448
2023,12,15,19,30,420
2023,12,15,19,45,460
2023,12,15,20,0,461
2023,12,15,20,15,540
2023,12,15,20,30,394
2023,12,15,20,45,414
2023,12,15,21,0,425
2023,12,15,21,15,371
2023,12,15,21,30,343
2023,12,15,21,45,247
2023,12,15,22,0,229
2023,12,15,22,15,277
2023,12,15,22,30,168
2023,12,15,22,45,142
2023,12,15,23,0,111
2023,12,15,23,15,133
2023,12,15,23,30,107
2023,12,15,23,45,73
2023,12,16,0,0,38
2023,12,16,0,15,12
2023,12,16,0,30,0
2023,12,16,0,45,0
2023,12,16,1,0,0
2023,12,16,1,15,0
2023,12,16,1,30,0
2023,12,16,1,45,0
2023,12,16,2,0,0
2023,12,16,2,15,0
2023,12,16,2,30,0
2023,12,16,2,45,0
2023,12,16,3,0,0
2023,12,16,3,15,0
2023,12,16,3,30,0
2023,12,16,3,45,0
2023,12,16,4,0,0
2023,12,16,4,15,0
2023,12,16,4,30,0
2023,12,16,4,45,0
2023,12,16,5,0,0
2023,12,16,5,15,0
2023,12,16,5,30,0
2023,12,16,5,45,0
2023,12,16,6,0,0
2023,12,16,6,15,0
2023,12,16,6,30,0
2023,12,16,6,45,0
2023,12,16,7,0,0
2023,12,16,7,15,0
2023,12,16,7,30,0
2023,12,16,7,45,0
2023,12,16,8,0,0
2023,12,16,8,15,0
2023,12,16,8,30,0
2023,12,16,8,45,0
2023,12,16,9,0,0
2023,12,16,9,15,0
2023,12,16,9,30,0
2023,12,16,9,45,0
2023,12,16,10,0,0
2023,12,16,10,15,0
2023,12,16,10,30,0
2023,12,16,10,45,0
2023,12,16,11,0,0
2023,12,16,11,15,0
2023,12,16,11,30,0
2023,12,16,11,45,0
2023,12,16,12,0,0
2023,12,16,12,15,0
2023,12,16,12,30,0
2023,12,16,12,45,0
2023,12,16,13,0,0
2023,12,16,13,15,0
2023,12,16,13,30,0
2023,12,16,13,45,0
2023,12,16,14,0,0
2023,12,16,14,15,0
2023,12,16,14,30,0
2023,12,16,14,45,0
2023,12,16,15,0,17
2023,12,16,15,15,31
2023,12,16,15,30,55
2023,12,16,15,45,97
2023,12,16,16,0,147
2023,12,16,16,15,191
2023,12,16,16,30,274
2023,12,16,16,45,305
2023,12,16,17,0,302
2023,12,16,17,15,342
2023,12,16,17,30,379
2023,12,16,17,45,413
2023,12,16,18,0,478
2023,12,16,18,15,501
2023,12,16,18,30,448
2023,12,16,18,45,454
2023,12,16,19,0,546
2023,12,16,19,15,553
2023,12,16,19,30,557
2023,12,16,19,45,556
2023,12,16,20,0,552
2023,12,16,20,15,543
2023,12,16,20,30,531
2023,12,16,20,45,519
2023,12,16,21,0,499
2023,12,16,21,15,475
2023,12,16,21,30,448
2023,12,16,21,45,418
2023,12,16,22,0,384
2023,12,16,22,15,348
2023,12,16,22,30,309
2023,12,16,22,45,268
2023,12,16,23,0,225
2023,12,16,23,15,182
2023,12,16,23,30,137
2023,12,16,23,45,94
2023,12,17,0,0,54
2023,12,17,0,15,21
2023,12,17,0,30,0
2023,12,17,0,45,0
2023,12,17,1,0,0
2023,12,17,1,15,0
2023,12,17,1,30,0
2023,12,17,1,45,0
2023,12,17,2,0,0
2023,12,17,2,15,0
2023,12,17,2,30,0
2023,12,17,2,45,0
2023,12,17,3,0,0
2023,12,17,3,15,0
2023,12,17,3,30,0
2023,12,17,3,45,0
2023,12,17,4,0,0
2023,12,17,4,15,0
2023,12,17,4,30,0
2023,12,17,4,45,0
2023,12,17,5,0,0
2023,12,17,5,15,0
2023,12,17,5,30,0
2023,12,17,5,45,0
2023,12,17,6,0,0
2023,12,17,6,15,0
2023,12,17,6,30,0
2023,12,17,6,45,0
2023,12,17,7,0,0
2023,12,17,7,15,0
2023,12,17,7,30,0
2023,12,17,7,45,0
2023,12,17,8,0,0
2023,12,17,8,15,0
2023,12,17,8,30,0
2023,12,17,8,45,0
2023,12,17,9,0,0
2023,12,17,9,15,0
2023,12,17,9,30,0
2023,12,17,9,45,0
2023,12,17,10,0,0
2023,12,17,10,15,0
2023,12,17,10,30,0
2023,12,17,10,45,0
2023,12,17,11,0,0
2023,12,17,11,15,0
2023,12,17,11,30,0
2023,12,17,11,45,0
2023,12,17,12,0,0
2023,12,17,12,15,0
2023,12,17,12,30,0
2023,12,17,12,45,0
2023,12,17,13,0,0
2023,12,17,13,15,0
2023,12,17,13,30,0
2023,12,17,13,45,0
2023,12,17,14,0,0
2023,12,17,14,15,0
2023,12,17,14,30,0
2023,12,17,14,45,0
2023,12,17,15,0,16
2023,12,17,15,15,35
2023,12,17,15,30,51
2023,12,17,15,45,104
2023,12,17,16,0,115
2023,12,17,16,15,133
2023,12,17,16,30,187
2023,12,17,16,45,227
2023,12,17,17,0,246
2023,12,17,17,15,265
2023,12,17,17,30,298
2023,12,17,17,45,321
2023,12,17,18,0,269
2023,12,17,18,15,251
2023,12,17,18,30,315
2023,12,17,18,45,411
2023,12,17,19,0,491
2023,12,17,19,15,420
2023,12,17,19,30,425
2023,12,17,19,45,424
2023,12,17,20,0,368
2023,12,17,20,15,451
2023,12,17,20,30,447
2023,12,17,20,45,399
2023,12,17,21,0,379
2023,12,17,21,15,341
2023,12,17,21,30,351
2023,12,17,21,45,319
2023,12,17,22,0,237
2023,12,17,22,15,321
2023,12,17,22,30,267
2023,12,17,22,45,177
2023,12,17,23,0,203
2023,12,17,23,15,138
2023,12,17,23,30,136
2023,12,17,23,45,71
2023,12,18,0,0,54
2023,12,18,0,15,12
2023,12,18,0,30,0
2023,12,18,0,45,0
2023,12,18,1,0,0
2023,12,18,1,15,0
2023,12,18,1,30,0
2023,12,18,1,45,0
2023,12,18,2,0,0
2023,12,18,2,15,0
2023,12,18,2,30,0
2023,12,18,2,45,0
2023,12,18,3,0,0
2023,12,18,3,15,0
2023,12,18,3,30,0
2023,12,18,3,45,0
2023,12,18,4,0,0
2023,12,18,4,15,0
2023,12,18,4,30,0
2023,12,18,4,45,0
2023,12,18,5,0,0
2023,12,18,5,15,0
2023,12,18,5,30,0
2023,12,18,5,45,0
2023,12,18,6,0,0
2023,12,18,6,15,0
2023,12,18,6,30,0
2023,12,18,6,45,0
2023,12,18,7,0,0
2023,12,18,7,15,0
2023,12,18,7,30,0
2023,12,18,7,45,0
2023,12,18,8,0,0
2023,12,18,8,15,0
2023,12,18,8,30,0
2023,12,18,8,45,0
2023,12,18,9,0,0
2023,12,18,9,15,0
2023,12,18,9,30,0
2023,12,18,9,45,0
2023,12,18,10,0,0
2023,12,18,10,15,0
2023,12,18,10,30,0
2023,12,18,10,45,0
2023,12,18,11,0,0
2023,12,18,11,15,0
2023,12,18,11,30,0
2023,12,18,11,45,0
2023,12,18,12,0,0
2023,12,18,12,15,0
2023,12,18,12,30,0
2023,12,18,12,45,0
2023,12,18,13,0,0
2023,12,18,13,15,0
2023,12,18,13,30,0
2023,12,18,13,45,0
2023,12,18,14,0,0
2023,12,18,14,15,0
2023,12,18,14,30,0
2023,12,18,14,45,0
2023,12,18,15,0,15
2023,12,18,15,15,34
2023,12,18,15,30,57
2023,12,18,15,45,49
2023,12,18,16,0,86
2023,12,18,16,15,108
2023,12,18,16,30,183
2023,12,18,16,45,226
2023,12,18,17,0,141
2023,12,18,17,15,225
2023,12,18,17,30,259
2023,12,18,17,45,418
2023,12,18,18,0,351
2023,12,18,18,15,353
2023,12,18,18,30,505
2023,12,18,18,45,517
2023,12,18,19,0,529
2023,12,18,19,15,536
2023,12,18,19,30,540
2023,12,18,19,45,453
2023,12,18,20,0,386
2023,12,18,20,15,417
2023,12,18,20,30,335
2023,12,18,20,45,470
2023,12,18,21,0,319
2023,12,18,21,15,368
2023,12,18,21,30,364
2023,12,18,21,45,217
2023,12,18,22,0,112
2023,12,18,22,15,319
2023,12,18,22,30,179
2023,12,18,22,45,147
2023,12,18,23,0,172
2023,12,18,23,15,133
2023,12,18,23,30,26
2023,12,18,23,45,32
2023,12,19,0,0,35
2023,12,19,0,15,11
2023,12,19,0,30,0
2023,12,19,0,45,0
2023,12,19,1,0,0
2023,12,19,1,15,0
2023,12,19,1,30,0
2023,12,19,1,45,0
2023,12,19,2,0,0
2023,12,19,2,15,0
2023,12,19,2,30,0
2023,12,19,2,45,0
2023,12,19,3,0,0
2023,12,19,3,15,0
2023,12,19,3,30,0
2023,12,19,3,45,0
2023,12,19,4,0,0
2023,12,19,4,15,0
2023,12,19,4,30,0
2023,12,19,4,45,0
2023,12,19,5,0,0
2023,12,19,5,15,0
2023,12,19,5,30,0
2023,12,19,5,45,0
2023,12,19,6,0,0
2023,12,19,6,15,0
2023,12,19,6,30,0
2023,12,19,6,45,0
2023,12,19,7,0,0
2023,12,19,7,15,0
2023,12,19,7,30,0
2023,12,19,7,45,0
2023,12,19,8,0,0
2023,12,19,8,15,0
2023,12,19,8,30,0
2023,12,19,8,45,0
2023,12,19,9,0,0
2023,12,19,9,15,0
2023,12,19,9,30,0
2023,12,19,9,45,0
2023,12,19,10,0,0
2023,12,19,10,15,0
2023,12,19,10,30,0
2023,12,19,10,45,0
2023,12,19,11,0,0
2023,12,19,11,15,0
2023,12,19,11,30,0
2023,12,19,11,45,0
2023,12,19,12,0,0
2023,12,19,12,15,0
2023,12,19,12,30,0
2023,12,19,12,45,0
2023,12,19,13,0,0
2023,12,19,13,15,0
2023,12,19,13,30,0
2023,12,19,13,45,0
2023,12,19,14,0,0
2023,12,19,14,15,0
2023,12,19,14,30,0
2023,12,19,14,45,0
2023,12,19,15,0,14
2023,12,19,15,15,31
2023,12,19,15,30,46
2023,12,19,15,45,66
2023,12,19,16,0,131
2023,12,19,16,15,174
2023,12,19,16,30,161
2023,12,19,16,45,164
2023,12,19,17,0,185
2023,12,19,17,15,254
2023,12,19,17,30,265
2023,12,19,17,45,281
2023,12,19,18,0,318
2023,12,19,18,15,256
2023,12,19,18,30,258
2023,12,19,18,45,408
2023,12,19,19,0,391
2023,12,19,19,15,410
2023,12,19,19,30,403
2023,12,19,19,45,402
2023,12,19,20,0,399
2023,12,19,20,15,368
2023,12,19,20,30,358
2023,12,19,20,45,295
2023,12,19,21,0,344
2023,12,19,21,15,327
2023,12,19,21,30,255
2023,12,19,21,45,299
2023,12,19,22,0,309
2023,12,19,22,15,285
2023,12,19,22,30,228
2023,12,19,22,45,212
2023,12,19,23,0,172
2023,12,19,23,15,137
2023,12,19,23,30,109
2023,12,19,23,45,84
2023,12,20,0,0,48
2023,12,20,0,15,19
2023,12,20,0,30,0
2023,12,20,0,45,0
2023,12,20,1,0,0
2023,12,20,1,15,0
2023,12,20,1,30,0
2023,12,20,1,45,0
2023,12,20,2,0,0
2023,12,20,2,15,0
2023,12,20,2,30,0
2023,12,20,2,45,0
2023,12,20,3,0,0
2023,12,20,3,15,0
2023,12,20,3,30,0
2023,12,20,3,45,0
2023,12,20,4,0,0
2023,12,20,4,15,0
2023,12,20,4,30,0
2023,12,20,4,45,0
2023,12,20,5,0,0
2023,12,20,5,15,0
2023,12,20,5,30,0
2023,12,20,5,45,0
2023,12,20,6,0,0
2023,12,20,6,15,0
2023,12,20,6,30,0
2023,12,20,6,45,0
2023,12,20,7,0,0
2023,12,20,7,15,0
2023,12,20,7,30,0
2023,12,20,7,45,0
2023,12,20,8,0,0
2023,12,20,8,15,0
2023,12,20,8,30,0
2023,12,20,8,45,0
2023,12,20,9,0,0
2023,12,20,9,15,0
2023,12,20,9,30,0
2023,12,20,9,45,0
2023,12,20,10,0,0
2023,12,20,10,15,0
2023,12,20,10,30,0
2023,12,20,10,45,0
2023,12,20,11,0,0
2023,12,20,11,15,0
2023,12,20,11,30,0
2023,12,20,11,45,0
2023,12,20,12,0,0
2023,12,20,12,15,0
2023,12,20,12,30,0
2023,12,20,12,45,0
2023,12,20,13,0,0
2023,12,20,13,15,0
2023,12,20,13,30,0
2023,12,20,13,45,0
2023,12,20,14,0,0
2023,12,20,14,15,0
2023,12,20,14,30,0
2023,12,20,14,45,0
2023,12,20,15,0,20
2023,12,20,15,15,50
2023,12,20,15,30,21
2023,12,20,15,45,4
2023,12,20,16,0,6
2023,12,20,16,15,65
2023,12,20,16,30,249
2023,12,20,16,45,288
2023,12,20,17,0,325
2023,12,20,17,15,359
2023,12,20,17,30,390
2023,12,20,17,45,420
2023,12,20,18,0,445
2023,12,20,18,15,467
2023,12,20,18,30,488
2023,12,20,18,45,503
2023,12,20,19,0,514
2023,12,20,19,15,522
2023,12,20,19,30,526
2023,12,20,19,45,526
2023,12,20,20,0,522
2023,12,20,20,15,515
2023,12,20,20,30,503
2023,12,20,20,45,488
2023,12,20,21,0,469
2023,12,20,21,15,447
2023,12,20,21,30,422
2023,12,20,21,45,392
2023,12,20,22,0,361
2023,12,20,22,15,327
2023,12,20,22,30,290
2023,12,20,22,45,250
2023,12,20,23,0,209
2023,12,20,23,15,158
2023,12,20,23,30,107
2023,12,20,23,45,58
2023,12,21,0,0,33
2023,12,21,0,15,13
2023,12,21,0,30,0
2023,12,21,0,45,0
2023,12,21,1,0,0
2023,12,21,1,15,0
2023,12,21,1,30,0
2023,12,21,1,45,0
2023,12,21,2,0,0
2023,12,21,2,15,0
2023,12,21,2,30,0
2023,12,21,2,45,0
2023,12,21,3,0,0
2023,12,21,3,15,0
2023,12,21,3,30,0
2023,12,21,3,45,0
2023,12,21,4,0,0
2023,12,21,4,15,0
2023,12,21,4,30,0
2023,12,21,4,45,0
2023,12,21,5,0,0
2023,12,21,5,15,0
2023,12,21,5,30,0
2023,12,21,5,45,0
2023,12,21,6,0,0
2023,12,21,6,15,0
2023,12,21,6,30,0
2023,12,21,6,45,0
2023,12,21,7,0,0
2023,12,21,7,15,0
2023,12,21,7,30,0
2023,12,21,7,45,0
2023,12,21,8,0,0
2023,12,21,8,15,0
2023,12,21,8,30,0
2023,12,21,8,45,0
2023,12,21,9,0,0
2023,12,21,9,15,0
2023,12,21,9,30,0
2023,12,21,9,45,0
2023,12,21,10,0,0
2023,12,21,10,15,0
2023,12,21,10,30,0
2023,12,21,10,45,0
2023,12,21,11,0,0
2023,12,21,11,15,0
2023,12,21,11,30,0
2023,12,21,11,45,0
2023,12,21,12,0,0
2023,12,21,12,15,0
2023,12,21,12,30,0
2023,12,21,12,45,0
2023,12,21,13,0,0
2023,12,21,13,15,0
2023,12,21,13,30,0
2023,12,21,13,45,0
2023,12,21,14,0,0
2023,12,21,14,15,0
2023,12,21,14,30,0
2023,12,21,14,45,0
2023,12,21,15,0,12
2023,12,21,15,15,30
2023,12,21,15,30,56
2023,12,21,15,45,75
2023,12,21,16,0,143
2023,12,21,16,15,194
2023,12,21,16,30,223
2023,12,21,16,45,254
2023,12,21,17,0,285
2023,12,21,17,15,323
2023,12,21,17,30,345
2023,12,21,17,45,309
2023,12,21,18,0,398
2023,12,21,18,15,422
2023,12,21,18,30,424
2023,12,21,18,45,422
2023,12,21,19,0,441
2023,12,21,19,15,436
2023,12,21,19,30,454
2023,12,21,19,45,421
2023,12,21,20,0,434
2023,12,21,20,15,388
2023,12,21,20,30,403
2023,12,21,20,45,412
2023,12,21,21,0,361
2023,12,21,21,15,334
2023,12,21,21,30,284
2023,12,21,21,45,280
2023,12,21,22,0,297
2023,12,21,22,15,258
2023,12,21,22,30,224
2023,12,21,22,45,209
2023,12,21,23,0,161
2023,12,21,23,15,97
2023,12,21,23,30,99
2023,12,21,23,45,55
2023,12,22,0,0,32
2023,12,22,0,15,11
2023,12,22,0,30,0
2023,12,22,0,45,0
2023,12,22,1,0,0
2023,12,22,1,15,0
2023,12,22,1,30,0
2023,12,22,1,45,0
2023,12,22,2,0,0
2023,12,22,2,15,0
2023,12,22,2,30,0
2023,12,22,2,45,0
2023,12,22,3,0,0
2023,12,22,3,15,0
2023,12,22,3,30,0
2023,12,22,3,45,0
2023,12,22,4,0,0
2023,12,22,4,15,0
2023,12,22,4,30,0
2023,12,22,4,45,0
2023,12,22,5,0,0
2023,12,22,5,15,0
2023,12,22,5,30,0
2023,12,22,5,45,0
2023,12,22,6,0,0
2023,12,22,6,15,0
2023,12,22,6,30,0
2023,12,22,6,45,0
2023,12,22,7,0,0
2023,12,22,7,15,0
2023,12,22,7,30,0
2023,12,22,7,45,0
2023,12,22,8,0,0
2023,12,22,8,15,0
2023,12,22,8,30,0
2023,12,22,8,45,0
2023,12,22,9,0,0
2023,12,22,9,15,0
2023,12,22,9,30,0
2023,12,22,9,45,0
2023,12,22,10,0,0
2023,12,22,10,15,0
2023,12,22,10,30,0
2023,12,22,10,45,0
2023,12,22,11,0,0
2023,12,22,11,15,0
2023,12,22,11,30,0
2023,12,22,11,45,0
2023,12,22,12,0,0
2023,12,22,12,15,0
2023,12,22,12,30,0
2023,12,22,12,45,0
2023,12,22,13,0,0
2023,12,22,13,15,0
2023,12,22,13,30,0
2023,12,22,13,45,0
2023,12,22,14,0,0
2023,12,22,14,15,0
2023,12,22,14,30,0
2023,12,22,14,45,0
2023,12,22,15,0,9
2023,12,22,15,15,25
2023,12,22,15,30,42
2023,12,22,15,45,86
2023,12,22,16,0,93
2023,12,22,16,15,74
2023,12,22,16,30,70
2023,12,22,16,45,57
2023,12,22,17,0,49
2023,12,22,17,15,42
2023,12,22,17,30,56
2023,12,22,17,45,61
2023,12,22,18,0,100
2023,12,22,18,15,121
2023,12,22,18,30,111
2023,12,22,18,45,76
2023,12,22,19,0,73
2023,12,22,19,15,45
2023,12,22,19,30,96
2023,12,22,19,45,119
2023,12,22,20,0,76
2023,12,22,20,15,10
2023,12,22,20,30,10
2023,12,22,20,45,9
2023,12,22,21,0,9
2023,12,22,21,15,114
2023,12,22,21,30,143
2023,12,22,21,45,93
2023,12,22,22,0,75
2023,12,22,22,15,54
2023,12,22,22,30,43
2023,12,22,22,45,29
2023,12,22,23,0,38
2023,12,22,23,15,32
2023,12,22,23,30,3
2023,12,22,23,45,17
2023,12,23,0,0,14
2023,12,23,0,15,12
2023,12,23,0,30,0
2023,12,23,0,45,0
2023,12,23,1,0,0
2023,12,23,1,15,0
2023,12,23,1,30,0
2023,12,23,1,45,0
2023,12,23,2,0,0
2023,12,23,2,15,0
2023,12,23,2,30,0
2023,12,23,2,45,0
2023,12,23,3,0,0
2023,12,23,3,15,0
2023,12,23,3,30,0
2023,12,23,3,45,0
2023,12,23,4,0,0
2023,12,23,4,15,0
2023,12,23,4,30,0
2023,12,23,4,45,0
2023,12,23,5,0,0
2023,12,23,5,15,0
2023,12,23,5,30,0
2023,12,23,5,45,0
2023,12,23,6,0,0
2023,12,23,6,15,0
2023,12,23,6,30,0
2023,12,23,6,45,0
2023,12,23,7,0,0
2023,12,23,7,15,0
2023,12,23,7,30,0
2023,12,23,7,45,0
2023,12,23,8,0,0
2023,12,23,8,15,0
2023,12,23,8,30,0
2023,12,23,8,45,0
2023,12,23,9,0,0
2023,12,23,9,15,0
2023,12,23,9,30,0
2023,12,23,9,45,0
2023,12,23,10,0,0
2023,12,23,10,15,0
2023,12,23,10,30,0
2023,12,23,10,45,0
2023,12,23,11,0,0
2023,12,23,11,15,0
2023,12,23,11,30,0
2023,12,23,11,45,0
2023,12,23,12,0,0
2023,12,23,12,15,0
2023,12,23,12,30,0
2023,12,23,12,45,0
2023,12,23,13,0,0
2023,12,23,13,15,0
2023,12,23,13,30,0
2023,12,23,13,45,0
2023,12,23,14,0,0
2023,12,23,14,15,0
2023,12,23,14,30,0
2023,12,23,14,45,0
2023,12,23,15,0,19
2023,12,23,15,15,48
2023,12,23,15,30,85
2023,12,23,15,45,126
2023,12,23,16,0,168
2023,12,23,16,15,209
2023,12,23,16,30,250
2023,12,23,16,45,290
2023,12,23,17,0,329
2023,12,23,17,15,363
2023,12,23,17,30,396
2023,12,23,17,45,427
2023,12,23,18,0,455
2023,12,23,18,15,477
2023,12,23,18,30,497
2023,12,23,18,45,513
2023,12,23,19,0,527
2023,12,23,19,15,535
2023,12,23,19,30,539
2023,12,23,19,45,542
2023,12,23,20,0,539
2023,12,23,20,15,531
2023,12,23,20,30,523
2023,12,23,20,45,507
2023,12,23,21,0,488
2023,12,23,21,15,466
2023,12,23,21,30,443
2023,12,23,21,45,414
2023,12,23,22,0,381
2023,12,23,22,15,346
2023,12,23,22,30,309
2023,12,23,22,45,269
2023,12,23,23,0,229
2023,12,23,23,15,186
2023,12,23,23,30,143
2023,12,23,23,45,101
2023,12,24,0,0,60
2023,12,24,0,15,26
2023,12,24,0,30,0
2023,12,24,0,45,0
2023,12,24,1,0,0
2023,12,24,1,15,0
2023,12,24,1,30,0
2023,12,24,1,45,0
2023,12,24,2,0,0
2023,12,24,2,15,0
2023,12,24,2,30,0
2023,12,24,2,45,0
2023,12,24,3,0,0
2023,12,24,3,15,0
2023,12,24,3,30,0
2023,12,24,3,45,0
2023,12,24,4,0,0
2023,12,24,4,15,0
2023,12,24,4,30,0
2023,12,24,4,45,0
2023,12,24,5,0,0
2023,12,24,5,15,0
2023,12,24,5,30,0
2023,12,24,5,45,0
2023,12,24,6,0,0
2023,12,24,6,15,0
2023,12,24,6,30,0
2023,12,24,6,45,0
2023,12,24,7,0,0
2023,12,24,7,15,0
2023,12,24,7,30,0
2023,12,24,7,45,0
2023,12,24,8,0,0
2023,12,24,8,15,0
2023,12,24,8,30,0
2023,12,24,8,45,0
2023,12,24,9,0,0
2023,12,24,9,15,0
2023,12,24,9,30,0
2023,12,24,9,45,0
2023,12,24,10,0,0
2023,12,24,10,15,0
2023,12,24,10,30,0
2023,12,24,10,45,0
2023,12,24,11,0,0
2023,12,24,11,15,0
2023,12,24,11,30,0
2023,12,24,11,45,0
2023,12,24,12,0,0
2023,12,24,12,15,0
2023,12,24,12,30,0
2023,12,24,12,45,0
2023,12,24,13,0,0
2023,12,24,13,15,0
2023,12,24,13,30,0
2023,12,24,13,45,0
2023,12,24,14,0,0
2023,12,24,14,15,0
2023,12,24,14,30,0
2023,12,24,14,45,0
2023,12,24,15,0,21
2023,12,24,15,15,54
2023,12,24,15,30,93
2023,12,24,15,45,136
2023,12,24,16,0,179
2023,12,24,16,15,223
2023,12,24,16,30,265
2023,12,24,16,45,305
2023,12,24,17,0,344
2023,12,24,17,15,380
2023,12,24,17,30,413
2023,12,24,17,45,443
2023,12,24,18,0,470
2023,12,24,18,15,494
2023,12,24,18,30,513
2023,12,24,18,45,530
2023,12,24,19,0,542
2023,12,24,19,15,550
2023,12,24,19,30,555
2023,12,24,19,45,556
2023,12,24,20,0,552
2023,12,24,20,15,545
2023,12,24,20,30,534
2023,12,24,20,45,518
2023,12,24,21,0,499
2023,12,24,21,15,477
2023,12,24,21,30,450
2023,12,24,21,45,421
2023,12,24,22,0,388
2023,12,24,22,15,353
2023,12,24,22,30,315
2023,12,24,22,45,275
2023,12,24,23,0,233
2023,12,24,23,15,189
2023,12,24,23,30,146
2023,12,24,23,45,103
2023,12,25,0,0,62
2023,12,25,0,15,27
2023,12,25,0,30,0
2023,12,25,0,45,0
2023,12,25,1,0,0
2023,12,25,1,15,0
2023,12,25,1,30,0
2023,12,25,1,45,0
2023,12,25,2,0,0
2023,12,25,2,15,0
2023,12,25,2,30,0
2023,12,25,2,45,0
2023,12,25,3,0,0
2023,12,25,3,15,0
2023,12,25,3,30,0
2023,12,25,3,45,0
2023,12,25,4,0,0
2023,12,25,4,15,0
2023,12,25,4,30,0
2023,12,25,4,45,0
2023,12,25,5,0,0
2023,12,25,5,15,0
2023,12,25,5,30,0
2023,12,25,5,45,0
2023,12,25,6,0,0
2023,12,25,6,15,0
2023,12,25,6,30,0
2023,12,25,6,45,0
2023,12,25,7,0,0
2023,12,25,7,15,0
2023,12,25,7,30,0
2023,12,25,7,45,0
2023,12,25,8,0,0
2023,12,25,8,15,0
2023,12,25,8,30,0
2023,12,25,8,45,0
2023,12,25,9,0,0
2023,12,25,9,15,0
2023,12,25,9,30,0
2023,12,25,9,45,0
2023,12,25,10,0,0
2023,12,25,10,15,0
2023,12,25,10,30,0
2023,12,25,10,45,0
2023,12,25,11,0,0
2023,12,25,11,15,0
2023,12,25,11,30,0
2023,12,25,11,45,0
2023,12,25,12,0,0
2023,12,25,12,15,0
2023,12,25,12,30,0
2023,12,25,12,45,0
2023,12,25,13,0,0
2023,12,25,13,15,0
2023,12,25,13,30,0
2023,12,25,13,45,0
2023,12,25,14,0,0
2023,12,25,14,15,0
2023,12,25,14,30,0
2023,12,25,14,45,0
2023,12,25,15,0,7
2023,12,25,15,15,21
2023,12,25,15,30,51
2023,12,25,15,45,66
2023,12,25,16,0,52
2023,12,25,16,15,113
2023,12,25,16,30,253
2023,12,25,16,45,293
2023,12,25,17,0,247
2023,12,25,17,15,366
2023,12,25,17,30,398
2023,12,25,17,45,427
2023,12,25,18,0,454
2023,12,25,18,15,383
2023,12,25,18,30,423
2023,12,25,18,45,437
2023,12,25,19,0,440
2023,12,25,19,15,431
2023,12,25,19,30,458
2023,12,25,19,45,536
2023,12,25,20,0,533
2023,12,25,20,15,526
2023,12,25,20,30,515
2023,12,25,20,45,500
2023,12,25,21,0,482
2023,12,25,21,15,460
2023,12,25,21,30,434
2023,12,25,21,45,406
2023,12,25,22,0,374
2023,12,25,22,15,340
2023,12,25,22,30,303
2023,12,25,22,45,264
2023,12,25,23,0,224
2023,12,25,23,15,183
2023,12,25,23,30,141
2023,12,25,23,45,99
2023,12,26,0,0,60
2023,12,26,0,15,27
2023,12,26,0,30,0
2023,12,26,0,45,0
2023,12,26,1,0,0
2023,12,26,1,15,0
2023,12,26,1,30,0
2023,12,26,1,45,0
2023,12,26,2,0,0
2023,12,26,2,15,0
2023,12,26,2,30,0
2023,12,26,2,45,0
2023,12,26,3,0,0
2023,12,26,3,15,0
2023,12,26,3,30,0
2023,12,26,3,45,0
2023,12,26,4,0,0
2023,12,26,4,15,0
2023,12,26,4,30,0
2023,12,26,4,45,0
2023,12,26,5,0,0
2023,12,26,5,15,0
2023,12,26,5,30,0
2023,12,26,5,45,0
2023,12,26,6,0,0
2023,12,26,6,15,0
2023,12,26,6,30,0
2023,12,26,6,45,0
2023,12,26,7,0,0
2023,12,26,7,15,0
2023,12,26,7,30,0
2023,12,26,7,45,0
2023,12,26,8,0,0
2023,12,26,8,15,0
2023,12,26,8,30,0
2023,12,26,8,45,0
2023,12,26,9,0,0
2023,12,26,9,15,0
2023,12,26,9,30,0
2023,12,26,9,45,0
2023,12,26,10,0,0
2023,12,26,10,15,0
2023,12,26,10,30,0
2023,12,26,10,45,0
2023,12,26,11,0,0
2023,12,26,11,15,0
2023,12,26,11,30,0
2023,12,26,11,45,0
2023,12,26,12,0,0
2023,12,26,12,15,0
2023,12,26,12,30,0
2023,12,26,12,45,0
2023,12,26,13,0,0
2023,12,26,13,15,0
2023,12,26,13,30,0
2023,12,26,13,45,0
2023,12,26,14,0,0
2023,12,26,14,15,0
2023,12,26,14,30,0
2023,12,26,14,45,0
2023,12,26,15,0,7
2023,12,26,15,15,49
2023,12,26,15,30,87
2023,12,26,15,45,116
2023,12,26,16,0,126
2023,12,26,16,15,179
2023,12,26,16,30,254
2023,12,26,16,45,254
2023,12,26,17,0,273
2023,12,26,17,15,280
2023,12,26,17,30,347
2023,12,26,17,45,253
2023,12,26,18,0,313
2023,12,26,18,15,420
2023,12,26,18,30,442
2023,12,26,18,45,305
2023,12,26,19,0,433
2023,12,26,19,15,533
2023,12,26,19,30,538
2023,12,26,19,45,539
2023,12,26,20,0,536
2023,12,26,20,15,381
2023,12,26,20,30,518
2023,12,26,20,45,504
2023,12,26,21,0,485
2023,12,26,21,15,463
2023,12,26,21,30,438
2023,12,26,21,45,409
2023,12,26,22,0,378
2023,12,26,22,15,344
2023,12,26,22,30,213
2023,12,26,22,45,268
2023,12,26,23,0,227
2023,12,26,23,15,103
2023,12,26,23,30,123
2023,12,26,23,45,85
2023,12,27,0,0,50
2023,12,27,0,15,28
2023,12,27,0,30,0
2023,12,27,0,45,0
2023,12,27,1,0,0
2023,12,27,1,15,0
2023,12,27,1,30,0
2023,12,27,1,45,0
2023,12,27,2,0,0
2023,12,27,2,15,0
2023,12,27,2,30,0
2023,12,27,2,45,0
2023,12,27,3,0,0
2023,12,27,3,15,0
2023,12,27,3,30,0
2023,12,27,3,45,0
2023,12,27,4,0,0
2023,12,27,4,15,0
2023,12,27,4,30,0
2023,12,27,4,45,0
2023,12,27,5,0,0
2023,12,27,5,15,0
2023,12,27,5,30,0
2023,12,27,5,45,0
2023,12,27,6,0,0
2023,12,27,6,15,0
2023,12,27,6,30,0
2023,12,27,6,45,0
2023,12,27,7,0,0
2023,12,27,7,15,0
2023,12,27,7,30,0
2023,12,27,7,45,0
2023,12,27,8,0,0
2023,12,27,8,15,0
2023,12,27,8,30,0
2023,12,27,8,45,0
2023,12,27,9,0,0
2023,12,27,9,15,0
2023,12,27,9,30,0
2023,12,27,9,45,0
2023,12,27,10,0,0
2023,12,27,10,15,0
2023,12,27,10,30,0
2023,12,27,10,45,0
2023,12,27,11,0,0
2023,12,27,11,15,0
2023,12,27,11,30,0
2023,12,27,11,45,0
2023,12,27,12,0,0
2023,12,27,12,15,0
2023,12,27,12,30,0
2023,12,27,12,45,0
2023,12,27,13,0,0
2023,12,27,13,15,0
2023,12,27,13,30,0
2023,12,27,13,45,0
2023,12,27,14,0,0
2023,12,27,14,15,0
2023,12,27,14,30,0
2023,12,27,14,45,0
2023,12,27,15,0,9
2023,12,27,15,15,23
2023,12,27,15,30,31
2023,12,27,15,45,75
2023,12,27,16,0,87
2023,12,27,16,15,132
2023,12,27,16,30,192
2023,12,27,16,45,161
2023,12,27,17,0,215
2023,12,27,17,15,177
2023,12,27,17,30,157
2023,12,27,17,45,169
2023,12,27,18,0,228
2023,12,27,18,15,257
2023,12,27,18,30,302
2023,12,27,18,45,365
2023,12,27,19,0,339
2023,12,27,19,15,378
2023,12,27,19,30,407
2023,12,27,19,45,412
2023,12,27,20,0,391
2023,12,27,20,15,431
2023,12,27,20,30,370
2023,12,27,20,45,335
2023,12,27,21,0,395
2023,12,27,21,15,434
2023,12,27,21,30,421
2023,12,27,21,45,345
2023,12,27,22,0,291
2023,12,27,22,15,237
2023,12,27,22,30,179
2023,12,27,22,45,164
2023,12,27,23,0,118
2023,12,27,23,15,156
2023,12,27,23,30,109
2023,12,27,23,45,76
2023,12,28,0,0,42
2023,12,28,0,15,20
2023,12,28,0,30,0
2023,12,28,0,45,0
2023,12,28,1,0,0
2023,12,28,1,15,0
2023,12,28,1,30,0
2023,12,28,1,45,0
2023,12,28,2,0,0
2023,12,28,2,15,0
2023,12,28,2,30,0
2023,12,28,2,45,0
2023,12,28,3,0,0
2023,12,28,3,15,0
2023,12,28,3,30,0
2023,12,28,3,45,0
2023,12,28,4,0,0
2023,12,28,4,15,0
2023,12,28,4,30,0
2023,12,28,4,45,0
2023,12,28,5,0,0
2023,12,28,5,15,0
2023,12,28,5,30,0
2023,12,28,5,45,0
2023,12,28,6,0,0
2023,12,28,6,15,0
2023,12,28,6,30,0
2023,12,28,6,45,0
2023,12,28,7,0,0
2023,12,28,7,15,0
2023,12,28,7,30,0
2023,12,28,7,45,0
2023,12,28,8,0,0
2023,12,28,8,15,0
2023,12,28,8,30,0
2023,12,28,8,45,0
2023,12,28,9,0,0
2023,12,28,9,15,0
2023,12,28,9,30,0
2023,12,28,9,45,0
2023,12,28,10,0,0
2023,12,28,10,15,0
2023,12,28,10,30,0
2023,12,28,10,45,0
2023,12,28,11,0,0
2023,12,28,11,15,0
2023,12,28,11,30,0
2023,12,28,11,45,0
2023,12,28,12,0,0
2023,12,28,12,15,0
2023,12,28,12,30,0
2023,12,28,12,45,0
2023,12,28,13,0,0
2023,12,28,13,15,0
2023,12,28,13,30,0
2023,12,28,13,45,0
2023,12,28,14,0,0
2023,12,28,14,15,0
2023,12,28,14,30,0
2023,12,28,14,45,0
2023,12,28,15,0,18
2023,12,28,15,15,48
2023,12,28,15,30,86
2023,12,28,15,45,127
2023,12,28,16,0,170
2023,12,28,16,15,212
2023,12,28,16,30,254
2023,12,28,16,45,295
2023,12,28,17,0,333
2023,12,28,17,15,368
2023,12,28,17,30,401
2023,12,28,17,45,432
2023,12,28,18,0,459
2023,12,28,18,15,480
2023,12,28,18,30,500
2023,12,28,18,45,516
2023,12,28,19,0,529
2023,12,28,19,15,537
2023,12,28,19,30,542
2023,12,28,19,45,543
2023,12,28,20,0,540
2023,12,28,20,15,533
2023,12,28,20,30,523
2023,12,28,20,45,508
2023,12,28,21,0,490
2023,12,28,21,15,469
2023,12,28,21,30,444
2023,12,28,21,45,415
2023,12,28,22,0,384
2023,12,28,22,15,349
2023,12,28,22,30,313
2023,12,28,22,45,273
2023,12,28,23,0,234
2023,12,28,23,15,191
2023,12,28,23,30,149
2023,12,28,23,45,106
2023,12,29,0,0,66
2023,12,29,0,15,31
2023,12,29,0,30,0
2023,12,29,0,45,0
2023,12,29,1,0,0
2023,12,29,1,15,0
2023,12,29,1,30,0
2023,12,29,1,45,0
2023,12,29,2,0,0
2023,12,29,2,15,0
2023,12,29,2,30,0
2023,12,29,2,45,0
2023,12,29,3,0,0
2023,12,29,3,15,0
2023,12,29,3,30,0
2023,12,29,3,45,0
2023,12,29,4,0,0
2023,12,29,4,15,0
2023,12,29,4,30,0
2023,12,29,4,45,0
2023,12,29,5,0,0
2023,12,29,5,15,0
2023,12,29,5,30,0
2023,12,29,5,45,0
2023,12,29,6,0,0
2023,12,29,6,15,0
2023,12,29,6,30,0
2023,12,29,6,45,0
2023,12,29,7,0,0
2023,12,29,7,15,0
2023,12,29,7,30,0
2023,12,29,7,45,0
2023,12,29,8,0,0
2023,12,29,8,15,0
2023,12,29,8,30,0
2023,12,29,8,45,0
2023,12,29,9,0,0
2023,12,29,9,15,0
2023,12,29,9,30,0
2023,12,29,9,45,0
2023,12,29,10,0,0
2023,12,29,10,15,0
2023,12,29,10,30,0
2023,12,29,10,45,0
2023,12,29,11,0,0
2023,12,29,11,15,0
2023,12,29,11,30,0
2023,12,29,11,45,0
2023,12,29,12,0,0
2023,12,29,12,15,0
2023,12,29,12,30,0
2023,12,29,12,45,0
2023,12,29,13,0,0
2023,12,29,13,15,0
2023,12,29,13,30,0
2023,12,29,13,45,0
2023,12,29,14,0,0
2023,12,29,14,15,0
2023,12,29,14,30,0
2023,12,29,14,45,0
2023,12,29,15,0,9
2023,12,29,15,15,47
2023,12,29,15,30,84
2023,12,29,15,45,126
2023,12,29,16,0,168
2023,12,29,16,15,211
2023,12,29,16,30,155
2023,12,29,16,45,293
2023,12,29,17,0,293
2023,12,29,17,15,327
2023,12,29,17,30,400
2023,12,29,17,45,285
2023,12,29,18,0,339
2023,12,29,18,15,479
2023,12,29,18,30,450
2023,12,29,18,45,378
2023,12,29,19,0,528
2023,12,29,19,15,537
2023,12,29,19,30,457
2023,12,29,19,45,543
2023,12,29,20,0,388
2023,12,29,20,15,531
2023,12,29,20,30,521
2023,12,29,20,45,506
2023,12,29,21,0,488
2023,12,29,21,15,466
2023,12,29,21,30,441
2023,12,29,21,45,413
2023,12,29,22,0,381
2023,12,29,22,15,347
2023,12,29,22,30,311
2023,12,29,22,45,272
2023,12,29,23,0,231
2023,12,29,23,15,189
2023,12,29,23,30,147
2023,12,29,23,45,105
2023,12,30,0,0,66
2023,12,30,0,15,32
2023,12,30,0,30,0
2023,12,30,0,45,0
2023,12,30,1,0,0
2023,12,30,1,15,0
2023,12,30,1,30,0
2023,12,30,1,45,0
2023,12,30,2,0,0
2023,12,30,2,15,0
2023,12,30,2,30,0
2023,12,30,2,45,0
2023,12,30,3,0,0
2023,12,30,3,15,0
2023,12,30,3,30,0
2023,12,30,3,45,0
2023,12,30,4,0,0
2023,12,30,4,15,0
2023,12,30,4,30,0
2023,12,30,4,45,0
2023,12,30,5,0,0
2023,12,30,5,15,0
2023,12,30,5,30,0
2023,12,30,5,45,0
2023,12,30,6,0,0
2023,12,30,6,15,0
2023,12,30,6,30,0
2023,12,30,6,45,0
2023,12,30,7,0,0
2023,12,30,7,15,0
2023,12,30,7,30,0
2023,12,30,7,45,0
2023,12,30,8,0,0
2023,12,30,8,15,0
2023,12,30,8,30,0
2023,12,30,8,45,0
2023,12,30,9,0,0
2023,12,30,9,15,0
2023,12,30,9,30,0
2023,12,30,9,45,0
2023,12,30,10,0,0
2023,12,30,10,15,0
2023,12,30,10,30,0
2023,12,30,10,45,0
2023,12,30,11,0,0
2023,12,30,11,15,0
2023,12,30,11,30,0
2023,12,30,11,45,0
2023,12,30,12,0,0
2023,12,30,12,15,0
2023,12,30,12,30,0
2023,12,30,12,45,0
2023,12,30,13,0,0
2023,12,30,13,15,0
2023,12,30,13,30,0
2023,12,30,13,45,0
2023,12,30,14,0,0
2023,12,30,14,15,0
2023,12,30,14,30,0
2023,12,30,14,45,0
2023,12,30,15,0,17
2023,12,30,15,15,48
2023,12,30,15,30,87
2023,12,30,15,45,130
2023,12,30,16,0,174
2023,12,30,16,15,218
2023,12,30,16,30,261
2023,12,30,16,45,303
2023,12,30,17,0,342
2023,12,30,17,15,378
2023,12,30,17,30,412
2023,12,30,17,45,443
2023,12,30,18,0,471
2023,12,30,18,15,495
2023,12,30,18,30,516
2023,12,30,18,45,533
2023,12,30,19,0,546
2023,12,30,19,15,551
2023,12,30,19,30,557
2023,12,30,19,45,558
2023,12,30,20,0,555
2023,12,30,20,15,545
2023,12,30,20,30,534
2023,12,30,20,45,332
2023,12,30,21,0,502
2023,12,30,21,15,477
2023,12,30,21,30,452
2023,12,30,21,45,423
2023,12,30,22,0,391
2023,12,30,22,15,355
2023,12,30,22,30,318
2023,12,30,22,45,278
2023,12,30,23,0,236
2023,12,30,23,15,194
2023,12,30,23,30,78
2023,12,30,23,45,59
2023,12,31,0,0,20
2023,12,31,0,15,11
2023,12,31,0,30,0
2023,12,31,0,45,0
2023,12,31,1,0,0
2023,12,31,1,15,0
2023,12,31,1,30,0
2023,12,31,1,45,0
2023,12,31,2,0,0
2023,12,31,2,15,0
2023,12,31,2,30,0
2023,12,31,2,45,0
2023,12,31,3,0,0
2023,12,31,3,15,0
2023,12,31,3,30,0
2023,12,31,3,45,0
2023,12,31,4,0,0
2023,12,31,4,15,0
2023,12,31,4,30,0
2023,12,31,4,45,0
2023,12,31,5,0,0
2023,12,31,5,15,0
2023,12,31,5,30,0
2023,12,31,5,45,0
2023,12,31,6,0,0
2023,12,31,6,15,0
2023,12,31,6,30,0
2023,12,31,6,45,0
2023,12,31,7,0,0
2023,12,31,7,15,0
2023,12,31,7,30,0
2023,12,31,7,45,0
2023,12,31,8,0,0
2023,12,31,8,15,0
2023,12,31,8,30,0
2023,12,31,8,45,0
2023,12,31,9,0,0
2023,12,31,9,15,0
2023,12,31,9,30,0
2023,12,31,9,45,0
2023,12,31,10,0,0
2023,12,31,10,15,0
2023,12,31,10,30,0
2023,12,31,10,45,0
2023,12,31,11,0,0
2023,12,31,11,15,0
2023,12,31,11,30,0
2023,12,31,11,45,0
2023,12,31,12,0,0
2023,12,31,12,15,0
2023,12,31,12,30,0
2023,12,31,12,45,0
2023,12,31,13,0,0
2023,12,31,13,15,0
2023,12,31,13,30,0
2023,12,31,13,45,0
2023,12,31,14,0,0
2023,12,31,14,15,0
2023,12,31,14,30,0
2023,12,31,14,45,0
2023,12,31,15,0,16
2023,12,31,15,15,45
2023,12,31,15,30,82
2023,12,31,15,45,123
2023,12,31,16,0,165
2023,12,31,16,15,208
2023,12,31,16,30,250
2023,12,31,16,45,183
2023,12,31,17,0,329
2023,12,31,17,15,365
2023,12,31,17,30,398
2023,12,31,17,45,430
2023,12,31,18,0,458
2023,12,31,18,15,435
2023,12,31,18,30,449
2023,12,31,18,45,454
2023,12,31,19,0,459
2023,12,31,19,15,436
2023,12,31,19,30,423
2023,12,31,19,45,428
2023,12,31,20,0,431
2023,12,31,20,15,440
2023,12,31,20,30,424
2023,12,31,20,45,413
2023,12,31,21,0,391
2023,12,31,21,15,364
2023,12,31,21,30,352
2023,12,31,21,45,341
2023,12,31,22,0,321
2023,12,31,22,15,297
2023,12,31,22,30,241
2023,12,31,22,45,210
2023,12,31,23,0,195
2023,12,31,23,15,145
2023,12,31,23,30,128
2023,12,31,23,45,56
